koi_depth,koi_duration,koi_impact,koi_model_snr,koi_max_mult_ev,koi_srad,koi_smass,koi_steff,koi_bin_oedp_sig,koi_disposition
615.8,2.9575,0.146,35.8,28.47082,0.927,0.919,5455.0,0.6864,1
874.8,4.507,0.586,25.8,20.109507,0.927,0.919,5455.0,0.0023,1
8079.2,2.40641,1.276,505.6,541.8951,0.791,0.836,5805.0,0.0,0
603.3,1.6545,0.701,40.9,33.1919,1.046,1.095,6031.0,0.309,1
1517.5,4.5945,0.538,66.5,55.204865,0.972,1.053,6046.0,0.0975,1
686.0,3.1402,0.762,40.2,33.546658,0.972,1.053,6046.0,0.546,1
226.5,2.429,0.755,15.0,12.325094,0.972,1.053,6046.0,0.4352,1
233.7,5.022,1.169,47.7,46.15308,1.958,1.358,6227.0,0.7213,0
4914.3,3.5347,0.052,161.9,137.44981,0.848,0.801,5031.0,0.1819,1
14231.0,1.74319,0.818,4304.3,6468.04,0.964,0.971,5820.0,0.1522,1
6674.7,3.88864,0.224,5945.9,3862.1846,1.952,1.449,6440.0,0.0,1
9145.7,3.19843,0.631,1741.5,1725.5824,1.451,1.132,6225.0,0.6662,1
131.1,2.6302,0.051,50.6,41.28873,1.022,0.974,5833.0,0.605,1
17984.0,3.6399,2.483,622.1,628.3708,0.848,0.938,5795.0,0.154,0
8918.7,12.2155,0.804,214.7,320.90817,0.68,0.657,5043.0,0.806,0
74284.0,4.79843,1.065,2317.0,2174.4263,0.947,1.025,6117.0,0.0003,0
10479.0,9.4378,0.292,303.4,258.8247,0.786,0.741,5152.0,0.0112,0
1288.3,3.2875,0.387,87.2,71.48005,0.696,0.676,4856.0,0.0504,1
1912.7,1.5821,0.258,65.4,52.36939,0.672,0.761,4537.0,1.0,1
397.9,3.6129,0.044,48.2,34.570904,0.819,0.781,4989.0,0.0505,0
831.0,3.0278,0.092,60.6,48.504196,0.91,0.831,5185.0,0.7722,1
363.3,2.5984,0.226,28.9,22.749151,0.91,0.831,5185.0,0.923,1
217.4,3.596,0.025,14.1,9.776852,0.91,0.831,5185.0,0.7742,1
857.2,3.4555,0.896,34.3,24.54073,0.828,0.791,4954.0,0.6183,1
934.7,2.1717,0.71,28.2,24.283327,0.847,0.931,5339.0,0.036,1
750.8,2.875,0.424,61.8,52.913242,0.831,0.928,5644.0,0.4302,1
2211.7,1.5155,0.86,181.1,130.6654,0.831,0.926,5714.0,1.0,0
18091.0,53.412,0.701,642.7,96.96236,0.983,1.03,5520.0,0.0001,0
5123.3,7.633,1.248,85.3,73.10389,1.091,1.093,6144.0,0.8513,0
724.2,5.588,0.468,34.7,31.946487,1.036,0.915,5481.0,0.3889,1
2213.9,4.6297,0.045,51.2,37.877567,0.848,0.801,5031.0,0.1551,1
1036.9,2.5819,0.105,47.1,35.96252,0.848,0.801,5031.0,0.7587,1
1121.9,3.2554,0.799,33.2,31.066507,0.826,0.785,5015.0,0.8555,1
1804.8,4.7971,0.021,80.0,61.372303,0.798,0.844,5586.0,0.6386,1
652.0,6.473,0.606,19.1,14.678595,0.798,0.844,5586.0,0.7668,1
9802.0,2.22739,0.831,696.5,670.4895,1.082,0.976,5712.0,0.0517,1
860.4,3.3827,1.016,48.3,39.745068,0.91,0.889,5550.0,0.3375,0
460.0,3.7362,0.312,29.5,26.501581,0.969,1.048,6075.0,0.1694,1
11766.0,5.2514,0.723,513.4,509.4985,1.063,1.014,6074.0,0.5224,0
601.6,2.9472,0.787,166.7,163.47614,1.087,0.941,5779.0,0.2265,1
2793.1,10.5989,0.355,141.1,124.52492,1.046,0.93,5468.0,0.4776,1
1041.6,2.2514,0.023,43.4,36.34974,0.787,0.862,5592.0,0.5047,1
1487.3,3.1744,0.597,128.6,94.70979,1.103,1.162,6174.0,0.6043,1
16814.0,2.50587,0.105,1406.8,1328.3038,0.955,0.941,5532.0,0.7998,1
8503.7,14.561,0.812,236.1,193.4089,0.705,0.782,5040.0,0.0299,0
426.7,2.6557,0.151,35.6,31.786789,0.917,1.01,5880.0,0.4053,1
1010.9,3.15,0.405,71.1,58.259056,1.015,1.007,5714.0,0.52,1
1023.5,2.6255,0.911,37.9,29.930164,1.015,1.007,5714.0,0.2364,1
1510.9,3.573,0.602,48.2,41.269753,0.763,0.846,5129.0,0.2735,1
511.7,3.3539,0.866,88.4,76.76887,1.012,0.951,5854.0,0.6645,1
192.4,3.0014,0.898,47.1,39.793564,1.087,0.941,5779.0,0.7788,1
24446.0,2.3078,0.137,835.6,1044.7283,0.956,0.981,6108.0,0.0786,0
1127.1,3.0249,0.001,28.9,28.122635,0.615,0.633,4126.0,0.7202,1
1306.1,2.0805,0.041,38.7,41.450657,0.615,0.633,4126.0,0.5008,1
1122.3,4.007,0.028,21.7,19.803268,0.615,0.633,4126.0,0.6219,1
5226.5,2.683,0.558,345.2,360.1958,0.809,0.907,5497.0,0.6769,1
821.7,1.1196,0.915,38.9,30.578562,0.564,0.578,4149.0,0.5576,1
14489.0,6.5036,0.324,745.2,691.1691,0.924,0.77,5746.0,0.8796,0
971.2,1.9982,0.28,82.4,63.58795,0.765,0.85,5005.0,0.6818,1
2804.5,2.5237,0.679,71.0,62.376225,0.473,0.503,3688.0,0.6552,1
2793.3,4.3084,0.39,221.1,210.22159,0.989,0.927,5992.0,0.5611,1
3001.0,7.5377,0.547,312.1,234.95987,0.867,0.986,5485.0,0.1322,1
1219.8,2.7594,0.031,37.1,28.490973,0.56,0.576,4077.0,0.8388,1
1053.3,1.369,0.628,30.3,21.658537,0.56,0.576,4077.0,0.0088,1
916.6,3.8896,0.883,35.8,31.608551,0.75,0.832,5557.0,0.8571,1
615.2,6.802,0.852,83.7,65.59482,1.012,0.951,5854.0,0.9647,1
725.3,3.813,1.213,39.0,32.72262,0.811,0.853,5295.0,0.0,0
1620.6,2.1145,1.26,103.6,45.885685,0.973,0.889,5735.0,0.8796,0
837.5,3.0099,0.023,64.5,48.726124,1.076,1.169,6214.0,0.228,1
950.4,4.0491,0.012,51.5,40.04205,1.076,1.169,6214.0,0.3431,1
1123.5,2.7245,0.022,47.6,39.867977,0.788,0.884,5354.0,0.9241,1
931.3,5.039,0.094,20.1,15.139797,0.788,0.884,5354.0,0.6244,1
6105.6,5.1497,0.55,277.2,207.6196,0.919,0.992,5795.0,0.0586,1
1976.3,1.8868,1.268,112.6,67.78838,1.339,1.083,6017.0,0.0003,0
871.7,3.836,1.215,38.2,34.775192,1.06,1.05,5927.0,0.9336,0
382.1,2.4282,0.238,38.9,34.037075,1.062,0.921,5519.0,0.2119,1
1304.0,2.0844,0.838,50.8,43.840405,0.679,0.767,5653.0,0.9274,1
10967.0,2.0792,1.258,299.7,277.1132,0.636,0.709,5255.0,0.8848,0
1494.7,3.3203,0.556,35.2,27.241827,0.493,0.502,3950.0,0.7533,1
1394.7,4.758,0.013,26.0,18.020908,0.493,0.502,3950.0,0.8358,1
104.0,5.351,0.95,17.1,10.87813,1.012,0.951,5854.0,0.9971,1
520.8,2.186,0.708,15.9,12.582854,0.493,0.502,3950.0,0.251,1
8544.8,2.3111,0.524,370.8,375.5263,0.774,0.866,5557.0,0.1164,1
986.8,5.228,0.4,32.1,25.599396,0.734,0.821,5395.0,0.4848,1
7969.0,2.38963,0.076,799.7,712.5235,1.106,0.935,5539.0,0.254,1
322.6,6.222,1.175,14.2,12.162734,0.824,0.919,5657.0,0.0016,0
1019.8,3.1449,0.024,53.9,47.37303,0.82,0.824,5349.0,0.894,1
16918.0,7.7915,0.281,636.8,589.42316,1.024,0.874,5627.0,0.529,0
10566.0,8.9302,0.379,138.8,115.57215,0.867,0.986,5485.0,-1.0,1
55.8,3.262,0.646,14.4,11.552998,1.012,0.951,5854.0,0.6301,1
20280.0,6.6188,0.224,347.2,323.38303,0.867,0.986,5485.0,0.0005,1
816.1,2.1541,1.225,38.8,32.004185,0.915,1.034,5663.0,0.6173,0
589.2,5.414,0.014,48.5,35.481506,0.731,0.737,4667.0,0.0,0
15044.0,1.9604,0.514,1009.3,1015.921,0.893,0.901,5934.0,1.0,1
1008.7,2.335,0.003,70.6,57.638233,0.807,0.891,5170.0,0.5746,1
2105.5,4.0595,0.26,78.5,70.729904,0.761,0.739,4905.0,0.0106,1
1632.6,1.9104,0.466,71.6,58.181076,0.493,0.502,3950.0,0.4776,1
1339.2,2.0067,1.255,64.9,50.679256,0.939,1.03,5926.0,0.887,0
893.6,4.4056,0.08,46.1,36.000114,1.053,1.026,5775.0,0.0683,1
140.7,4.1654,0.529,50.6,33.185894,1.402,1.113,5847.0,0.0464,1
418.0,4.793,0.949,28.5,24.258644,1.053,1.026,5775.0,0.3894,1
993.0,5.794,0.911,39.7,32.640865,1.053,1.026,5775.0,0.5868,1
22335.0,2.59959,0.12,1996.7,2078.4102,0.793,0.855,5150.0,0.1434,1
2472.1,3.5957,0.517,113.2,106.29421,1.085,1.181,5973.0,0.0761,1
1182.3,3.827,0.416,27.5,22.27284,0.524,0.536,3747.0,0.7252,1
824.3,1.3421,0.888,17.9,15.260293,0.524,0.536,3747.0,0.8214,1
1558.0,2.2736,0.573,56.4,45.585175,0.517,0.553,3692.0,0.1566,1
82872.0,4.34617,0.501,1300.0,1785.2972,0.932,1.051,5575.0,0.0,0
616.0,5.0642,1.121,138.2,98.60031,0.826,0.926,5514.0,0.861,0
430.2,6.0995,0.173,107.4,66.187065,1.402,1.113,5847.0,0.7875,1
1175.4,4.3791,0.053,37.8,31.21894,0.999,0.934,5601.0,0.1204,1
15148.0,3.3148,0.733,389.0,385.42834,0.776,0.852,5690.0,0.0163,0
15337.0,3.3169,0.692,166.0,170.02856,0.833,0.793,4986.0,0.4872,1
887.9,3.161,0.047,39.3,33.637074,0.732,0.733,4861.0,0.5907,1
417.5,2.506,0.258,21.3,16.489346,0.732,0.733,4861.0,0.7292,1
780.7,2.9721,0.524,70.8,58.17086,0.849,0.939,5776.0,0.1852,1
962.4,3.065,0.941,50.3,42.549767,0.997,1.072,6108.0,0.9854,0
1177.9,4.7211,1.241,110.2,98.78201,0.863,0.959,5764.0,0.6521,0
10859.0,1.8411,0.736,568.2,653.36066,0.791,0.754,5035.0,0.2726,1
3081.4,3.897,0.773,86.6,84.09906,0.817,0.926,5251.0,0.0447,1
50.0,4.377,0.706,14.7,10.168395,1.402,1.113,5847.0,0.0302,1
5073.8,5.176,0.798,117.2,110.02644,0.817,0.926,5251.0,0.4851,1
16228.0,3.831,0.709,323.4,1224.3164,0.898,0.989,5810.0,0.1597,0
44791.0,3.49949,0.377,1671.1,1748.3405,0.821,0.82,5670.0,0.0415,0
2453.9,2.1862,1.276,117.2,110.66481,0.869,0.953,6046.0,0.9756,0
3341.8,8.2183,0.008,266.3,188.42673,1.384,1.083,5739.0,0.6436,1
504.6,6.7372,0.014,49.1,34.323593,1.384,1.083,5739.0,0.3752,1
285.0,4.9843,0.235,35.1,26.274458,1.384,1.083,5739.0,0.7589,1
115.9,3.388,0.746,19.9,14.88052,1.384,1.083,5739.0,0.5003,1
120.3,3.5797,0.196,50.4,34.970474,1.402,1.113,5847.0,0.2045,1
370.3,7.159,0.379,19.4,15.157462,1.384,1.083,5739.0,0.6433,1
1037.3,2.9076,0.048,48.9,39.560696,0.756,0.849,4959.0,0.9555,1
862.7,3.57,0.7,20.9,16.481398,0.756,0.849,4959.0,0.0904,1
1268.1,3.0918,1.178,50.5,44.634888,0.701,0.683,4794.0,0.9924,0
875.4,2.6312,0.3,38.4,31.887648,0.779,0.759,4768.0,0.2613,1
391.8,2.3421,0.004,22.8,18.548983,0.779,0.759,4768.0,0.2616,1
6044.3,2.2757,1.259,269.7,300.96277,0.988,1.05,6072.0,0.7838,0
9768.0,2.5211,0.644,482.3,488.70584,0.793,0.82,5386.0,0.742,1
3812.1,2.7055,0.045,99.5,212.06973,0.877,0.973,5815.0,0.072,1
510.6,3.5176,0.926,35.9,29.971922,0.949,0.974,5653.0,0.3403,1
1024.4,2.9667,0.823,54.4,44.777393,0.826,0.785,5015.0,0.5107,1
647.5,4.016,0.97,25.7,20.855698,0.826,0.785,5015.0,0.85,1
655.9,2.75,0.644,24.8,24.029488,0.817,0.926,5251.0,0.73,1
1149.4,3.0957,0.427,52.7,42.002544,0.686,0.67,4702.0,0.8866,1
1563.8,4.3246,0.26,51.7,39.547905,0.686,0.67,4702.0,0.3424,1
2877.4,2.8589,0.458,240.6,245.59174,1.135,1.163,6073.0,0.2448,1
2020.3,3.0694,0.023,116.1,88.43494,0.978,1.013,5727.0,0.1785,1
1187.5,6.271,0.791,74.6,63.15734,0.987,0.989,5878.0,0.4521,1
25391.0,4.21587,0.782,748.1,739.8864,0.785,0.865,5862.0,0.7873,1
3604.6,11.195,0.527,160.9,129.28693,1.238,0.932,5510.0,0.4468,1
4357.2,2.9381,1.266,122.1,126.34083,0.704,0.68,4968.0,0.9974,0
269.6,5.9409,0.686,62.0,48.44607,1.317,0.961,5718.0,0.2311,1
750.6,3.1775,0.029,49.2,43.478497,0.918,0.891,5501.0,0.0892,1
1442.4,3.984,0.867,62.6,56.866776,0.826,0.83,5239.0,0.0625,1
1123.6,2.7297,0.02,53.0,43.14732,0.787,0.823,5103.0,0.8739,1
1572.6,4.7865,0.035,45.5,28.587673,0.787,0.823,5103.0,0.1413,1
812.4,2.2641,0.594,22.6,16.755081,0.787,0.823,5103.0,0.4718,1
1626.0,4.685,0.018,27.4,19.2542,0.491,0.503,3593.0,0.0766,1
22839.0,5.0264,0.377,907.8,904.6437,0.747,0.786,5522.0,0.6138,1
908.1,2.5242,0.348,59.4,48.613644,0.826,0.927,5237.0,0.6565,1
1646.2,11.3364,0.035,355.7,250.00006,2.057,1.247,5626.0,0.0115,1
421.2,1.611,0.957,10.7,9.322174,0.826,0.927,5237.0,0.5513,1
1159.8,2.743,0.23,51.7,48.83681,0.802,0.769,4947.0,0.0106,0
315.8,1.8119,0.128,30.7,28.265633,0.81,0.91,5265.0,0.6943,1
33004.0,3.11058,0.211,1630.4,1762.9304,0.806,0.804,5532.0,0.5727,0
781.2,2.1814,0.026,64.8,55.665585,0.94,1.026,5895.0,0.8648,1
1154.0,2.7251,0.196,86.1,68.72953,0.927,0.956,5527.0,0.2117,1
840.9,4.556,0.383,37.8,29.427977,0.927,0.956,5527.0,0.6485,1
569.1,1.6585,0.9,21.1,17.335663,0.927,0.956,5527.0,0.9693,1
1141.7,15.284,0.812,139.3,95.55217,2.057,1.247,5626.0,0.3816,1
1014.3,1.8832,0.965,58.3,47.643787,1.021,1.09,6126.0,0.3767,0
1843.5,3.9783,0.03,88.0,67.97784,0.929,0.915,5427.0,0.5769,1
3644.3,6.3994,0.183,155.5,112.0813,0.929,0.915,5427.0,0.6609,1
702.3,2.9003,0.209,59.3,43.151917,0.929,0.915,5427.0,0.1889,1
391.6,1.8876,0.479,41.4,23.52045,0.929,0.915,5427.0,0.9092,1
1772.5,4.1072,0.036,62.4,47.644684,0.75,0.789,5067.0,0.1875,1
488.2,2.0642,0.06,30.5,19.364616,0.787,0.823,5103.0,0.9338,1
961.4,2.3254,0.17,62.8,55.492382,0.57,0.586,4072.0,0.3342,1
881.3,2.8606,0.008,51.8,42.23077,0.57,0.586,4072.0,0.5514,1
218.5,2.517,0.95,18.5,93.56568,1.264,0.937,5670.0,0.5266,0
7425.9,4.4056,0.67,247.9,173.7981,0.93,0.882,5149.0,0.644,1
450.7,2.9004,0.429,29.2,16.790316,0.93,0.882,5149.0,0.8655,1
451.6,2.1024,0.025,39.7,34.36066,1.122,1.014,5754.0,0.4904,1
755.9,2.2607,0.567,60.8,52.078793,0.833,0.793,4986.0,0.3969,1
353.6,3.252,0.387,21.9,17.25928,0.833,0.793,4986.0,0.953,1
2260.0,3.0854,0.705,157.8,134.46404,0.517,0.544,3837.0,0.6606,1
20285.0,2.0488,7.361,192.3,551.317,0.829,0.926,5612.0,0.3765,0
1410.7,2.3892,0.327,87.2,83.29438,0.633,0.64,4261.0,0.5468,1
1250.6,2.7363,0.286,57.6,51.105682,0.633,0.64,4261.0,0.7081,1
439.0,2.3734,0.706,14.9,12.130763,0.633,0.64,4261.0,0.1071,1
401.1,5.0683,1.223,76.8,60.319134,2.404,1.333,6200.0,0.2862,0
1200.7,5.073,0.926,53.3,45.141907,0.721,0.697,4919.0,0.6279,1
298.5,3.784,0.833,125.6,92.47206,1.302,1.009,5945.0,0.1321,1
1254.9,3.035,0.537,64.5,51.219067,0.888,0.822,5121.0,0.5905,1
299.2,1.1757,0.836,15.0,12.679447,0.888,0.822,5121.0,0.0175,1
549.4,5.012,0.899,45.1,37.416832,0.961,0.968,6007.0,0.3585,1
1590.7,6.703,0.942,60.4,69.78485,0.926,1.036,5811.0,0.0069,0
3136.4,7.558,0.731,46.8,32.135025,0.75,0.789,5067.0,0.7699,1
24905.0,2.1958,1.091,125.4,1443.2662,0.603,0.602,5209.0,0.0,0
3036.1,2.8979,0.049,175.2,163.44994,0.779,0.891,5097.0,0.4967,1
507.3,3.8757,0.0,142.0,120.53189,1.411,1.053,5644.0,0.2451,1
1382.4,2.8364,0.497,52.7,45.383663,0.779,0.891,5097.0,0.7467,1
516.3,1.9616,0.252,41.6,30.771297,0.779,0.891,5097.0,0.5433,1
1333.6,2.312,0.192,48.5,28.916744,0.47,0.484,3713.0,0.6403,1
759.2,4.3224,0.014,31.0,16.535355,0.47,0.484,3713.0,1.0,1
767.3,2.6333,0.228,18.2,12.355694,0.47,0.484,3713.0,0.4223,1
620.5,2.5242,0.712,50.4,42.620125,0.919,1.014,5849.0,0.1106,1
1823.5,0.9967,0.908,147.4,40.07125,0.79,0.718,5472.0,0.9673,0
16053.0,2.07004,0.069,388.2,474.02078,0.843,0.821,5332.0,0.1059,1
6911.1,4.20241,0.018,435.9,436.9255,1.076,1.169,6214.0,0.0396,1
936.1,5.344,0.862,71.9,59.281075,1.001,1.079,6063.0,0.3868,1
9065.2,7.41287,0.075,915.7,417.8653,1.367,1.386,6823.0,0.4664,1
6932.3,4.2362,0.344,431.4,435.91187,0.827,0.914,5865.0,0.1863,1
724.2,1.6485,0.69,42.6,32.73535,0.646,0.71,4500.0,0.7136,1
942.5,3.95,0.063,25.4,15.262756,0.646,0.71,4500.0,0.4131,1
252.1,3.7727,0.008,60.2,47.59951,1.626,1.019,5869.0,0.0234,1
12861.0,3.8636,0.028,85.8,735.74506,0.975,0.811,5600.0,0.2234,0
2590.7,4.0374,0.043,123.8,97.93863,0.837,0.937,5191.0,0.1926,1
1328.5,2.9785,0.03,86.2,70.14128,0.837,0.937,5191.0,0.4186,1
14281.0,2.0778,0.437,1072.1,943.8128,1.08,1.049,5855.0,0.242,1
1897.8,2.4517,0.09,58.0,46.716137,0.509,0.508,3906.0,0.5992,1
1037.4,2.153,0.351,41.4,34.09852,0.509,0.508,3906.0,0.0683,1
366.0,6.5093,0.02,114.9,82.08292,1.302,1.009,5945.0,0.6876,1
1432.1,4.154,0.886,36.9,29.21815,0.509,0.508,3906.0,0.9929,1
807.6,2.1764,0.334,44.4,35.776676,0.411,0.44,3561.0,0.474,1
509.2,1.8177,0.001,37.8,30.518122,0.411,0.44,3561.0,0.7114,1
756.1,2.4714,0.115,30.9,24.263742,0.411,0.44,3561.0,0.781,1
1309.7,3.048,0.791,46.2,40.226162,1.142,1.009,5942.0,0.8902,1
538.6,2.5833,0.93,36.4,31.433712,0.999,1.077,6077.0,0.4144,1
685.4,8.593,0.964,15.4,10.855937,0.999,1.077,6077.0,0.1178,1
1675.6,2.9993,0.21,64.5,84.20755,0.591,0.609,4201.0,0.4432,1
362.3,1.915,0.644,14.2,19.236187,0.591,0.609,4201.0,0.8207,1
17859.0,3.23015,0.093,1669.1,1627.8156,0.794,0.886,5655.0,0.7271,1
895.5,5.083,0.045,21.6,13.00283,0.646,0.71,4500.0,0.0049,1
575.8,2.2618,0.649,28.1,18.39992,0.646,0.71,4500.0,0.4625,1
634.1,2.4283,0.714,21.4,14.958939,0.646,0.71,4500.0,0.9637,1
1692.9,3.2496,0.949,119.4,108.889015,0.827,0.914,5865.0,0.9339,0
867.0,2.5882,0.45,47.7,38.487896,0.838,0.798,5029.0,0.992,1
763.3,2.0873,0.653,23.8,19.097145,0.838,0.798,5029.0,0.8186,1
175.2,2.535,0.093,12.9,10.764539,0.838,0.798,5029.0,0.9253,1
973.5,4.1575,0.395,55.9,43.083504,0.866,0.841,5527.0,0.4554,1
1015.8,5.172,0.839,44.8,32.87861,0.866,0.841,5527.0,0.0123,1
251.3,2.603,0.11,21.2,16.134592,0.866,0.841,5527.0,0.2029,1
363.4,4.819,0.125,63.1,50.201683,1.626,1.019,5869.0,0.6324,1
952.5,4.448,0.028,22.7,19.405544,0.866,0.841,5527.0,0.8978,1
7912.7,3.16114,0.061,633.4,619.7065,1.21,0.94,5560.0,0.3731,1
4147.6,3.8449,9.303,54.5,165.18489,0.592,0.58,4187.0,0.1308,0
1151.4,2.9804,0.314,77.4,66.02574,0.801,0.915,5198.0,0.2345,1
7163.3,4.301,0.535,502.3,478.5281,1.107,1.159,6123.0,0.9019,1
1695.0,10.0134,1.252,203.5,33.146595,0.753,0.843,5525.0,0.5329,0
16653.0,3.2179,0.348,1173.9,1321.7062,1.046,1.153,6033.0,0.1893,1
1030.9,3.183,0.864,90.1,74.89582,0.965,1.075,5936.0,0.7528,0
23530.0,5.04169,0.003,1077.8,1014.9963,0.879,0.973,5510.0,0.0,1
59130.0,8.30604,0.408,1667.3,1668.1604,1.096,0.989,6140.0,0.1243,0
1398.2,1.8007,0.799,123.5,105.955894,0.944,0.983,5609.0,0.2093,1
969.7,3.0231,0.985,45.4,39.278458,0.866,0.825,5931.0,0.226,0
15664.0,6.5292,0.062,690.3,487.53952,0.9,0.844,5231.0,0.1559,1
66068.0,16.9422,0.203,1843.8,1840.2819,1.147,1.233,6257.0,0.3473,0
1144.9,3.4097,0.751,49.9,43.653084,0.708,0.806,5481.0,0.6929,1
1110.7,3.4366,0.168,55.0,46.25013,0.775,0.869,5196.0,0.575,1
1506.9,4.2309,0.206,60.7,49.64462,0.775,0.869,5196.0,0.6188,1
426.1,1.9012,0.691,25.6,23.37084,0.775,0.869,5196.0,0.4129,1
697.5,3.228,0.933,48.1,44.139656,0.884,0.816,5431.0,0.0504,1
13494.0,11.4813,0.023,529.9,1177.5599,1.796,1.174,5855.0,0.0,0
1240.2,3.4412,0.001,79.7,64.83856,0.891,0.983,5897.0,0.6024,1
40293.0,4.23479,0.886,1398.8,1464.211,0.997,1.072,6108.0,0.6241,0
1473.4,3.3129,0.032,128.3,60.539154,0.998,1.072,6007.0,0.9072,1
20953.0,3.81881,1.245,547.8,586.5923,0.924,0.991,6192.0,0.0,0
280.1,2.6849,0.433,30.6,25.538614,1.25,0.949,5553.0,0.8841,1
273.6,3.1915,0.341,25.2,19.003149,1.25,0.949,5553.0,0.5748,1
159.6,2.1888,0.271,22.7,17.345476,1.25,0.949,5553.0,0.3884,1
307.8,3.605,0.646,21.9,14.830292,1.25,0.949,5553.0,0.192,1
2090.3,4.6912,0.041,293.7,276.2209,0.712,0.71,5085.0,0.1812,1
11382.0,2.91089,0.079,1838.4,1721.1887,0.994,0.95,5524.0,0.2268,1
1037.4,3.119,1.234,37.2,29.934076,0.811,0.857,5450.0,0.9295,0
1539.1,2.9183,0.033,81.1,61.85785,1.06,0.943,5561.0,0.25,1
611.3,3.739,0.021,25.6,18.328804,1.06,0.943,5561.0,0.6822,1
796.8,3.895,0.508,26.7,19.490282,1.06,0.943,5561.0,0.1836,1
1910.5,5.1937,0.066,117.0,94.8957,1.257,0.958,6035.0,0.3528,1
1719.3,6.1998,0.142,78.7,62.296303,1.257,0.958,6035.0,0.8478,1
1009.6,8.871,0.147,37.5,28.801907,1.257,0.958,6035.0,0.1888,1
2237.0,2.4327,0.081,124.7,110.05442,0.458,0.491,3582.0,0.0813,1
741.7,1.0981,0.009,87.8,45.230915,0.458,0.491,3582.0,0.5878,1
11145.0,3.25346,0.566,2040.7,1927.6256,0.978,1.003,5514.0,0.5408,1
988.4,4.0454,0.256,45.1,38.21066,0.88,0.999,5537.0,0.8693,1
994.5,3.3862,0.035,51.0,42.55429,1.013,0.867,5344.0,0.9597,1
213.0,1.8955,0.037,25.3,20.171621,1.013,0.867,5344.0,0.6906,1
297.8,2.336,0.503,16.7,12.969576,1.013,0.867,5344.0,0.6084,1
1896.7,15.735,0.922,86.1,39.480255,7.119,2.15,5047.0,0.7313,0
446.8,5.073,0.965,32.2,24.346912,1.24,0.884,5896.0,0.6546,1
430.7,4.529,1.3,16.9,15.231214,1.24,0.884,5896.0,0.3742,1
174.0,3.282,0.949,15.1,12.186046,1.24,0.884,5896.0,0.9433,1
824.9,4.9427,0.068,97.1,87.12114,0.812,0.776,5551.0,0.0614,1
574.4,1.1784,0.185,32.2,25.57594,0.762,0.865,5757.0,0.9906,1
1973.3,0.86896,1.246,458.6,37.243492,1.783,0.905,5075.0,0.9047,0
18541.0,2.78458,1.02,534.5,560.0515,0.917,0.997,6113.0,0.7671,0
128.4,38.1939,0.968,91.7,13.385618,3.482,1.671,6980.0,0.6774,0
4511.7,1.8248,0.994,322.3,471.55078,1.132,0.998,6224.0,0.0204,0
747.5,2.1441,1.226,116.1,17.779419,0.846,0.819,5582.0,1.0,0
598.2,4.0541,1.258,140.6,51.95045,0.902,0.887,5758.0,0.8032,0
113.8,9.083,1.228,24.3,18.304235,0.901,0.954,5948.0,0.223,0
433.2,2.0911,2.641,62.3,318.7812,2.234,1.828,8090.0,0.1758,0
3487.5,11.1899,0.652,235.7,153.20587,1.235,1.092,5873.0,0.7142,1
321.5,0.8774,0.216,19.6,13.76514,0.711,0.815,4768.0,0.986,0
248.0,2.924,0.708,22.2,18.79983,4.434,1.657,5772.0,0.4949,0
443.3,3.6379,0.097,37.5,32.02532,1.176,1.14,6049.0,0.9057,1
178.5,4.158,0.533,10.9,9.3422165,1.176,1.14,6049.0,0.863,1
250.2,4.32,1.169,37.5,13.277703,0.848,0.938,5901.0,0.9936,0
640.9,3.9835,0.806,41.0,33.45524,4.885,1.808,4941.0,0.7512,1
186.2,4.256,0.736,136.3,11.509193,2.188,1.233,6215.0,0.9994,0
118.6,3.442,0.715,27.0,23.055124,1.015,0.975,6253.0,0.1502,0
145.1,13.566,0.283,25.5,12.997601,1.487,1.016,5676.0,0.4323,1
110.4,11.284,0.238,23.6,13.00088,1.487,1.016,5676.0,0.2031,1
30222.0,1.82542,0.337,1252.5,1466.5692,0.503,0.534,3807.0,0.043,1
372.2,4.3045,0.042,267.4,182.40976,4.24,2.018,7221.0,0.8905,1
4399.1,5.9957,0.766,270.1,746.497,1.033,0.938,6013.0,0.0168,0
68.9,3.5599,0.893,53.6,47.588837,1.733,1.162,6202.0,0.3936,1
26900.0,6.7507,1.197,184.3,536.976,1.717,1.62,7240.0,0.3659,0
570.6,3.158,1.213,35.6,30.408123,0.561,0.582,3995.0,0.2107,0
324.6,1.0801,0.113,63.6,31.05027,0.802,0.889,5791.0,0.0,0
340.9,1.4647,0.412,73.5,38.508865,0.766,0.807,5041.0,0.6421,1
277.1,1.465,0.698,39.7,29.47321,0.766,0.807,5041.0,0.0968,1
393.1,3.1702,0.62,29.8,27.037577,0.97,1.05,6061.0,0.6208,1
2121.9,4.9658,1.276,187.6,379.7398,1.889,1.089,6266.0,0.8271,0
154.9,2.3155,0.136,27.2,20.984596,4.885,1.808,4941.0,0.6309,1
223.4,2.5755,0.639,24.5,16.034977,4.885,1.808,4941.0,0.2164,1
270.7,4.49,0.314,24.8,21.229187,0.96,1.047,5982.0,0.9073,1
399.6,3.733,0.69,20.1,17.754032,0.853,0.95,5699.0,0.3696,0
17971.0,2.5903,1.145,39.6,566.293,0.707,0.786,5534.0,0.7553,0
15304.0,9.0419,0.785,298.0,232.6138,1.241,1.256,6715.0,0.1867,0
36348.0,5.9885,1.018,154.6,1413.7612,1.626,1.028,5751.0,-1.0,0
18848.0,11.1711,0.663,882.6,753.4468,0.784,0.746,5114.0,0.4308,0
2779.3,2.0141,1.224,195.2,87.71438,1.061,0.975,5555.0,-1.0,0
1349.1,7.012,1.203,76.7,37.930855,15.76,0.931,4283.0,1.0,0
867.5,24.249,1.228,249.3,105.717995,2.534,1.352,6362.0,0.855,0
625.6,3.2797,1.187,56.3,345.61978,101.451,1.679,3598.0,0.9969,0
2144.4,2.6897,1.272,221.1,271.87634,1.938,1.737,8214.0,0.7839,0
633.1,5.5605,0.003,66.9,25.79307,0.651,0.654,4506.0,0.756,0
4158.1,12.249,0.728,60.9,97.08831,1.744,1.341,6038.0,0.3897,1
568.9,4.645,0.202,29.8,24.106216,1.067,0.881,5839.0,0.2145,1
246.8,3.529,0.077,17.7,16.315655,1.067,0.881,5839.0,0.5424,1
507.8,7.358,0.027,15.5,12.3348,1.067,0.881,5839.0,0.2474,1
447.8,3.198,0.67,11.8,8.868775,1.067,0.881,5839.0,0.4296,1
196.0,1.7086,0.286,21.1,18.573778,1.107,0.933,5553.0,0.912,1
570.3,8.733,0.061,35.2,28.379602,0.973,0.976,6085.0,0.0862,1
414.5,4.6142,0.014,42.2,34.323463,1.225,1.059,5952.0,0.97,1
503.0,6.536,0.058,36.1,27.41206,1.225,1.059,5952.0,0.875,1
400.9,2.926,1.195,24.0,20.831997,1.068,0.96,5766.0,0.9762,0
270.6,6.0175,0.091,38.7,31.18083,1.242,0.968,5765.0,0.2071,1
4843.9,4.211,0.937,115.3,153.25153,0.996,1.07,6122.0,0.7459,0
1916.2,3.5734,0.943,103.4,171.71877,0.911,1.028,5778.0,0.0054,0
2547.4,1.8592,1.253,182.2,34.32543,0.55,0.554,3920.0,1.0,0
2006.2,1.8946,1.27,148.0,284.539,2.789,1.378,6261.0,0.8839,0
3414.4,23.546,1.298,103.4,78.88679,0.853,0.894,5587.0,0.2789,0
2894.1,8.6388,0.065,243.5,143.3882,1.324,1.101,6198.0,0.3217,1
790.1,1.5693,0.374,19.4,116.715004,0.815,0.911,5296.0,0.1517,1
260.5,2.231,0.242,22.2,22.377123,0.892,0.799,5346.0,0.3968,0
517.6,3.0472,0.377,38.4,40.58191,0.849,0.821,5251.0,0.7151,1
445.9,7.158,0.015,17.4,12.8004465,0.849,0.821,5251.0,0.4121,1
178.2,2.9254,0.426,48.8,35.878597,1.235,1.092,5873.0,0.2875,1
1269.9,4.737,1.246,59.2,70.08347,1.239,0.873,5589.0,0.0381,0
36.7,2.8239,0.674,34.7,21.982012,1.521,1.069,6802.0,0.928,0
2931.6,5.4126,1.274,58.1,49.256535,1.095,0.969,6148.0,0.4836,0
182.6,1.9826,0.942,38.0,32.216377,0.983,0.987,5751.0,0.5478,1
148.1,6.2877,0.02,38.9,24.66807,2.867,1.497,6353.0,0.026,1
58.0,2.3145,0.04,27.2,22.17508,0.874,0.869,5370.0,0.7985,0
1419.6,2.4904,0.063,28.1,23.276466,0.554,0.59,4362.0,0.5933,1
531.5,2.335,0.142,14.9,12.624357,0.554,0.59,4362.0,0.8497,1
747.5,6.8491,0.022,79.3,49.846386,1.324,1.101,6198.0,0.4083,1
200.9,1.0246,0.171,41.0,41.68947,0.857,0.96,5511.0,0.9321,1
801.5,2.715,0.319,41.9,68.87667,0.78,0.816,5095.0,0.6468,1
764.2,3.587,0.945,26.3,34.57784,0.78,0.816,5095.0,0.7132,1
1145.5,2.0799,0.01,121.1,94.88382,0.874,0.956,5619.0,-1.0,0
7765.0,2.8021,0.424,1225.3,1388.9977,1.358,1.227,6063.0,0.2361,1
536.7,0.9361,1.267,37.3,26.999758,0.183,0.164,3337.0,0.8116,0
129.2,1.3712,0.019,21.6,18.100561,1.02,0.875,5366.0,1.0,1
284.7,6.3461,0.924,33.4,21.105242,1.458,0.96,6021.0,0.8922,1
124.5,4.66,0.621,20.9,16.059935,1.458,0.96,6021.0,0.3291,1
242.9,8.536,0.966,22.8,10.584614,1.458,0.96,6021.0,0.2111,1
48.3,2.288,0.497,16.5,16.048447,0.874,0.869,5370.0,0.2919,0
66894.0,23.2842,0.337,765.0,5430.748,0.788,0.839,4889.0,0.0,0
61625.0,4.47001,1.1,930.3,6249.406,1.037,0.994,5850.0,0.0367,0
2468.5,3.5289,1.297,245.6,53.333557,0.915,0.865,5705.0,0.5745,0
1907.4,1.4451,1.264,185.0,37.517426,0.936,1.019,5941.0,1.0,0
2124.3,5.7401,1.269,102.8,129.48871,1.072,0.944,6110.0,0.9823,0
1086.1,5.668,0.346,34.5,26.765734,0.708,0.791,4736.0,0.8336,1
563.1,0.9267,0.093,19.6,16.614893,0.424,0.454,3683.0,0.6305,1
376.2,1.1899,0.181,22.6,13.5764885,0.602,0.621,4109.0,0.848,1
653.5,5.0197,0.011,80.8,58.810806,1.324,1.101,6198.0,0.3395,1
910.0,6.122,0.938,25.3,21.641197,0.974,1.037,5779.0,0.9228,1
300.2,2.0584,0.392,32.4,27.932955,0.933,0.897,5547.0,0.5122,1
398.6,5.678,0.037,26.2,22.90132,1.22,1.035,5782.0,0.4828,1
355.6,3.439,0.676,23.0,19.608992,0.876,0.97,5830.0,0.8839,1
115.4,5.234,0.815,15.7,9.742977,1.458,0.96,6021.0,0.727,1
944.3,10.168,0.923,86.2,128.61981,1.895,2.219,9651.0,0.0001,0
434.4,6.057,0.029,28.3,23.559824,0.973,0.961,5907.0,0.5405,1
85.3,2.406,0.636,21.0,19.1527,2.069,1.878,7839.0,0.9977,0
273110.0,5.5418,0.684,3420.3,6984.414,1.583,0.959,6214.0,-1.0,0
20703.0,4.999,1.222,717.4,3460.628,1.489,1.243,6424.0,0.4345,0
1138.5,3.1424,1.261,253.4,372.38715,2.031,2.063,8601.0,0.9839,0
473.0,2.7361,0.02,115.4,83.910446,0.873,0.856,5192.0,0.9611,1
2010.3,3.0122,0.945,100.0,92.25623,0.931,0.998,5887.0,0.5172,0
778.9,22.695,0.941,55.9,34.874847,1.004,0.865,5334.0,0.4912,0
611.4,3.4045,0.043,34.1,27.617281,0.921,1.016,5831.0,0.668,1
1996.3,1.05299,1.26,251.9,48.94539,0.776,0.869,5496.0,0.9298,0
802.8,3.68,1.216,48.2,38.012753,0.809,0.907,5497.0,0.0,0
903.9,2.4546,1.255,86.1,77.46429,2.147,1.148,6028.0,0.0,0
903.5,3.02,1.228,82.4,7.880389,0.808,0.903,5628.0,0.984,0
864.3,3.902,0.926,37.0,31.579298,0.905,0.943,5705.0,0.0826,1
236.6,3.215,0.718,19.4,16.736902,0.876,0.97,5830.0,0.9054,1
1058.5,14.581,1.22,65.8,42.296284,0.796,0.892,5372.0,0.9951,0
2017.9,14.755,1.25,79.4,54.20952,0.742,0.813,5198.0,0.5536,0
5144.4,2.4775,0.985,175.9,292.2909,2.221,1.43,5996.0,0.1018,0
20901.0,4.4085,0.827,282.6,1090.1306,1.033,1.093,6210.0,0.4398,0
43547.0,4.87326,1.004,938.2,958.1763,1.367,1.18,6025.0,0.0002,0
1223.7,3.1793,0.967,73.9,54.69574,2.994,1.359,5970.0,0.8422,0
1074.9,2.9385,0.5,74.0,60.56746,0.863,0.809,5074.0,0.7793,1
224.1,3.727,0.357,10.7,10.879341,0.921,1.016,5831.0,0.0433,1
197.6,1.6191,0.12,82.6,24.318182,0.832,0.924,5487.0,0.9928,1
274.4,1.812,0.66,16.9,13.62336,0.847,0.794,5093.0,0.6992,1
39043.0,2.7644,0.8,349.2,2389.997,0.891,0.948,5747.0,0.0,0
7829.2,3.2917,0.942,124.6,1057.6815,1.118,1.164,6289.0,0.5984,0
381.3,2.396,0.775,27.1,25.102118,1.548,1.019,5570.0,0.192,0
456.7,1.5662,1.193,53.7,23.060286,0.83,0.917,5958.0,1.0,0
597.8,5.731,0.648,31.3,26.200382,1.33,1.08,6157.0,0.0623,1
271.8,4.885,0.004,16.4,13.772278,1.33,1.08,6157.0,0.0495,1
471.2,7.381,0.61,18.5,15.469929,1.33,1.08,6157.0,0.9746,1
87750.0,5.31,0.267,704.5,806.9931,1.212,1.142,6018.0,0.0,0
1331.4,4.2647,0.164,41.9,31.120844,0.716,0.749,4987.0,0.8173,1
931.5,2.708,0.43,14.0,13.270042,0.716,0.749,4987.0,0.0535,1
82.2,1.3078,0.554,33.1,25.669666,0.873,0.958,6021.0,0.131,0
313.9,13.135,0.016,54.8,31.337997,2.097,1.472,6207.0,0.8076,1
308.7,1.6345,0.574,29.5,24.837725,0.863,0.809,5074.0,0.2854,1
549.1,3.6813,0.043,31.5,27.650803,1.294,0.947,5529.0,0.8273,1
1396.2,8.042,0.003,30.5,20.731815,1.294,0.947,5529.0,0.2965,1
10624.0,4.9095,1.256,146.3,319.5286,0.872,0.919,5542.0,0.0,0
952.7,3.2641,0.194,178.0,134.0802,0.873,0.856,5192.0,0.0112,1
5450.0,8.702,1.256,63.2,118.214294,0.772,0.8,5055.0,0.0065,0
1345.8,3.9722,1.252,117.7,15.544951,1.385,1.049,6243.0,0.2899,0
628.7,3.685,0.811,23.0,18.86908,0.974,1.037,5779.0,0.6099,1
641.8,5.464,0.988,12.2,10.06212,0.974,1.037,5779.0,0.0722,1
340.1,6.344,0.573,28.0,23.695898,1.044,1.096,6309.0,0.7864,1
395.9,5.4566,0.049,38.6,29.92835,3.046,1.536,5684.0,0.9062,1
266.8,18.503,0.019,29.0,14.671156,2.097,1.472,6207.0,0.5217,1
135.2,1.8069,0.076,23.4,19.787588,1.022,0.902,5405.0,0.4146,1
28066.0,7.5385,0.21,425.6,555.9562,2.445,1.343,5463.0,0.5845,0
2721.7,2.7391,0.045,63.7,272.29364,0.94,1.038,5751.0,0.8033,0
4634.9,8.4559,0.009,155.0,123.23527,0.779,0.737,5123.0,0.6635,1
219.2,1.8596,0.469,45.5,16.501024,0.859,0.959,5639.0,0.6163,0
477.4,3.517,0.753,38.0,33.04488,0.82,0.865,5676.0,0.0459,1
104.1,2.394,0.448,19.3,13.162593,1.205,0.886,5580.0,0.7811,0
12440.0,3.8077,0.053,100.8,655.8089,1.075,1.124,6322.0,0.1675,1
4702.6,1.9405,0.891,269.8,1166.5054,2.312,1.23,6324.0,1.0,0
6496.0,3.4209,1.181,63.4,67.65573,0.481,0.494,4457.0,-1.0,0
4456.8,2.917,1.276,78.7,85.956215,0.92,0.993,5908.0,0.125,0
426.6,5.63,0.97,76.4,87.26203,1.217,1.171,6506.0,0.7952,0
1038.1,0.8875,1.246,202.2,27.437218,3.142,1.325,5679.0,-1.0,0
643.4,2.0295,0.22,20.8,17.514835,0.548,0.567,3968.0,0.6263,1
417.4,2.2911,0.127,27.9,24.505842,0.788,0.884,5311.0,0.3908,1
547.3,2.991,0.968,34.0,30.965673,0.877,0.973,5815.0,0.0326,0
2318.9,3.0896,0.137,116.2,104.35038,0.973,0.868,5188.0,0.4281,1
7382.3,7.03515,0.073,603.0,431.7975,9.327,2.736,5313.0,0.0019,1
705.4,1.8888,0.682,45.5,39.68937,0.973,0.868,5188.0,0.7,1
2398.8,2.8579,0.8,56.7,51.427,0.973,0.868,5188.0,0.5678,1
1357.4,2.006,0.311,53.2,44.959515,0.798,0.91,5177.0,0.661,1
2269.7,3.41018,0.027,437.5,366.27887,1.055,0.882,5356.0,0.9612,1
3472.0,3.576,1.264,37.5,38.135956,0.534,0.555,3900.0,0.8052,0
442.0,3.675,0.03,23.1,19.42022,0.961,1.002,5922.0,0.5609,1
18904.0,4.1904,0.919,66.7,164.4163,2.057,0.935,5367.0,0.9656,0
254.0,3.659,0.161,17.1,15.175163,0.751,0.727,5037.0,0.9685,0
317.9,0.926,0.52,21.7,16.816261,0.746,0.835,5409.0,0.0007,0
1264.7,1.4598,0.051,47.8,38.8198,0.46,0.467,3789.0,0.5198,1
1632.3,1.3692,0.79,39.6,29.299326,0.46,0.467,3789.0,0.2137,1
1629.8,2.6657,0.035,28.9,22.192923,0.46,0.467,3789.0,0.9699,1
555.3,5.6897,0.007,66.8,44.07612,0.873,0.856,5192.0,0.1089,1
251.7,2.759,0.856,27.2,21.772808,0.796,0.847,5970.0,0.4687,0
369.5,2.1059,0.05,18.3,14.411312,0.389,0.4,3569.0,0.6972,1
79.8,2.957,0.769,26.7,22.632936,1.223,0.997,6180.0,0.3344,0
777.7,2.2753,0.021,50.7,42.125446,0.855,0.805,5052.0,0.3848,1
1867.7,2.5048,0.9,156.5,139.40195,0.847,0.819,5330.0,0.3956,0
537.4,5.985,0.054,27.3,19.885572,1.031,1.084,6297.0,0.0266,1
680.9,6.894,0.008,28.9,21.326845,1.031,1.084,6297.0,0.9421,1
1273.0,3.447,0.956,36.7,54.38567,0.958,1.043,6014.0,0.9942,0
47303.0,7.53837,0.343,2561.1,2130.468,0.898,0.982,6038.0,0.0052,0
861.4,2.3499,0.974,63.0,45.719135,0.893,0.901,5741.0,0.001,0
714.1,1.252,1.199,93.3,12.037272,0.762,0.853,5572.0,0.9993,0
1473.0,3.1518,0.684,35.9,33.497635,0.502,0.52,4719.0,0.5652,1
565.4,4.4481,0.011,50.4,38.593414,1.86,1.204,5897.0,0.8115,1
308.5,2.1188,0.421,44.3,18.011961,0.763,0.717,5222.0,0.5888,0
418.3,2.591,0.08,19.0,15.91325,0.843,0.8,4999.0,0.4126,1
302.3,2.19,0.142,16.2,11.0181,0.843,0.8,4999.0,0.8198,1
224.6,1.2592,0.332,16.5,13.65327,0.843,0.8,4999.0,0.7255,1
182.3,5.046,0.755,27.7,23.003267,1.41,1.156,6071.0,0.5141,1
125.5,6.22,0.743,14.3,10.748279,1.41,1.156,6071.0,0.3867,1
76.7,1.8361,0.132,38.7,29.277885,1.037,0.974,5718.0,0.9674,1
210.2,3.4167,0.174,36.7,29.555204,0.853,0.838,5528.0,0.6403,1
124.1,3.245,0.064,25.6,21.517443,0.853,0.838,5528.0,0.8303,1
1585.1,3.6567,0.009,53.8,45.70763,0.461,0.47,3755.0,0.2198,1
907.5,3.984,0.648,35.6,30.480999,0.749,0.831,5474.0,0.6184,1
13715.0,5.41382,0.625,1405.6,1312.7156,1.786,1.14,6129.0,0.0528,0
1145.9,4.0168,0.668,66.7,52.609734,0.904,0.991,5997.0,0.4105,1
2141.4,3.4872,0.568,116.2,103.2579,0.885,0.827,4954.0,0.175,1
3269.0,3.5252,0.255,456.8,399.39264,1.055,0.882,5356.0,0.1972,1
157.9,3.585,0.374,19.0,15.518525,1.86,1.204,5897.0,0.6697,1
712.4,1.1264,0.968,43.0,36.521767,0.764,0.854,5238.0,0.6959,0
826.9,4.445,0.871,46.0,39.719036,0.966,0.882,5568.0,0.0379,1
158.7,2.76,1.151,17.4,14.4507,2.124,0.804,5300.0,0.5571,0
325.8,3.548,0.018,21.6,18.445663,0.848,0.938,5795.0,0.8606,1
2250.0,3.6895,0.925,170.1,182.14682,1.333,1.333,6968.0,0.7219,0
185.8,1.3362,0.528,34.7,27.417156,0.849,0.938,5668.0,0.8949,0
306.8,1.84,0.112,12.6,12.748605,0.509,0.535,3975.0,0.563,1
469.2,6.633,0.004,36.1,32.011665,1.017,0.939,6036.0,0.0823,1
2133.0,4.0245,1.246,238.6,61.257576,1.133,1.152,6307.0,0.7417,0
956.9,7.7643,0.036,200.0,170.09213,1.412,1.048,5774.0,0.5731,1
82670.0,3.451,0.506,314.1,4806.858,0.488,0.517,3801.0,0.0,0
33117.0,2.07171,1.25,578.6,751.6766,1.058,1.106,6340.0,0.8998,0
2936.6,6.6522,1.262,549.5,592.01166,0.716,0.737,5252.0,-1.0,0
3018.9,1.5261,0.917,179.0,137.55992,0.825,0.76,5337.0,0.8991,0
1140.8,3.9616,0.567,41.9,34.598507,0.885,0.827,4954.0,0.1865,1
1525.2,2.1979,0.03,56.6,44.165905,0.498,0.509,3731.0,0.6188,1
1367.6,2.3742,0.017,44.8,31.796968,0.498,0.509,3731.0,0.9504,1
1925.1,3.3002,0.008,46.4,31.423384,0.498,0.509,3731.0,0.946,1
614.1,1.6776,0.082,28.6,15.251865,0.498,0.509,3731.0,0.8577,1
843.3,0.6688,0.162,45.3,11.133046,0.498,0.509,3731.0,0.9158,1
10510.0,6.4345,1.142,628.1,570.40247,1.255,1.095,6161.0,0.8556,0
639.7,2.0543,1.215,42.9,11.876604,0.714,0.792,5414.0,0.9186,0
1006.2,4.664,0.025,29.5,25.10813,0.86,0.93,5687.0,0.1854,1
819.6,3.923,0.022,39.7,40.85747,0.621,0.662,4502.0,0.0945,0
820.1,1.8923,0.575,51.7,44.489746,0.632,0.637,4252.0,0.5342,1
315.1,1.9811,0.741,67.5,50.787594,1.055,0.882,5356.0,0.6119,1
4993.8,1.1507,1.256,272.0,85.14157,0.706,0.731,5286.0,0.5775,0
8244.1,10.1289,0.291,318.3,229.12724,1.081,0.957,5822.0,0.0328,1
1843.4,2.6969,0.778,90.1,81.52411,1.081,0.957,5822.0,0.3073,1
4952.0,1.6477,1.284,180.6,230.32713,1.795,1.299,6089.0,0.0797,0
7019.0,19.292,0.74,56.0,1117.0217,1.086,1.129,6384.0,0.6923,0
1717.5,6.551,1.27,365.7,293.41263,4.319,1.807,5438.0,0.8751,0
402.5,6.788,0.014,30.7,22.512974,1.033,1.083,6341.0,0.3211,0
2486.6,5.796,0.9,61.9,58.213543,0.881,0.834,5043.0,0.6614,1
1154.8,3.5641,0.812,38.0,32.675938,0.728,0.813,5333.0,0.0307,1
385.2,3.7419,0.219,35.1,27.37242,1.004,0.865,5334.0,0.262,1
2608.1,2.7316,0.045,166.3,152.47115,0.922,1.021,5739.0,0.384,1
4590.6,3.16877,0.512,4061.9,6790.604,3.031,2.466,9107.0,0.7766,1
6536.0,4.589,0.066,794.3,782.15466,1.307,1.304,6490.0,0.2555,1
834.9,3.211,0.916,59.1,49.552048,0.887,0.978,5926.0,0.4312,1
902.0,4.9381,0.838,39.3,30.908642,0.887,0.978,5926.0,0.9483,1
1467.9,5.317,1.161,18.3,17.833073,0.44,0.459,3687.0,0.9835,0
283.5,3.319,1.165,35.4,31.484688,1.707,1.122,5949.0,0.4704,0
677.8,6.569,0.934,33.6,26.899374,1.494,1.043,5821.0,0.9878,1
492.1,2.235,0.067,19.3,16.374609,1.252,1.273,6320.0,0.5486,1
290.6,5.624,0.026,15.6,12.68478,0.966,0.983,5959.0,0.917,1
1360.1,3.6716,0.715,249.7,218.05376,0.776,0.867,4957.0,0.9538,1
408.5,5.714,1.204,100.1,16.655014,1.954,1.158,6151.0,0.9983,0
766.6,4.7476,0.015,43.2,37.201897,0.937,1.026,5957.0,0.8594,1
798.9,3.4967,0.018,147.2,132.78516,0.812,0.776,5551.0,0.8981,1
421.6,3.0822,0.866,24.6,20.159246,1.004,0.865,5334.0,0.8115,1
233.3,2.716,0.349,25.6,19.352438,1.004,0.865,5334.0,0.9316,1
898.3,11.5372,0.034,97.4,89.57583,1.034,0.852,5751.0,0.0002,1
352.3,1.771,0.524,34.7,29.484695,1.002,0.867,5359.0,0.4844,1
529.8,3.8633,0.015,54.3,45.437744,1.058,1.108,6321.0,0.2037,1
2039.7,2.7144,0.494,120.9,111.296486,0.81,0.786,4743.0,0.4975,1
1444.4,8.2806,1.251,139.5,42.96932,0.974,0.959,6108.0,0.8246,0
1300.7,1.243,0.123,60.0,96.205444,0.72,0.781,4859.0,0.2119,1
36719.0,2.44093,0.485,2981.3,6326.1567,0.116,0.094,2661.0,0.7729,0
37545.0,6.37505,0.512,1642.2,1526.5381,0.789,0.885,5383.0,0.0945,0
5897.4,2.4894,4.246,130.0,188.8726,0.742,0.806,5415.0,0.5781,0
5811.5,3.3208,0.878,603.4,1791.0647,1.638,1.366,6631.0,0.8964,0
12992.0,6.9547,0.842,2477.0,2029.0355,1.831,1.112,6208.0,0.77,0
2969.2,12.8164,0.911,294.8,94.497665,0.863,0.954,5873.0,0.9009,0
7240.1,6.5868,0.981,445.7,362.06412,1.761,1.406,7066.0,0.5963,0
598.9,4.02,1.199,36.7,29.506588,0.96,1.047,5982.0,0.9918,0
4653.6,3.6734,0.0,54.7,55.328773,1.213,1.033,5778.0,0.6892,1
451.1,2.8437,0.018,52.4,19.317184,0.711,0.714,4768.0,0.9599,0
448.6,2.303,0.732,10.5,20.377878,0.728,0.836,4983.0,0.7264,1
536.4,6.221,0.979,31.7,26.762255,1.24,0.884,5896.0,0.8519,1
363.0,3.0137,0.645,28.6,22.859743,1.002,0.867,5359.0,0.1831,1
415.3,6.606,1.225,88.8,19.350386,0.48,0.512,3682.0,0.7877,0
511.5,1.7244,0.899,56.3,48.294144,0.863,0.854,5357.0,0.2142,1
61.4,2.7,0.454,11.4,9.91662,0.863,0.854,5357.0,0.2828,1
503.0,1.9374,0.939,20.8,18.007523,1.001,1.079,6063.0,0.8777,1
254.7,2.276,0.639,86.3,8.112607,0.725,0.81,5346.0,0.9988,0
1821.0,0.5532,0.83,111.4,70.81955,0.148,0.132,3292.0,0.9976,1
1461.5,0.4445,0.81,150.4,10.459189,0.148,0.132,3292.0,0.9866,1
6165.2,4.4618,0.948,806.5,734.361,1.284,1.114,6211.0,0.0249,0
1124.8,0.4279,0.785,56.9,33.096786,0.148,0.132,3292.0,0.9296,1
6862.8,3.07626,0.733,1293.1,5358.328,2.493,2.76,10816.0,0.5087,0
71318.0,3.3208,1.047,274.9,1292.6384,1.035,1.018,5730.0,0.0,0
1926.6,2.4305,1.266,137.5,64.74856,0.959,1.011,5962.0,0.0,0
1298.1,10.7381,1.239,149.3,55.101536,1.076,1.126,6306.0,0.5251,0
5536.0,6.8575,0.908,157.8,262.10284,1.077,0.952,5766.0,0.0,0
1039.0,4.9699,1.04,124.3,103.12402,0.922,1.0,6038.0,0.2107,0
1057.7,1.0225,1.344,56.3,26.984055,0.655,0.713,5122.0,1.0,0
1346.6,4.42,0.545,40.8,32.536316,0.755,0.84,5142.0,0.0419,1
831.3,2.4184,0.694,29.3,25.364767,0.755,0.84,5142.0,0.8446,1
128.2,1.103,0.442,13.2,11.504973,0.755,0.84,5142.0,0.9497,1
1419.1,4.8027,0.004,51.8,41.289803,0.599,0.595,4016.0,0.5317,1
4119.2,4.74,0.796,161.5,135.41301,0.897,0.846,5618.0,0.8768,1
4319.7,4.3823,1.252,106.2,92.3644,0.897,0.846,5618.0,0.8415,1
599.7,1.9588,0.891,31.1,26.910467,0.517,0.516,3883.0,0.2239,1
515.3,1.4279,0.795,99.8,42.134464,0.699,0.799,4815.0,0.6239,1
2378.8,9.992,0.196,49.4,45.572163,0.969,0.981,5644.0,0.234,1
131.0,5.1462,0.079,33.8,21.704592,1.518,1.036,5761.0,0.4115,1
266.1,2.0678,0.368,48.9,40.34683,1.08,0.926,5534.0,0.4681,1
450.5,0.9393,0.94,32.9,23.289696,1.08,0.926,5534.0,0.857,1
409.3,11.721,0.943,60.9,27.981884,4.361,1.381,4838.0,0.7056,1
183.4,14.522,0.034,45.3,19.48658,4.361,1.381,4838.0,0.9548,1
259.8,2.0206,0.204,23.3,20.749485,0.878,0.817,5114.0,0.9831,1
202.6,2.909,0.013,14.3,11.189779,0.878,0.817,5114.0,0.2224,1
210.9,1.9139,0.015,22.1,17.918095,0.829,0.8,5576.0,0.6736,1
243.9,2.361,0.143,20.6,14.930003,0.829,0.8,5576.0,0.3934,1
253.2,2.661,0.04,17.4,11.950892,0.829,0.8,5576.0,0.685,1
716.4,4.6919,0.568,109.3,95.65456,1.124,0.969,5788.0,0.0416,1
442.7,2.2746,0.633,26.4,23.153551,0.986,1.093,5993.0,0.2346,1
379.8,1.6408,0.664,15.2,11.391634,0.986,1.093,5993.0,0.6002,1
803.1,4.522,0.269,26.2,19.91233,0.808,0.821,5296.0,0.2855,1
705.6,3.0479,0.301,32.1,26.062698,0.808,0.821,5296.0,0.4502,1
1070.7,2.3024,0.664,40.3,32.21275,0.611,0.662,4463.0,0.5176,1
908.9,2.0831,0.805,21.3,16.82331,0.611,0.662,4463.0,0.2162,1
1543.6,4.168,0.758,27.5,21.88943,0.611,0.662,4463.0,0.0014,1
428.5,4.148,0.953,34.5,28.989138,0.999,0.903,5616.0,0.5535,1
238.8,1.7895,0.506,32.0,26.694933,1.181,1.125,6358.0,0.3747,0
737.8,4.6483,0.477,201.1,178.65834,1.173,0.927,5746.0,0.7293,1
292.7,2.7215,0.207,27.4,24.561169,0.998,1.074,6092.0,0.1726,0
316.4,5.5677,0.022,48.3,36.90624,1.105,1.145,6387.0,0.9353,1
394.0,4.014,0.779,14.6,9.017555,0.829,0.8,5576.0,0.9223,1
780.8,3.5729,0.807,33.0,27.30246,1.071,0.926,5514.0,0.6403,1
564.6,2.3351,0.826,28.7,23.735342,1.071,0.926,5514.0,0.6883,1
1083.3,9.5574,0.011,83.1,57.479816,1.046,0.921,5657.0,0.5198,1
429.2,5.5545,0.711,42.8,38.17304,1.354,0.947,5655.0,0.1304,1
707.9,3.751,0.073,27.8,22.088585,0.808,0.821,5296.0,0.2093,1
331.7,2.558,0.327,19.6,14.922149,0.808,0.821,5296.0,0.9122,1
270.2,2.1729,0.16,17.5,13.412409,0.808,0.821,5296.0,0.3721,1
295.7,1.3233,0.678,17.9,14.378395,0.876,0.993,5650.0,0.8175,0
987.7,4.6509,0.548,50.7,38.617783,0.941,1.038,5798.0,0.3284,1
256.4,4.801,0.321,16.6,14.513995,0.999,0.903,5616.0,0.0032,1
170.2,2.545,0.043,18.0,14.135632,0.999,0.903,5616.0,0.9155,1
322.8,6.512,0.115,15.0,11.1404295,0.999,0.903,5616.0,0.3227,1
616.3,3.453,0.054,20.1,19.597445,0.84,0.934,5775.0,0.7168,1
246.5,2.0424,0.047,23.9,18.235683,0.782,0.761,4798.0,0.565,1
20632.0,4.15886,0.703,1454.3,3950.9128,2.26,1.3,6520.0,0.0141,0
41924.0,4.2608,0.773,396.8,1286.583,0.874,0.968,5845.0,-1.0,0
51746.0,10.6141,12.773,898.4,1112.0742,0.898,0.978,6004.0,0.0,0
16185.0,1.7945,1.244,272.3,417.58163,0.995,1.044,6113.0,-1.0,0
288.7,4.6677,0.296,50.6,36.0002,1.792,1.399,6306.0,0.1888,1
451.2,3.9622,0.861,31.7,27.225363,1.71,1.084,5372.0,0.1468,1
630.8,7.2487,0.544,54.9,46.45182,2.562,1.468,6056.0,0.8415,1
249.6,3.3153,0.083,25.8,22.47045,1.296,1.185,6110.0,0.1197,1
143.8,0.8907,0.967,48.2,10.736804,0.954,0.956,5991.0,0.8438,0
1109.8,4.432,0.927,29.1,22.053192,0.941,1.038,5798.0,0.938,1
7251.5,4.56904,0.075,2486.5,2268.56,1.746,1.319,6290.0,0.0,1
636.3,3.3759,0.72,100.3,87.53735,0.766,0.816,5078.0,0.5863,1
334.8,1.0258,0.324,53.8,36.96481,0.853,0.806,5073.0,0.9971,1
7419.8,5.1095,1.264,110.3,91.4856,1.086,0.94,5714.0,0.8906,0
639.7,2.6658,1.166,41.3,51.785847,0.762,0.848,5758.0,0.7186,0
563.9,8.587,0.638,56.4,46.191032,0.881,0.97,5968.0,0.4931,1
354.2,2.749,0.967,34.4,28.358614,0.881,0.97,5968.0,0.8967,1
211.6,2.2664,0.009,26.8,21.959381,0.881,0.944,5814.0,0.0307,1
348.5,3.853,0.359,24.6,20.443975,0.881,0.944,5814.0,0.8203,1
895.2,4.4788,1.205,203.6,86.12313,10.396,2.581,5487.0,0.7297,0
2972.3,8.6068,1.254,167.1,122.51739,0.802,0.75,5203.0,0.708,0
591.0,2.6332,0.26,77.5,59.488434,0.54,0.56,3980.0,0.5084,1
1974.1,5.9139,0.019,95.5,61.00949,1.0,1.0,5780.0,0.6906,0
3450.5,3.8552,1.256,220.3,244.16704,1.096,0.954,5874.0,0.9011,0
160.6,8.653,0.129,36.9,22.157326,3.464,1.268,4986.0,0.3233,1
55.4,6.625,0.898,28.5,20.20837,1.613,1.266,5855.0,0.9844,1
316.1,4.2246,0.017,53.8,40.980724,1.046,0.921,5657.0,0.6703,1
42086.0,3.2205,1.323,300.6,1758.7235,0.891,0.944,5650.0,0.0,0
222.5,2.8349,0.732,31.9,27.806568,1.4,0.995,5611.0,0.1948,1
458.4,2.2702,0.075,28.1,24.844032,0.794,0.886,5679.0,0.2881,1
261.2,1.756,0.547,56.9,19.69466,0.871,0.939,5747.0,0.0867,0
185.1,2.5305,0.767,36.9,27.81583,0.899,0.893,6063.0,0.1087,0
195.8,1.9257,1.146,37.7,25.053722,1.169,0.979,5687.0,0.5847,0
231.0,2.3379,0.536,20.2,15.08037,0.881,0.944,5814.0,0.9148,1
255.5,3.567,0.581,15.5,12.549701,0.967,0.974,6052.0,0.0777,1
201.7,5.6743,0.259,44.0,33.104385,1.35,1.039,5685.0,0.9058,1
2013.3,24.108,0.336,234.6,77.076385,1.727,1.164,5910.0,0.1407,1
255.3,3.407,0.017,19.0,17.257557,0.991,1.06,6185.0,0.3826,1
7311.6,4.2326,0.0,241.9,214.94081,1.12,0.963,5522.0,0.0783,1
2828.4,7.06,0.825,96.8,83.923164,0.884,0.984,5717.0,0.6455,1
593.5,5.688,0.561,30.0,24.705685,0.884,0.984,5717.0,0.4667,1
1707.4,4.192,0.883,21.8,18.454786,0.884,0.984,5717.0,0.339,1
880.9,4.5346,1.226,86.7,32.83695,0.473,0.485,3755.0,0.8671,0
19762.0,3.4422,1.229,376.5,826.91174,0.97,1.001,6121.0,0.9598,0
29090.0,3.8828,13.239,257.8,294.42953,0.789,0.879,5776.0,0.0,0
13356.0,3.7769,0.407,343.4,336.95108,0.782,0.872,5127.0,0.6928,1
6227.5,2.0221,1.268,392.2,469.62744,0.83,0.741,5486.0,0.0023,0
16878.0,4.1073,0.825,109.7,606.2019,1.006,1.074,6181.0,-1.0,0
2358.6,4.012,0.873,81.7,79.74445,1.286,1.09,6018.0,0.2828,1
254.2,4.568,1.199,32.9,27.41521,2.145,1.373,7131.0,0.6219,0
194.3,2.8823,0.808,37.6,34.60856,1.985,1.168,6093.0,0.0001,0
198.5,4.623,0.634,20.9,18.354597,1.176,1.155,6096.0,0.0174,1
232.3,6.0752,0.862,45.0,35.863037,0.943,0.83,5687.0,0.1122,0
2807.1,1.9197,1.274,250.8,1460.8717,1.349,1.045,6218.0,0.0,0
510.6,3.651,0.166,107.1,85.64559,1.439,1.123,6122.0,0.7027,1
50078.0,3.74464,0.733,1555.4,2461.2927,0.897,0.851,5952.0,0.0556,0
19837.0,6.2701,1.228,334.8,1522.2762,1.305,1.076,6296.0,0.1422,1
77474.0,5.6716,0.257,3622.7,4301.102,0.772,0.863,5620.0,0.9306,0
12072.0,2.2245,0.811,104.5,349.56705,15.113,3.468,5560.0,0.5948,0
1210.5,3.799,0.022,31.8,16.799067,14.296,1.812,4631.0,0.9938,0
5032.9,11.4997,0.249,162.3,120.222275,1.593,1.031,5588.0,0.0001,1
358.7,2.3683,0.179,56.4,42.199,0.54,0.56,3980.0,0.1985,1
367.8,3.106,0.906,18.1,14.239111,1.593,1.031,5588.0,0.7788,1
3070.8,3.4804,0.041,93.6,122.1254,0.777,0.807,5107.0,0.2835,0
1414.4,13.262,1.24,62.5,49.232666,0.774,0.865,4931.0,0.3427,0
6154.9,2.4108,0.582,247.8,246.02412,0.913,1.004,5926.0,0.9883,1
1381.3,2.0847,1.24,169.0,20.874199,0.878,0.847,5359.0,0.9726,0
2829.7,3.4062,0.079,150.9,139.00804,0.833,0.925,5813.0,0.6847,1
19981.0,2.2868,0.988,1108.5,1147.6056,0.973,0.859,5465.0,0.359,0
269.6,4.119,0.967,35.3,28.802832,2.097,1.162,6020.0,0.1897,0
800.3,6.222,1.167,19.3,14.437648,0.826,0.771,5346.0,0.5438,0
35.6,1.9603,0.552,20.8,14.8852005,0.943,0.83,5687.0,0.1323,0
172.3,2.4143,0.742,35.3,29.15205,0.96,0.924,5637.0,0.9944,1
64.5,1.9797,0.122,48.5,16.241411,0.676,0.756,4699.0,0.598,0
62929.0,4.3056,0.683,456.6,2408.5974,1.053,1.15,6161.0,0.1622,0
45982.0,3.6973,0.004,258.8,1821.1746,1.094,1.083,6185.0,0.5777,0
295.5,2.938,0.816,20.7,18.6186,0.986,0.951,5822.0,0.5272,1
311.4,6.26,0.985,46.9,35.82557,2.43,1.874,8014.0,0.8915,0
131.8,1.6274,0.157,75.3,21.097862,1.003,0.977,5475.0,1.0,1
248.2,1.9742,1.149,39.3,28.775116,3.403,1.598,5117.0,0.2584,0
438.4,6.539,0.481,33.8,25.53434,1.164,1.233,6121.0,0.4467,1
1033.0,4.0136,0.848,40.1,33.003277,0.822,0.907,5616.0,0.1619,1
437.2,3.2551,1.25,74.5,19.843004,0.87,0.968,5730.0,0.6674,0
915.6,3.9908,0.242,58.0,45.465565,0.492,0.513,3823.0,0.371,1
522.5,2.5128,1.646,33.6,31.756065,0.85,0.924,6123.0,0.619,0
271.2,1.8136,1.121,104.5,17.290117,2.089,1.466,6426.0,0.0908,0
1112.5,5.022,0.017,32.6,30.042027,0.88,0.819,5102.0,0.655,1
1048.1,4.486,1.222,43.0,33.64578,0.694,0.682,4641.0,0.9712,0
709.1,4.2902,0.001,36.3,30.262682,1.522,1.04,5661.0,0.0785,1
46379.0,3.3411,0.777,336.4,3035.8984,1.041,1.013,6250.0,0.6738,0
36855.0,1.92102,1.157,628.3,1920.8892,0.618,0.612,5211.0,-1.0,0
50834.0,4.98308,1.258,1309.3,1281.905,0.891,0.974,6077.0,0.0767,0
876.5,2.7884,0.451,93.6,84.771255,0.799,0.838,5211.0,0.3071,1
18006.0,2.68228,1.238,633.1,1758.8936,0.937,0.939,5912.0,0.0,0
60186.0,5.02319,1.137,2065.8,2734.8323,0.957,0.991,5934.0,0.0102,0
112.8,4.6766,0.573,36.3,27.370365,1.458,1.225,6221.0,0.0088,1
46148.0,2.7545,1.111,292.7,2650.176,1.044,1.021,6207.0,0.0,0
159410.0,6.0203,0.877,420.9,1974.3575,1.691,1.174,6594.0,0.5557,0
12831.0,5.7777,0.739,366.8,738.1443,1.691,1.174,6594.0,0.6471,0
42122.0,2.7189,0.079,91.6,844.7347,1.198,1.173,5892.0,1.0,0
865.4,1.1816,0.597,59.0,41.12044,0.786,0.882,5320.0,0.9073,1
1430.8,2.8971,0.54,163.5,137.93265,0.54,0.56,3980.0,0.3215,1
489.3,2.2603,0.03,34.1,21.786615,0.786,0.882,5320.0,0.7008,1
1239.4,5.595,0.819,62.6,46.182766,0.868,0.963,5668.0,0.0501,1
217.6,3.431,0.012,17.4,13.949024,1.522,1.04,5661.0,0.4297,1
589.7,6.172,0.298,20.9,17.116478,1.522,1.04,5661.0,0.2421,1
299.6,2.721,0.737,59.1,40.967316,0.732,0.812,5462.0,0.2058,0
654.8,4.39,1.214,35.7,28.871054,0.852,0.969,5421.0,0.2626,0
469.7,4.2447,0.77,93.6,72.13723,1.171,1.032,5881.0,0.3623,1
28450.0,9.6114,0.524,1305.9,1048.8611,0.892,0.955,6161.0,0.6476,0
23593.0,2.6428,0.986,192.2,1435.2046,0.953,1.036,6060.0,0.8058,0
9681.4,1.5497,0.618,152.6,510.0253,0.703,0.706,4368.0,1.0,0
7609.5,1.8071,1.036,202.1,481.54474,0.989,1.056,6217.0,0.9109,0
2647.7,3.76,0.754,125.6,83.22578,0.802,0.905,5944.0,0.6786,0
4786.0,1.9265,1.42,223.1,438.0961,0.931,0.883,5592.0,0.0046,0
10537.0,15.1596,5.011,297.0,1680.0522,0.847,0.931,6036.0,0.7994,0
6331.2,5.2147,0.048,392.3,340.98322,1.135,0.946,5847.0,0.5002,1
8725.4,3.0942,0.495,461.5,459.2871,0.887,1.009,5569.0,0.9255,1
1119.3,6.3212,0.018,99.5,91.00462,1.167,1.012,5900.0,0.6261,1
617.9,5.0394,0.036,47.7,40.07861,1.053,0.914,5478.0,0.1098,1
199.4,3.912,0.22,17.6,14.653385,1.053,0.914,5478.0,0.5118,1
133.6,2.1429,0.713,80.2,23.225883,1.851,1.179,6134.0,0.8469,0
1829.9,10.914,0.416,76.9,52.61262,2.17,1.613,6505.0,0.2702,1
445.3,3.802,0.416,26.6,22.117716,1.083,1.017,6100.0,0.0827,1
468.1,5.326,0.946,24.7,18.62881,1.083,1.017,6100.0,0.7735,1
550.0,5.246,0.868,19.0,14.215786,1.083,1.017,6100.0,0.2817,1
188.1,2.867,0.754,14.3,11.357054,1.083,1.017,6100.0,0.0296,1
1225.0,1.2968,0.169,39.8,58.371937,0.723,0.761,4917.0,0.4802,0
1449.2,1.6493,0.808,31.6,31.01034,0.865,0.983,5477.0,0.2825,1
715.7,2.2614,0.594,76.2,66.14145,0.795,0.84,5207.0,0.3994,1
814.6,3.1752,0.111,40.6,32.735558,0.903,1.006,5616.0,0.0568,1
327.4,2.523,0.178,19.6,15.119538,0.903,1.006,5616.0,0.1236,1
746.4,2.769,0.941,31.0,26.276468,0.772,0.726,5196.0,0.1182,1
319.7,6.973,0.955,26.8,21.42414,1.507,1.246,6143.0,0.4522,1
534.5,2.711,0.928,132.1,202.25903,3.325,2.053,8040.0,0.0789,0
476.0,3.001,0.584,19.4,12.769576,1.324,1.101,6198.0,0.1192,1
624.4,6.148,0.007,39.4,32.728817,0.872,0.793,5600.0,0.6348,1
778.4,4.5706,0.004,119.3,94.94626,1.046,0.921,5657.0,0.4705,1
791.7,6.43,0.273,40.5,31.948462,0.872,0.793,5600.0,0.2235,1
140.0,4.907,0.037,13.2,11.264972,0.872,0.793,5600.0,0.2797,1
162.7,5.425,0.105,13.3,11.99926,0.872,0.793,5600.0,0.8593,1
259.7,1.8604,0.036,30.1,24.998684,0.815,0.879,5194.0,0.6009,1
232.7,2.9247,0.33,31.3,26.349789,0.96,0.899,5823.0,0.6705,1
263.0,2.8084,0.709,26.7,22.689085,1.313,1.0,5689.0,0.397,1
888.7,2.2441,0.877,38.1,33.193825,0.864,0.916,5774.0,0.276,1
483.4,4.736,1.148,55.2,67.89688,1.033,1.061,6406.0,0.7452,0
512.9,3.981,0.027,27.8,24.798525,0.993,1.101,6014.0,0.8873,1
995.3,3.0331,0.034,33.2,26.414825,0.54,0.559,3976.0,0.1122,1
101.2,3.732,0.727,38.5,30.406467,1.32,1.046,6309.0,0.1567,0
277.1,4.022,0.117,18.5,15.954517,1.122,1.005,5730.0,0.1431,1
107.1,2.4551,0.601,43.9,19.094875,1.334,0.858,5959.0,0.9478,0
188.1,2.971,0.257,18.0,14.714512,1.047,0.875,5776.0,0.8851,1
241.3,8.045,0.764,49.1,37.068684,1.857,1.179,5968.0,0.6412,1
335.8,4.7892,0.035,55.2,42.90383,1.067,0.946,5768.0,0.5121,1
103.2,4.296,0.122,19.8,16.245525,1.067,0.946,5768.0,0.7969,1
227.5,3.6112,0.688,39.3,31.30928,1.971,1.077,5743.0,0.3275,0
496.6,2.493,0.048,20.4,17.370657,0.849,0.939,5776.0,0.6312,1
256.5,8.864,0.907,63.0,43.234566,1.571,1.081,5977.0,0.44,1
74.9,1.4012,0.918,16.3,15.105959,1.171,1.032,5881.0,0.4825,1
124.8,2.563,0.47,20.6,18.182915,1.371,1.198,6547.0,0.1407,0
230.7,3.0083,0.118,28.4,24.762657,1.215,1.091,5940.0,0.374,1
176.0,2.7282,0.0,25.6,21.186813,0.969,0.868,6224.0,0.518,1
299.6,2.4566,0.655,27.4,21.606169,0.969,0.868,6224.0,0.1856,1
781.3,3.2208,0.073,25.9,21.387459,0.45,0.479,3751.0,0.1702,1
425.7,4.1988,0.243,132.0,85.9939,1.378,1.224,6236.0,0.4412,1
509.2,5.135,0.947,23.7,21.22158,1.172,1.253,6311.0,0.0057,1
569.5,4.1886,0.734,57.0,47.52569,1.009,1.069,6244.0,0.3614,1
510.6,3.3094,0.766,32.5,25.620432,0.553,0.551,3957.0,0.6231,1
278.1,7.118,0.39,38.2,29.75981,1.857,1.179,5968.0,0.8242,1
211.2,4.2372,0.01,36.8,29.527637,1.435,1.195,5800.0,0.0876,1
99.8,3.663,0.719,27.5,23.218267,1.111,1.154,6341.0,0.3186,0
314.7,4.9595,0.046,42.5,36.15261,0.996,0.911,5618.0,0.9765,1
977.5,2.6766,0.74,135.8,122.09825,0.693,0.768,4728.0,0.7416,1
65.3,5.7696,0.951,37.5,27.057947,1.395,0.907,5774.0,0.2432,1
12152.0,3.06941,1.255,441.7,2983.6934,2.046,1.434,6338.0,0.0,0
960.0,5.4921,0.023,122.8,93.95543,1.046,0.921,5657.0,0.0093,1
2899.8,2.0909,1.269,161.2,64.95317,0.81,0.907,5546.0,0.9588,0
6120.1,3.0257,1.264,166.3,189.43683,0.809,0.837,5344.0,0.9876,0
138.5,1.0134,0.533,25.4,20.48621,1.132,1.018,6309.0,0.9041,0
112.0,2.874,0.532,25.9,22.847801,1.257,0.972,6060.0,0.4353,1
56545.0,3.278,1.082,24.7,5284.718,0.894,0.987,5868.0,-1.0,0
30431.0,5.48509,0.001,2294.1,2348.2366,1.346,1.039,5945.0,0.9844,0
18377.0,3.8459,3.346,157.2,787.046,0.83,0.928,5598.0,0.4045,0
700.8,2.611,0.96,30.8,25.015602,0.855,0.727,5818.0,0.7112,1
659.5,4.6672,0.637,42.6,36.716682,1.025,1.088,6191.0,0.1552,1
412.5,9.109,0.845,57.9,38.693222,1.314,1.196,5988.0,0.0391,1
200.4,9.117,0.931,32.7,22.816101,0.886,0.8,5607.0,0.9239,1
190.0,8.392,0.804,23.4,16.619741,0.886,0.8,5607.0,0.7363,1
224.1,6.538,0.961,17.2,12.932612,0.886,0.8,5607.0,0.202,1
133.6,2.5561,0.861,24.4,19.20714,1.421,0.943,5426.0,0.7553,1
175.9,7.874,0.802,32.3,18.599192,3.051,1.414,5010.0,0.3745,1
141.5,11.233,0.498,24.1,13.911419,3.051,1.414,5010.0,0.4778,1
13064.0,5.62857,0.799,1509.3,2522.4429,0.838,0.926,5845.0,0.2773,0
6721.2,23.192,1.3,647.1,2053.0015,1.211,1.229,6568.0,0.9151,0
8506.6,5.8796,0.615,212.5,200.66483,1.072,1.116,6392.0,0.6734,1
4676.0,2.4078,0.561,116.1,138.00688,0.812,0.804,5284.0,0.0014,0
3822.9,4.3117,1.3,172.9,168.28168,0.943,1.02,6146.0,0.5501,0
1097.1,5.8574,0.995,229.7,22.272017,0.891,0.778,5897.0,1.0,0
1502.5,1.7684,1.236,94.3,79.45951,0.959,1.045,5999.0,0.0003,0
4201.0,2.0467,1.279,126.6,135.0635,0.958,1.043,6014.0,0.0986,0
660.7,3.354,0.957,68.4,63.54222,1.178,0.991,6375.0,0.3331,0
27442.0,3.8762,7.444,114.5,1759.6283,1.169,1.196,6440.0,0.0032,0
3425.0,2.3621,1.272,291.1,467.91693,1.175,0.995,5916.0,-1.0,0
1318.6,6.223,0.924,86.3,68.66461,0.651,0.705,5030.0,0.5653,0
12390.0,9.0191,0.101,544.7,167.6314,1.115,0.998,5933.0,0.0,1
429.8,3.482,0.87,23.4,18.697369,1.115,0.998,5933.0,0.2131,1
415.2,6.0633,0.034,95.4,64.19754,1.518,1.036,5761.0,0.9198,1
32.1,3.237,0.715,36.1,31.986753,3.685,2.218,7516.0,0.7002,0
25070.0,4.2721,0.133,171.4,1486.8234,0.992,0.959,6039.0,0.5786,1
11356.0,1.881,6.787,183.0,188.63396,0.805,0.893,5761.0,0.5195,0
9695.0,1.8014,10.047,89.7,154.93022,0.838,0.928,5447.0,0.893,0
83298.0,9.1713,0.776,885.9,1305.529,1.452,0.934,5323.0,0.0112,0
20739.0,2.1064,0.926,142.7,2422.5334,0.82,0.916,5665.0,0.0,0
17846.0,2.5714,0.812,424.6,1846.5966,0.798,0.737,5319.0,0.1145,0
748.7,2.5394,0.672,141.4,129.67842,0.693,0.768,4728.0,0.278,1
7343.4,24.9393,0.263,527.8,104.95686,6.836,1.663,5019.0,0.0013,0
779.8,6.255,0.982,72.7,60.218052,1.275,1.283,6739.0,0.2358,0
10559.0,3.59385,0.079,3003.8,2986.2598,1.291,1.047,5640.0,0.9583,1
1376.1,4.2817,0.69,128.0,102.289505,1.046,0.921,5657.0,0.7594,1
697.7,2.1626,1.332,79.6,52.634834,0.802,0.862,6089.0,0.9505,0
32634.0,4.20416,0.664,2590.6,5772.035,1.129,0.922,5821.0,0.0,0
607.3,5.4993,1.218,92.2,32.634186,0.996,0.98,5739.0,0.1604,0
3425.8,5.2637,0.398,81.8,79.500046,1.442,1.017,5671.0,0.0427,1
1397.9,2.2599,0.445,63.9,51.430588,0.714,0.799,4769.0,0.7087,1
904.6,1.7458,0.799,178.6,177.66934,0.791,0.878,4989.0,0.7822,1
2204.3,1.7419,1.28,150.0,79.33387,0.967,0.982,6119.0,0.0,0
1336.3,1.8734,0.026,41.1,33.209076,0.383,0.394,3526.0,0.9729,1
1607.5,2.8407,0.217,34.4,25.069052,0.383,0.394,3526.0,0.9754,1
206.7,6.0765,0.153,40.3,31.076239,1.518,1.036,5761.0,0.9852,1
2691.1,7.0813,0.001,35.3,73.681496,0.58,0.565,4260.0,0.0249,0
18563.0,9.3537,0.915,508.4,475.8069,0.872,0.834,5316.0,0.1971,0
1132.7,1.5878,0.973,67.0,34.94365,1.485,1.514,7021.0,0.9299,0
435.7,2.2858,1.097,38.7,18.882895,0.863,0.944,6084.0,0.7921,0
508.4,3.2551,1.208,50.4,43.582928,0.863,0.959,5764.0,0.0,0
265.4,2.781,0.979,37.8,16.354301,1.072,1.117,6371.0,0.9993,0
1462.5,2.013,0.025,42.1,35.173687,0.582,0.596,4141.0,0.3713,1
1105.1,5.506,0.019,18.0,10.743563,0.582,0.596,4141.0,0.8779,1
946.7,14.9066,0.11,116.2,57.70616,4.157,1.352,4976.0,0.8232,1
434.5,1.1487,0.726,95.8,17.12007,0.53,0.526,4441.0,1.0,1
797.4,2.9899,0.663,30.4,25.154327,0.882,0.875,5291.0,0.8598,1
779.5,2.6277,0.025,30.7,25.053642,0.714,0.799,4769.0,0.508,1
371.7,1.9985,0.063,19.9,15.45596,0.714,0.799,4769.0,0.8901,1
316.7,1.6795,0.035,19.6,14.618407,0.714,0.799,4769.0,0.5831,1
1357.5,5.5556,0.41,55.2,47.76845,0.85,0.886,5986.0,0.0626,1
748.7,1.853,0.763,16.8,12.358445,0.383,0.394,3526.0,0.5333,1
4107.0,3.7197,0.017,39.9,40.269047,1.659,0.945,5066.0,0.2033,1
494.9,1.5681,0.067,65.9,51.330387,0.701,0.778,4838.0,0.0124,1
546.7,2.1635,0.282,50.0,40.152252,1.176,0.965,5632.0,0.7341,1
1004.9,6.0573,0.028,73.4,55.260147,0.897,0.846,5618.0,0.7236,1
778.8,8.491,0.878,58.4,23.64805,1.697,1.164,6366.0,0.0438,1
396.0,6.74,0.847,45.9,26.122381,1.697,1.164,6366.0,0.0427,1
2053.9,4.6577,1.292,58.0,72.012405,1.039,1.116,6022.0,0.0014,0
514.2,6.9592,0.015,44.0,35.511765,0.965,1.075,5936.0,0.4189,1
935.0,5.303,0.366,28.9,24.432262,0.882,0.875,5291.0,0.3814,1
853.0,7.316,0.811,48.3,38.47574,0.962,1.05,5949.0,0.3117,1
588.8,6.3794,0.217,59.0,40.456486,1.046,0.921,5657.0,0.4608,1
313.0,2.909,0.033,17.0,14.917146,0.959,1.045,5999.0,0.8827,1
252.9,5.908,0.002,21.8,18.558228,1.616,1.035,5557.0,0.7443,1
171.9,2.8264,0.349,32.9,27.30037,0.989,1.058,6201.0,0.8814,1
24012.0,5.3737,0.197,1266.2,1235.1017,0.993,1.101,6014.0,0.4375,0
1063.5,3.612,0.989,39.2,44.320175,2.758,1.209,5754.0,0.876,0
382.9,1.362,1.167,22.0,17.977749,1.17,1.053,5956.0,0.7416,0
436.3,1.3988,0.461,33.8,28.085926,0.574,0.587,4198.0,0.2848,1
296.0,7.426,0.954,33.9,25.757719,1.042,0.915,5868.0,0.1957,1
343.0,2.5574,0.227,32.6,26.790169,0.861,0.817,4929.0,0.8442,1
238.4,3.2645,0.963,21.7,17.930645,1.171,1.034,5610.0,0.7985,1
961.1,9.556,0.354,37.2,27.712896,1.08,0.964,6127.0,0.7183,1
807.2,1.5485,0.049,45.1,37.11104,0.836,0.849,5155.0,0.2044,1
831.9,3.9475,0.49,34.3,27.321852,0.769,0.86,5180.0,0.2721,1
293.6,8.545,0.01,77.1,26.819674,1.843,0.931,4951.0,0.7444,0
550.5,2.1978,0.652,35.3,27.554878,0.873,0.797,5258.0,0.868,1
462.4,2.9423,1.2,118.2,10.002772,0.826,0.917,5717.0,0.7945,0
1745.7,1.8268,0.267,114.7,119.19753,0.691,0.76,4723.0,0.0423,1
1308.6,2.9029,0.149,63.1,57.264797,0.691,0.76,4723.0,0.0629,1
965.9,1.1165,0.718,37.7,33.973896,0.691,0.76,4723.0,0.8381,1
671.4,3.2027,0.075,66.5,91.12792,0.853,0.952,5632.0,0.1082,1
258.9,1.4259,0.331,22.2,20.58173,0.691,0.76,4723.0,0.9398,1
276.7,1.7732,0.063,40.9,33.823353,0.858,0.961,5430.0,0.9643,1
191.2,1.9398,0.599,26.6,24.846485,1.383,1.005,6116.0,0.4211,0
206.9,4.2642,0.107,34.3,29.118622,1.156,0.974,5903.0,0.718,1
168.1,4.894,0.732,20.3,15.556038,1.156,0.974,5903.0,0.8902,1
440.8,5.7047,0.002,43.4,36.333233,0.971,1.004,5997.0,0.1768,1
1043.8,5.514,0.956,21.2,18.527948,0.831,0.887,5243.0,0.1332,1
675.8,6.118,0.311,27.2,22.120796,1.433,0.933,5339.0,0.5352,1
9655.7,4.28889,0.049,1245.7,1185.7482,1.373,0.937,5803.0,0.0989,1
322.8,7.491,0.749,22.9,19.304756,0.837,0.92,5822.0,0.5842,1
993.4,6.888,0.873,31.9,29.14388,0.997,1.072,6108.0,0.1239,1
507.6,9.059,0.944,42.4,29.411352,1.171,1.241,6418.0,0.0056,0
792.8,2.824,0.252,20.2,17.202415,0.747,0.734,4723.0,0.2568,1
867.7,5.0478,0.266,49.2,41.834026,0.929,0.995,5900.0,0.0316,1
1037.0,3.4449,0.835,59.4,51.238586,0.701,0.686,4802.0,0.758,1
3758.6,2.2348,1.474,66.3,61.747883,0.912,0.923,5921.0,0.4074,0
7589.6,2.4657,0.927,148.1,165.29753,0.947,0.98,6132.0,0.658,0
566.6,4.2427,0.009,108.8,24.474972,0.609,0.621,4489.0,0.3398,0
2121.3,2.0718,0.978,50.5,50.46327,0.866,0.825,5931.0,0.5483,0
586.0,2.4623,1.234,44.4,15.3658285,0.904,0.991,5997.0,0.9647,0
120.1,1.6339,0.605,31.7,23.7931,0.949,0.935,5975.0,0.7446,0
30.7,1.262,0.548,23.2,21.635609,1.194,1.016,6139.0,0.3016,1
77.3,4.25,0.858,28.4,21.97962,1.308,0.974,6099.0,0.8177,1
3456.7,2.2959,1.283,292.1,563.29205,2.002,1.104,6378.0,0.8632,0
14431.0,2.2608,0.321,1549.0,1567.476,0.848,0.883,5167.0,0.1145,1
107.5,1.6484,0.007,37.6,45.450558,1.125,1.122,5992.0,0.5423,1
770.9,4.929,0.927,33.2,29.249092,0.969,0.986,6018.0,0.9999,1
1472.7,1.8915,0.019,49.2,73.38995,0.422,0.452,3609.0,0.3381,1
811.6,4.981,0.11,88.0,71.70658,0.729,0.817,4827.0,0.2391,1
3529.2,10.065,0.655,109.8,88.690445,0.818,0.907,5774.0,0.9022,1
11449.0,4.4157,1.278,69.9,592.3904,1.568,1.491,7238.0,0.2371,0
269.5,1.2216,0.562,28.9,11.872462,0.889,0.97,5776.0,0.9903,0
532.9,3.9988,0.742,36.6,30.119083,1.195,1.27,6213.0,0.5493,1
171.5,2.965,0.55,15.8,13.30873,1.195,1.27,6213.0,0.7075,1
728.1,4.3031,0.027,71.5,58.517822,0.885,0.782,5440.0,0.0023,1
101.9,2.637,0.272,12.1,10.959013,0.885,0.782,5440.0,0.2101,1
1328.6,2.93,0.812,51.9,40.321964,0.787,0.823,5103.0,0.0408,1
1033.9,3.613,0.929,34.7,27.025053,0.787,0.823,5103.0,0.3684,1
453.6,2.143,0.512,20.6,15.503878,0.787,0.823,5103.0,0.3799,1
996.8,2.398,0.578,20.4,13.798911,0.787,0.823,5103.0,0.9696,1
25027.0,3.93144,0.618,1131.7,1803.5532,1.035,1.096,6197.0,0.5186,0
131.6,2.6239,0.908,28.9,20.91329,1.207,1.113,6026.0,0.786,1
28.4,3.372,0.146,12.4,18.173906,1.543,1.326,6250.0,0.4248,1
164.6,5.3357,0.05,46.1,32.23092,1.877,1.197,6065.0,0.3425,1
463.0,4.5716,0.878,51.3,38.49001,0.806,0.808,5662.0,0.1348,1
987.5,4.995,0.034,27.1,21.455402,0.774,0.865,5654.0,0.6821,1
19939.0,4.3855,0.38,929.0,875.46204,1.003,1.064,6147.0,0.1142,0
645.2,5.253,0.151,22.1,17.33398,1.071,1.173,6090.0,0.8926,1
341.9,2.4005,0.129,38.8,33.38515,0.911,0.837,5185.0,0.878,0
499.4,2.046,0.146,30.8,23.59866,0.724,0.706,4831.0,0.3487,1
433.8,1.531,0.302,37.0,31.572254,0.759,0.843,5198.0,0.104,0
283.5,3.339,0.965,46.5,41.449924,2.623,1.372,6093.0,0.1199,0
2378.5,10.849,0.345,72.3,69.35844,0.943,0.916,5604.0,0.149,1
3437.0,5.3091,0.092,119.5,110.02427,1.0,1.114,5919.0,0.1809,1
796.1,1.3956,1.186,103.6,8.796906,0.856,0.946,5791.0,0.9941,0
347.4,2.081,0.676,17.1,13.080097,0.72,0.805,5394.0,0.9096,0
864.9,2.9153,0.507,48.2,38.200813,0.721,0.774,4955.0,0.9175,1
446.5,2.5137,0.88,28.2,21.927835,0.721,0.774,4955.0,0.457,1
1011.8,2.7292,0.298,31.3,25.841604,1.797,1.294,6068.0,0.7546,1
424.5,2.285,0.107,15.9,12.756395,1.797,1.294,6068.0,0.6817,1
480.7,3.4444,0.595,47.1,41.21705,1.149,1.226,6243.0,0.407,1
21125.0,6.0134,0.359,1126.2,1091.1238,0.765,0.74,4939.0,0.0757,1
132.7,2.1418,0.814,26.4,23.284727,1.166,1.1,5836.0,0.547,1
168.1,2.2136,0.168,32.9,27.731834,0.847,0.91,5251.0,0.403,1
415.4,3.036,0.034,20.7,16.84438,1.199,0.962,5619.0,0.3474,1
677.3,1.449,1.334,20.8,17.007568,0.936,0.974,5578.0,0.3684,0
601.7,3.792,0.006,20.1,16.678694,0.905,1.021,5754.0,0.315,1
217.8,3.689,0.353,23.6,20.465412,0.917,0.928,5447.0,0.6776,1
428.6,3.4874,1.21,93.0,41.979595,0.881,0.86,5947.0,0.9483,0
439.1,4.213,0.97,26.3,23.779182,0.908,0.996,5970.0,0.7739,1
916.1,7.102,0.872,40.9,31.592804,0.833,0.925,5813.0,0.0583,1
640.1,5.823,0.092,33.2,26.81022,0.992,1.063,6170.0,0.3846,1
804.8,5.22,0.837,29.7,26.71752,0.951,1.065,5900.0,0.9821,1
857.5,23.568,1.236,176.5,99.38497,1.493,1.095,6273.0,0.9393,0
800.0,4.269,0.756,34.8,27.02667,0.721,0.774,4955.0,0.4263,1
1051.6,5.902,0.864,28.9,22.303108,0.721,0.774,4955.0,0.4592,1
338.5,1.4577,0.545,34.2,26.506721,0.795,0.883,5708.0,0.9971,0
1215.6,2.8831,0.836,36.8,31.185875,0.699,0.738,4802.0,0.567,1
721.7,3.4617,0.907,57.4,47.97676,1.03,1.132,6108.0,0.6382,1
109.7,3.1381,0.953,27.7,23.504114,1.381,1.148,6056.0,0.2352,1
472.2,4.561,0.207,17.9,13.979327,0.891,0.854,5246.0,0.7165,1
530.7,2.2369,0.379,22.4,19.680035,0.743,0.833,5068.0,0.988,1
23915.0,3.05409,0.793,742.2,843.1109,0.817,0.897,5465.0,0.0338,0
1250.6,13.321,1.2,57.6,92.80495,97.41,1.673,3626.0,0.8841,0
10345.0,4.2854,0.306,1955.1,1973.1324,1.237,1.148,5972.0,0.4421,1
334.3,2.3581,0.625,36.7,32.87804,0.853,0.949,5743.0,0.8362,1
783.4,2.789,0.967,34.5,30.428164,0.826,0.927,5237.0,0.7842,0
443.4,6.6751,0.77,71.7,53.19904,1.518,1.296,6325.0,0.5182,1
396.8,1.8261,1.193,65.9,12.28706,1.031,1.087,6258.0,0.9831,0
19550.0,3.4479,0.612,123.3,1656.2042,0.878,0.929,5907.0,0.7336,0
549.4,4.634,1.212,47.7,32.33942,0.883,0.972,5955.0,0.8512,0
813.4,4.4617,0.663,53.1,46.059982,0.992,1.063,6170.0,0.7559,1
2090.8,3.2245,0.039,123.9,91.72884,0.921,1.003,6086.0,0.1363,1
196.4,3.198,0.943,15.4,13.1556225,0.968,1.038,5778.0,0.0566,1
308.3,4.799,0.064,24.3,22.176304,1.025,1.025,6093.0,0.8634,1
4572.0,1.941,1.279,24.3,192.8367,0.881,0.772,5749.0,0.0667,0
156.9,1.892,0.341,15.0,14.020479,0.797,0.76,5017.0,0.4016,1
11311.0,4.7366,0.818,560.2,620.94885,2.344,1.295,5372.0,0.1325,0
1117.0,2.563,0.029,70.9,61.405857,0.895,0.817,5211.0,0.4481,1
1131.8,2.454,0.277,44.7,27.840118,0.895,0.817,5211.0,0.7615,1
469.3,1.0348,0.388,27.0,21.955296,0.745,0.833,5532.0,0.0202,0
16456.0,2.1878,0.784,113.5,1089.1381,0.996,1.07,6122.0,0.0013,1
255.7,2.236,0.46,19.8,22.03249,1.572,1.24,6050.0,0.9586,1
206.4,1.8305,0.009,22.7,17.877892,0.728,0.722,4502.0,0.0,0
312.3,1.4727,0.105,42.8,35.267838,0.49,0.505,4042.0,0.4049,1
481.7,1.0406,0.845,27.2,20.562792,0.49,0.505,4042.0,0.5339,1
678.3,5.3136,0.795,40.6,33.71081,1.112,1.157,6325.0,0.9233,1
970.9,5.8875,0.029,62.0,47.246983,0.992,0.924,6026.0,0.823,1
4850.0,12.0355,0.595,230.6,196.19203,1.699,0.969,5597.0,0.6295,1
1061.2,16.942,0.876,36.8,27.220509,1.699,0.969,5597.0,0.3547,1
1120.6,6.158,4.426,26.4,24.034557,0.78,0.872,5286.0,0.8664,0
825.3,2.7719,0.682,69.3,57.242867,0.987,0.947,5511.0,0.299,1
290.5,5.884,0.352,28.9,23.425465,1.483,1.066,5726.0,0.0425,1
223.9,8.622,0.608,17.9,11.423345,1.483,1.066,5726.0,0.7684,1
392.1,3.073,0.963,15.0,12.92448,0.903,0.821,5229.0,0.1966,1
416.2,1.965,0.984,21.2,17.655901,0.532,0.573,3871.0,0.9307,1
491.0,2.826,0.492,20.7,17.317513,1.004,0.865,5334.0,0.2191,1
351.9,3.176,0.504,12.7,10.845035,1.004,0.865,5334.0,0.8304,1
933.5,1.2762,0.696,19.5,16.372225,1.162,1.232,6392.0,0.7167,0
438.5,1.2137,0.832,55.6,42.253517,0.883,0.94,5985.0,0.8734,0
580.7,5.907,0.918,30.7,27.182098,0.88,0.977,5783.0,0.0797,1
310.7,2.703,0.031,20.2,17.12765,0.904,0.83,5157.0,0.3117,1
535.3,3.3703,0.832,41.5,34.93317,0.948,0.859,5311.0,0.8028,1
569.7,4.045,0.577,31.6,24.828281,0.796,0.891,5167.0,0.687,1
301.2,5.2472,0.176,54.4,43.052994,1.034,0.94,5706.0,0.2406,1
662.0,3.0401,0.701,51.2,43.509666,0.987,0.947,5511.0,0.9113,1
18136.0,2.69382,0.076,2833.1,2803.75,0.956,0.859,5561.0,0.9272,1
599.6,1.6271,0.043,22.4,17.98488,0.581,0.595,4153.0,0.7165,1
149.0,5.383,0.719,36.8,19.963707,0.856,0.856,5788.0,0.7053,0
744.1,2.9674,1.206,91.2,80.6308,1.93,1.633,7530.0,0.9693,0
771.9,3.3351,0.83,39.6,32.68434,0.977,0.856,5301.0,0.8123,1
498.9,5.359,0.003,19.6,16.529358,0.929,1.014,6032.0,0.764,1
38946.0,1.6738,1.145,83.5,1356.9958,0.334,0.339,3497.0,1.0,0
217.4,1.3015,0.054,54.4,41.280567,1.087,0.906,5499.0,0.8727,1
14319.0,2.11481,0.638,1287.4,1264.7878,0.903,0.882,5720.0,0.0118,1
1630.6,2.757,0.485,28.2,213.7086,0.939,1.051,5729.0,0.4582,1
1003.0,2.834,0.875,10.5,80.44857,0.939,1.051,5729.0,0.6031,1
2018.1,2.89,0.714,246.6,238.17216,0.72,0.822,4920.0,0.6652,1
691.6,2.0747,0.844,115.1,134.81491,0.72,0.822,4920.0,0.4268,1
553.2,5.0361,0.562,37.1,32.242672,1.022,0.974,5833.0,0.0994,1
259.7,6.249,0.486,22.7,18.904547,1.05,0.93,5401.0,0.1761,0
114.5,1.188,0.151,11.5,8.643481,0.811,0.807,5199.0,0.1971,0
233.9,4.5871,0.899,33.3,31.662823,2.599,1.714,6900.0,0.3543,1
163.0,3.686,0.941,18.0,16.398657,1.079,1.135,6240.0,0.676,1
556.1,19.359,0.906,35.4,21.90635,1.131,1.219,6218.0,0.8661,0
879.9,13.902,0.959,39.5,31.4297,0.803,0.877,5510.0,0.5159,1
1035.2,16.599,0.887,27.1,19.9715,0.803,0.877,5510.0,0.1056,1
486.0,5.159,0.937,36.1,30.786917,0.849,0.942,5840.0,0.5367,1
505.6,2.5736,0.642,23.2,19.516884,0.612,0.624,4166.0,0.8184,1
14638.0,4.1223,0.487,812.6,695.00134,0.887,0.874,5422.0,0.7728,1
403.3,4.139,0.213,18.8,15.492322,1.238,1.298,6572.0,0.8268,1
11306.0,1.7645,1.186,103.9,1297.9481,1.269,0.895,6302.0,0.0,0
352.2,0.7773,0.102,28.2,21.225487,0.824,0.937,5435.0,0.8228,0
251.1,3.0946,0.751,32.0,25.692062,1.439,1.123,6122.0,0.314,1
4518.1,1.1315,1.267,163.4,29.723516,0.497,0.503,3752.0,0.953,0
3616.7,7.507,0.784,108.9,191.25253,0.773,0.854,5367.0,0.0644,0
6084.4,2.8419,1.255,165.3,206.1693,0.702,0.789,4859.0,0.033,0
5367.0,5.241,1.258,44.8,33.648304,1.0,1.0,5780.0,0.4382,0
190.0,1.591,0.085,26.2,22.076683,0.688,0.765,5229.0,0.5043,1
213.9,4.605,0.721,23.3,20.901041,1.006,1.066,6296.0,0.1035,1
101.9,4.653,0.73,13.9,12.777316,1.006,1.066,6296.0,0.2918,1
257.2,3.4497,0.046,38.4,33.825256,1.025,0.93,5948.0,0.0019,1
13052.0,5.78725,0.446,1640.0,1341.889,1.138,1.169,6434.0,0.0963,0
752.8,5.144,0.004,34.3,28.67196,0.881,0.979,5767.0,0.3689,1
555.4,2.1568,0.74,36.3,29.367743,0.761,0.86,4847.0,0.1759,1
532.8,1.5639,0.742,52.6,42.818226,0.564,0.578,4132.0,0.7722,1
119.6,4.608,0.904,20.1,17.594885,1.304,1.01,5861.0,0.7843,1
437.5,8.378,0.071,40.2,30.7175,1.614,1.358,6309.0,0.5103,1
894.8,3.72,0.787,23.8,20.278923,0.691,0.683,4564.0,0.7274,1
22772.0,11.5521,0.447,1171.2,426.68494,2.173,1.174,6340.0,-1.0,0
2104.8,3.5234,3.178,97.2,178.31566,0.858,0.853,5482.0,0.8058,0
866.7,3.6705,1.203,78.8,28.725586,0.886,0.975,5566.0,0.9081,0
122.0,4.624,0.67,36.0,27.892395,1.554,1.182,6495.0,0.5301,0
159.4,2.3906,0.007,35.3,29.82373,0.932,0.986,5646.0,0.3686,1
241.5,5.2706,0.896,51.3,39.39738,1.36,1.194,6109.0,0.9807,1
163.7,3.0998,0.029,30.8,26.684687,1.259,1.026,5810.0,0.7843,1
189.3,6.22,0.059,34.7,26.788187,1.299,1.157,6119.0,0.1254,1
446.7,4.473,0.911,37.7,27.92319,1.131,0.987,6036.0,0.0394,1
460.5,5.676,0.962,33.6,25.269482,1.131,0.987,6036.0,0.9506,1
472.6,5.038,0.603,25.3,19.267315,1.131,0.987,6036.0,0.6278,1
159.1,3.128,0.823,16.7,13.353382,1.131,0.987,6036.0,0.8863,1
362.1,6.0,0.689,16.7,13.444004,1.131,0.987,6036.0,0.1628,1
558.3,3.0089,0.275,25.6,21.926264,1.246,1.008,5565.0,0.5057,1
665.4,2.0744,0.018,69.1,52.920734,0.887,0.874,5422.0,0.1946,1
105.0,3.328,0.522,17.1,14.619732,0.834,0.93,5706.0,0.1259,0
268.3,4.558,0.675,21.7,23.985239,1.028,1.039,5962.0,0.0899,1
1426.7,7.297,0.918,92.8,75.38631,0.991,0.983,5951.0,0.6095,0
571.1,5.1231,0.009,97.9,82.31395,0.943,0.813,5637.0,0.3965,1
1534.4,4.4228,0.966,138.4,125.11345,0.993,0.95,6109.0,0.4002,0
1785.9,4.2572,0.707,59.7,51.55364,0.951,1.065,5900.0,0.6232,1
590.9,2.173,0.782,46.0,36.901245,0.87,0.968,5730.0,0.3153,0
71.7,3.957,0.405,16.6,13.585505,1.299,1.157,6119.0,0.9729,1
357.7,6.632,0.026,37.7,31.932688,0.866,0.94,5811.0,0.9676,1
73.3,2.9191,0.169,25.4,20.18704,1.293,1.132,5876.0,0.9373,1
112640.0,6.66929,0.202,1241.4,5181.257,1.567,1.061,6168.0,0.0002,0
71867.0,4.4127,0.532,202.0,2277.222,1.074,0.9,5767.0,0.5605,0
266.9,1.796,0.5,17.0,13.413105,0.812,0.781,4915.0,0.111,1
843.2,3.226,0.955,25.5,20.412176,0.74,0.828,5288.0,0.0878,1
1688.4,2.6901,1.31,54.6,92.928764,1.492,1.379,6340.0,0.3109,0
922.4,6.653,0.031,45.0,38.209057,1.131,1.162,6461.0,0.0187,1
455.5,2.1763,0.416,30.6,25.984106,0.779,0.756,4841.0,0.281,1
101.5,2.6077,0.025,27.0,20.263723,1.615,1.115,5843.0,0.7152,1
828.3,2.8617,0.8,126.1,135.83038,0.886,0.978,5418.0,0.4196,1
4674.7,6.7504,0.052,142.8,143.4172,0.938,0.966,5584.0,0.2037,1
4491.2,3.7177,0.019,300.7,177.54475,1.731,1.398,6430.0,0.6666,1
728.5,1.6067,0.016,35.3,29.158415,0.603,0.609,4224.0,0.1073,1
1169.4,2.9497,0.133,31.9,24.001974,0.603,0.609,4224.0,0.4207,1
434.3,2.234,0.236,14.6,10.887242,0.603,0.609,4224.0,0.9831,1
4315.8,2.36255,0.054,862.3,2034.6268,0.763,0.83,4778.0,0.0139,1
16388.0,4.69813,0.069,3535.6,3302.585,1.415,1.093,5953.0,0.4049,1
1023.3,10.3939,0.431,155.3,117.66725,1.299,1.129,6226.0,0.0955,1
49720.0,3.5802,1.113,205.9,2296.5215,0.797,0.791,5601.0,0.0,0
48434.0,3.1729,0.003,538.0,2697.4727,1.162,1.232,6392.0,0.8183,0
831.5,7.487,1.206,59.7,50.595158,0.91,0.773,5585.0,0.7498,0
515.2,2.75,0.293,18.3,16.746252,0.914,1.0,5896.0,0.744,1
550.5,3.815,0.015,18.4,15.541253,0.914,1.0,5896.0,0.8657,1
331.2,1.644,0.56,39.3,32.953247,0.962,1.036,6153.0,0.0,0
732.0,5.2096,0.016,40.3,34.499313,1.169,0.918,5509.0,0.6565,1
84.2,2.184,0.575,18.0,17.796751,0.886,0.978,5418.0,0.2091,1
815.9,1.5017,1.075,59.5,48.45203,0.853,0.906,5596.0,0.857,0
286.5,2.9118,0.821,31.1,25.630995,0.804,0.764,5044.0,0.3412,1
82.5,1.1598,0.483,20.5,39.570023,2.784,1.852,6546.0,0.0001,0
2559.6,6.927,0.906,44.4,39.809235,0.821,0.824,5446.0,0.331,1
340.3,12.808,0.173,23.2,18.011978,0.943,0.813,5637.0,0.0421,1
2949.5,7.9393,0.044,339.4,280.73087,0.892,0.904,5591.0,0.9594,1
638.2,9.142,0.939,52.9,34.12135,0.823,0.91,5819.0,0.8584,0
25480.0,6.1614,0.651,261.3,118.66748,1.172,1.103,6812.0,1.0,0
25886.0,4.7136,0.094,408.5,1801.702,2.318,1.258,5758.0,0.2645,0
24627.0,3.15998,1.217,423.9,1805.1306,1.06,1.091,6203.0,0.0,0
17219.0,3.88962,0.065,990.3,876.2924,0.958,1.029,6200.0,0.6161,0
406.5,2.6302,0.045,26.4,23.104864,0.496,0.518,3883.0,0.5032,1
1210.2,3.81,0.75,22.6,16.511694,0.496,0.518,3883.0,0.8967,1
16451.0,3.03318,0.117,1586.2,1636.7843,1.013,1.027,5823.0,0.7637,1
1091.8,5.961,0.862,70.0,56.980606,0.839,0.952,5497.0,0.7502,1
658.8,7.474,0.917,37.9,30.277075,0.839,0.952,5497.0,0.1144,1
841.0,1.2635,0.932,47.7,28.219137,0.274,0.26,3364.0,0.8601,1
670.0,3.0069,0.856,42.1,36.83864,1.064,0.946,5692.0,0.5375,1
437.8,6.501,0.943,21.1,18.253088,1.076,1.13,6249.0,0.858,1
278.7,1.9046,0.919,56.7,40.189835,0.851,0.784,5238.0,0.4227,1
982.3,9.877,0.948,28.7,21.122614,1.005,0.875,5792.0,0.7504,1
1597.1,3.7922,0.295,46.8,38.09962,0.808,0.779,4883.0,0.5361,1
894.6,2.595,0.027,55.1,45.956264,0.954,1.001,5869.0,0.4033,1
879.4,4.091,3.72,27.7,30.637863,1.044,1.099,6273.0,0.5337,0
1105.2,2.289,0.076,8.3,37.087746,0.744,0.726,4922.0,0.5867,0
6897.8,2.8056,1.019,164.4,617.2113,0.666,0.717,4765.0,0.0,0
1743.4,24.42,0.712,78.6,28.84485,1.299,1.129,6226.0,-1.0,1
2658.5,3.04,1.249,228.9,241.85098,0.846,0.938,5741.0,0.6131,0
11427.0,5.2482,0.889,163.7,270.9085,1.0,1.114,5919.0,0.0047,0
186.5,2.312,0.912,14.9,12.670836,0.839,0.952,5497.0,0.5131,1
363.4,8.839,0.986,24.5,19.429487,0.972,1.02,5823.0,0.827,1
388.4,3.644,1.22,22.8,18.797474,0.952,1.033,6075.0,0.9994,0
273.1,6.253,0.79,36.5,30.358961,1.08,0.926,5534.0,0.0331,1
417.8,11.64,0.928,28.7,23.093313,1.08,0.926,5534.0,0.0879,1
566.5,5.607,0.038,24.8,13.80781,0.887,0.874,5422.0,0.7581,1
800.6,3.898,0.011,26.7,23.57028,0.678,0.758,5350.0,0.6493,1
765.1,3.778,0.274,22.7,19.036667,0.808,0.806,4998.0,0.1441,1
545.8,2.3726,0.336,32.2,26.83875,0.574,0.587,4198.0,0.4038,1
462.5,2.4233,0.018,60.9,25.151985,0.651,0.637,4478.0,0.9623,0
8088.6,7.1545,0.827,148.1,116.552216,1.183,0.974,5733.0,0.3049,1
460.2,4.5718,0.672,86.4,68.921616,1.14,0.939,5705.0,0.132,1
974.9,5.879,0.011,37.9,29.34237,1.183,0.974,5733.0,0.2529,1
268.6,6.794,1.14,39.2,38.558693,2.251,1.253,6634.0,0.8583,0
5805.8,6.6517,0.344,265.4,237.59964,1.137,1.221,6228.0,0.0949,1
1071.5,6.0325,1.248,119.6,15.842242,0.878,0.964,5995.0,1.0,0
1216.8,5.525,0.03,28.8,82.42111,0.938,0.773,5665.0,0.0093,0
10188.0,5.628,1.256,99.5,142.11705,0.959,0.982,6141.0,0.002,0
334.0,7.253,0.361,22.8,16.694304,1.111,0.957,5616.0,0.6527,1
224.8,4.3311,0.917,45.4,32.16319,1.369,1.247,6297.0,0.7032,1
244.8,9.557,0.967,41.6,23.974123,1.369,1.247,6297.0,0.2391,1
776.8,3.6765,0.911,22.5,29.285742,0.933,0.968,5964.0,0.9266,1
861.3,3.6577,0.787,34.7,26.913803,0.781,0.772,4847.0,0.0509,1
169.5,1.375,0.544,26.2,22.375027,1.547,1.092,5821.0,0.5021,1
370.0,2.5996,0.688,32.8,27.847147,0.769,0.806,5064.0,0.5741,1
1375.1,1.7752,0.408,35.0,38.35937,0.868,0.963,5668.0,0.025,1
504.9,1.614,0.861,8.6,69.970215,0.858,0.957,5461.0,0.761,1
755.6,2.4553,0.905,27.6,23.186045,0.539,0.552,3757.0,0.4486,1
690.6,3.987,0.216,22.4,44.9959,0.816,0.875,5338.0,0.551,1
832.1,9.0636,0.001,57.2,52.910034,1.2,0.991,5818.0,0.8776,1
10091.0,3.45188,0.065,1429.9,1341.4701,1.691,1.161,5927.0,0.3667,1
1287.0,6.804,0.828,45.6,38.439476,0.974,0.797,5620.0,0.3625,1
2940.7,2.5997,1.267,47.6,47.546577,0.826,0.858,5381.0,0.9382,0
9763.3,3.0039,0.623,707.3,749.69366,0.77,0.792,5215.0,0.3553,1
108.5,4.1445,0.641,48.0,43.779842,1.603,1.275,6180.0,0.0818,1
762.6,3.9851,0.314,39.0,30.497955,0.805,0.776,4891.0,0.1954,1
298.4,2.928,0.161,18.3,14.762491,0.805,0.776,4891.0,0.8219,1
1372.6,5.907,0.842,35.0,28.120026,0.84,0.937,5662.0,0.7319,1
234.3,4.4073,0.558,38.2,32.74615,1.374,1.054,5808.0,0.3978,1
120.5,1.8707,0.41,40.9,39.49102,0.824,0.937,5435.0,0.8863,1
69851.0,5.27958,1.079,2145.1,2789.1543,0.872,0.952,6003.0,0.0,0
228.4,1.6239,0.247,33.3,28.595043,0.84,0.937,5662.0,0.7198,1
3120.4,5.3694,0.454,373.0,393.82916,1.369,1.073,6002.0,0.9238,1
334.3,2.272,0.714,14.8,12.475944,0.539,0.552,3757.0,0.7439,1
1836.9,2.69,0.714,20.2,29.859983,0.93,0.847,5029.0,0.3831,1
365.6,3.751,0.489,28.5,21.758528,0.873,0.87,5435.0,0.9967,1
812.0,3.2861,0.013,51.8,45.19574,0.8,0.825,5180.0,0.7774,1
1025.4,6.343,0.273,56.8,46.575012,0.826,0.844,5191.0,0.0116,1
198.5,2.5126,0.335,25.9,21.772156,0.826,0.844,5191.0,0.0168,1
183.2,5.1691,0.319,11.6,10.421222,0.826,0.844,5191.0,0.5569,1
356.1,1.2325,0.924,17.1,11.698665,0.826,0.844,5191.0,0.9646,1
232.9,2.1004,0.331,40.8,36.35022,0.831,0.931,6068.0,0.0966,1
343.9,8.5274,0.474,90.6,49.242104,3.818,1.441,4994.0,0.4615,1
1320.3,2.2906,0.209,21.8,30.910906,0.524,0.537,4347.0,0.3929,1
1562.8,2.829,0.206,20.3,25.287598,0.524,0.537,4347.0,0.6382,1
1262.0,2.691,0.256,11.8,13.92513,0.524,0.537,4347.0,0.1165,1
574.5,4.843,0.899,38.5,29.686596,1.122,1.101,6214.0,0.9016,1
279.2,2.323,0.971,35.1,29.340645,0.664,0.723,4766.0,0.2692,1
568.1,2.9884,0.921,39.9,32.66846,1.095,1.143,6310.0,0.4189,1
829.4,5.474,0.716,34.0,27.110012,1.056,1.008,5730.0,0.2805,1
693.4,2.7509,0.483,26.9,23.871181,0.958,0.937,5774.0,0.9255,1
925.7,7.105,0.065,23.3,19.515469,0.958,0.937,5774.0,0.1786,1
430.8,4.301,0.596,30.0,19.935074,0.873,0.87,5435.0,0.9419,1
197.8,4.364,0.832,11.4,8.255046,0.873,0.87,5435.0,0.2385,1
174.1,5.76,0.599,9.9,8.67766,0.873,0.87,5435.0,0.5696,1
259.0,2.5342,0.1,26.1,25.909443,0.934,0.981,5594.0,0.2758,1
532.9,1.755,0.964,27.1,22.337149,0.996,0.911,5618.0,0.0499,1
879.3,1.8141,0.731,42.5,45.03802,0.937,0.919,5445.0,0.5404,1
653.8,2.0688,0.955,17.4,19.995342,0.937,0.919,5445.0,0.9503,1
694.8,3.441,0.691,16.2,18.331856,0.937,0.919,5445.0,0.9459,1
210.8,6.459,0.681,25.9,17.729378,1.691,1.161,5927.0,0.1908,0
763.3,1.7744,0.775,33.9,49.29686,0.572,0.575,4402.0,0.818,1
4676.5,6.2226,0.045,653.4,569.9242,1.905,1.373,6332.0,0.3468,1
190.9,2.4384,0.92,41.2,33.229843,1.104,0.946,5727.0,0.6681,1
392.5,3.9097,0.924,35.3,31.456211,1.175,1.064,6327.0,0.4628,1
430.1,2.1397,0.021,36.4,33.10402,0.56,0.547,4325.0,0.1831,1
476.0,6.866,0.012,36.6,25.212389,1.647,1.149,5818.0,0.1147,1
935.5,3.794,0.009,26.8,25.250687,0.763,0.875,5026.0,0.4216,1
645.3,1.5151,0.203,30.3,28.622519,0.594,0.58,4484.0,0.1147,1
3657.8,2.2647,0.914,102.2,698.0131,1.417,0.862,6131.0,0.3115,0
5976.5,1.4049,0.905,448.2,436.30713,0.937,1.012,5461.0,0.14,1
1871.8,2.5613,0.058,423.7,399.3786,0.83,0.928,5598.0,0.1542,1
658.7,8.689,0.044,35.6,23.548868,1.397,1.058,5808.0,0.344,1
1125.3,4.1864,0.515,40.8,32.034893,0.99,1.044,5786.0,0.6147,1
648.0,2.5482,0.788,32.1,25.446098,0.706,0.704,4650.0,0.216,1
308.3,2.097,0.384,49.8,35.994656,0.789,0.82,5103.0,0.686,1
263.2,2.0361,0.004,59.7,44.245068,0.789,0.82,5103.0,0.5616,1
249.3,1.7062,0.648,29.7,22.271885,0.789,0.82,5103.0,0.4295,1
635.0,4.7679,0.815,38.9,39.367767,0.834,0.948,5201.0,0.529,1
1147.0,2.151,0.9,9.9,36.20435,0.653,0.646,4334.0,0.5596,1
2363.0,1.922,1.265,28.2,24.076408,0.449,0.46,3645.0,0.7894,0
254.3,3.176,0.663,24.9,30.03955,0.773,0.742,4987.0,0.9597,1
296.1,2.4168,0.237,32.5,30.694172,0.721,0.774,4955.0,0.8618,1
1221.0,2.2792,0.035,38.3,33.785835,0.514,0.522,3597.0,0.9014,1
1269.6,3.792,0.149,30.1,23.831078,0.868,0.868,5403.0,0.2558,1
659.8,3.8573,0.022,34.6,29.601961,0.94,1.026,5895.0,0.8914,1
788.4,3.3091,0.029,40.1,33.63076,0.87,0.813,5094.0,0.4175,1
384.6,1.6165,0.946,22.3,25.269794,0.646,0.71,4500.0,0.6882,1
150.4,1.973,0.434,11.8,11.42809,0.646,0.71,4500.0,0.3409,1
458.0,4.046,0.45,14.1,11.474611,0.706,0.704,4650.0,0.3076,1
293.4,15.955,0.153,61.5,33.028297,1.93,1.115,5511.0,0.1265,1
165.0,3.4117,0.838,29.0,24.55109,1.097,1.148,6277.0,0.6253,1
750.5,2.1094,0.175,29.0,25.766874,0.791,0.811,5149.0,0.208,1
147.2,2.7803,0.097,48.7,37.942986,1.395,1.054,5821.0,0.6069,1
544.6,3.452,0.359,40.0,40.48698,1.673,0.819,5476.0,0.004,1
836.7,3.514,0.956,48.6,39.687874,1.24,1.064,5846.0,0.8062,1
626.7,2.9575,0.764,44.9,40.47373,0.774,0.858,5187.0,0.6527,1
822.1,2.6194,0.688,23.6,31.661684,1.009,0.941,5602.0,0.0044,1
8510.5,2.9987,0.568,856.3,913.0406,1.498,1.268,6056.0,0.6798,1
494.1,3.1293,0.519,33.2,27.182327,0.598,0.609,4213.0,0.709,1
8538.0,3.2848,0.338,80.8,482.27795,1.172,1.253,6311.0,0.5524,1
387.2,3.952,0.376,21.0,15.767821,0.598,0.609,4213.0,0.7471,1
187.9,4.1828,0.011,41.7,32.72165,1.095,0.957,5782.0,0.6064,1
112.0,3.1441,0.074,32.7,25.334806,1.095,0.957,5782.0,0.1602,1
695.1,1.6919,0.882,38.4,31.28787,1.001,1.065,6032.0,0.9395,1
833.7,2.4453,0.88,28.6,23.321205,1.001,1.065,6032.0,0.0641,1
143.5,1.3115,0.868,36.8,30.774206,0.992,1.038,5815.0,0.3968,1
717.7,7.835,0.872,41.9,28.170069,0.861,0.875,5413.0,0.0514,1
679.6,2.034,0.147,17.4,27.71851,0.957,1.053,5568.0,0.274,1
119.7,2.7645,0.188,26.8,21.83112,0.746,0.806,4997.0,0.3422,1
706.7,1.0237,0.806,33.5,28.339994,0.704,0.686,4786.0,0.2857,1
599.4,4.4408,0.88,28.8,24.68519,0.967,1.045,6091.0,0.2771,1
3868.7,2.61366,0.046,480.7,455.0805,1.087,0.888,5392.0,0.5661,1
285.8,4.4302,0.897,30.0,23.920347,0.781,0.873,5667.0,0.3193,1
660.7,1.7807,0.863,45.0,40.03304,0.522,0.555,3706.0,0.8941,1
403.2,1.7901,0.859,56.3,44.915237,1.667,0.951,4883.0,0.8567,1
748.3,1.132,1.004,43.2,30.207308,1.667,0.951,4883.0,0.9388,1
965.8,4.4557,0.01,53.3,43.310688,0.869,0.786,5329.0,0.1707,1
167.6,2.7727,0.814,21.3,19.200647,1.095,0.957,5782.0,0.4436,1
699.3,4.8251,0.677,38.2,27.756182,0.872,0.815,5083.0,0.6111,1
733.8,1.7948,0.921,31.8,30.750694,0.929,1.017,5445.0,0.2449,1
203.9,3.0788,0.879,38.2,35.991123,0.883,0.877,5448.0,0.7832,1
684.0,3.372,0.583,26.2,29.305529,1.643,0.955,5015.0,0.8511,1
9207.9,3.7591,1.285,273.0,278.8515,0.94,0.808,5750.0,0.9685,0
388.7,4.1,0.941,31.5,27.015203,1.09,1.174,6232.0,0.245,1
623.6,1.071,0.888,45.5,41.952225,0.734,0.794,4931.0,0.5736,1
1532.1,5.499,0.808,33.7,27.866648,0.821,0.868,5159.0,0.0704,1
270.4,1.4083,0.731,57.8,45.290287,1.795,0.953,4777.0,0.5954,1
619.5,6.908,0.327,38.0,33.93693,1.069,1.002,5739.0,0.8467,1
182.3,4.753,0.405,14.1,13.435833,1.069,1.002,5739.0,0.2099,1
114.7,2.877,0.253,21.6,16.764023,0.83,0.928,5598.0,0.8036,1
196.9,3.6138,0.807,32.7,27.209827,1.277,1.094,6140.0,0.6773,1
505.5,7.222,0.939,47.6,38.522243,1.184,1.097,5938.0,0.4971,1
952.9,1.8334,0.744,46.1,39.4025,0.874,0.87,5269.0,0.6206,1
402.8,3.3601,0.493,49.8,40.4234,1.058,1.014,5907.0,0.4981,1
553.9,1.813,0.494,37.1,40.748875,0.934,1.021,5988.0,0.0943,1
313.6,4.957,0.035,30.4,34.133038,1.531,1.15,6283.0,0.0233,1
260.8,4.0144,0.643,41.2,33.815254,1.812,1.212,5878.0,0.7164,1
323.9,4.6395,0.665,42.6,26.140358,1.272,1.088,5865.0,0.3303,1
5671.1,10.8474,0.058,508.8,376.44238,1.406,1.102,6163.0,0.8965,1
271.2,4.3206,0.063,52.0,32.263363,1.272,1.088,5865.0,0.8008,1
63.3,2.55,0.248,20.2,16.003586,1.272,1.088,5865.0,0.9686,1
584.8,10.328,0.001,34.7,21.656965,0.954,0.929,5646.0,0.4296,1
458.7,6.998,0.896,37.6,31.792923,0.966,1.043,6106.0,0.2426,1
336.6,6.401,0.738,38.2,31.15827,1.451,1.0,5592.0,0.5003,1
911.6,3.1683,0.03,37.6,31.41136,0.561,0.561,4777.0,0.9844,1
695.2,5.941,0.654,35.5,28.735064,0.881,0.904,5974.0,0.0424,1
133.2,3.0643,0.755,34.3,28.70658,1.277,1.094,6140.0,0.1091,1
540.6,3.5317,0.203,37.4,29.641619,1.116,0.924,5509.0,0.0335,1
500.1,5.0137,0.006,33.8,25.298313,0.925,1.008,6060.0,0.8941,1
401.2,2.1604,0.229,28.5,26.828835,0.564,0.581,3974.0,0.2667,1
364.7,1.4796,0.942,34.1,26.808985,0.51,0.516,3746.0,0.7632,1
7563.0,2.82038,0.074,1457.8,1401.7281,1.054,1.025,5574.0,0.8434,1
432.2,7.007,0.79,51.7,39.420227,1.047,1.149,6028.0,0.9897,1
541.6,6.571,0.882,50.0,37.634098,0.911,0.906,5550.0,0.9436,1
625.5,7.82,0.724,57.6,38.35715,0.934,0.941,5661.0,0.4822,1
436.7,2.868,0.927,34.0,27.80376,1.153,1.041,5872.0,0.842,1
644.9,2.9052,0.55,40.9,33.874874,0.779,0.865,5483.0,0.6192,1
377.5,6.5047,0.013,49.8,34.956825,1.904,1.412,6384.0,0.8718,1
392.8,2.0944,0.673,43.1,35.474197,1.136,1.01,5741.0,0.661,1
453.3,2.165,0.032,34.3,30.212036,0.85,0.879,5411.0,0.604,1
520.3,2.6215,0.026,33.6,28.430346,1.092,1.18,6246.0,0.9972,1
5368.1,3.1488,0.334,226.8,198.6218,0.864,0.811,5064.0,0.2144,1
991.1,3.0715,0.674,31.2,24.82197,0.734,0.815,5448.0,0.4059,1
197.2,2.713,0.261,17.3,25.780085,1.781,0.887,5129.0,0.1569,1
251.1,3.208,0.927,15.7,22.670963,1.053,1.023,5931.0,0.6696,1
1267.1,6.854,0.034,26.4,23.204792,0.95,0.905,5578.0,0.4109,1
156.1,4.4078,0.498,35.7,27.768732,1.39,0.988,5636.0,0.3824,1
589.5,10.214,0.837,44.0,22.165401,1.356,1.212,6564.0,0.4643,1
127.8,2.0808,0.466,24.3,20.862171,0.813,0.902,5272.0,0.2734,1
1586.3,7.025,0.032,31.5,34.19719,0.835,0.868,5354.0,0.4021,1
581.1,3.3422,0.775,61.0,45.591755,1.022,0.949,5670.0,0.6146,1
538.1,4.1808,0.779,45.5,32.03609,1.022,0.949,5670.0,0.6198,1
216.7,2.6326,0.708,29.3,22.377825,1.022,0.949,5670.0,0.7163,1
28.7,4.141,0.67,21.5,14.853027,2.377,1.339,5799.0,0.0903,0
123.3,3.128,0.821,30.0,27.269234,0.888,0.902,5455.0,0.6355,1
2431.4,7.5235,0.695,282.3,224.41634,1.406,1.102,6163.0,0.8656,1
658.7,7.3702,0.021,53.1,38.719246,1.019,0.976,5798.0,0.1598,1
141.8,5.6725,0.734,45.1,31.918997,1.472,1.014,5683.0,0.5585,1
351.1,7.105,0.951,37.3,31.598454,1.078,0.982,5910.0,0.9775,0
346.2,6.5272,0.873,35.6,28.219707,1.176,1.071,5700.0,0.1406,1
529.7,4.3591,0.771,39.9,31.725658,0.585,0.571,4461.0,0.6332,1
262.5,1.7292,0.44,34.0,31.888021,0.496,0.528,3758.0,0.4073,1
185.1,4.662,0.359,17.6,18.763317,2.153,1.276,5817.0,0.887,1
4033.5,5.9288,0.924,149.9,163.9393,1.336,0.996,5791.0,0.0995,1
8052.3,15.168,0.643,210.9,141.52931,5.132,0.95,4648.0,0.0,0
7320.0,6.593,0.588,124.4,109.69163,0.786,0.871,5808.0,0.126,1
5904.3,5.9189,0.066,111.3,110.04745,0.778,0.769,4855.0,0.9821,1
10184.0,2.0243,0.725,1654.9,1733.5951,1.215,1.068,5742.0,0.6104,1
580.0,4.7381,0.019,47.7,39.83727,1.001,0.88,5534.0,0.543,1
649.2,5.496,0.078,36.0,31.054008,1.062,1.122,6202.0,0.8032,1
158.0,4.365,0.954,53.3,39.750046,0.934,0.942,5541.0,0.776,1
80.7,4.8069,0.663,40.8,28.208708,1.472,1.014,5683.0,0.6489,1
199.2,7.3419,0.025,62.5,37.881386,1.693,1.086,5951.0,0.8488,1
184.4,8.7682,0.146,48.9,31.818357,1.693,1.086,5951.0,0.8547,1
238.5,10.306,0.025,50.5,29.388895,1.693,1.086,5951.0,0.0016,1
81.7,6.18,0.455,29.4,18.664501,1.693,1.086,5951.0,0.9672,1
287.3,2.5719,0.474,27.5,27.2562,1.023,0.87,5353.0,0.4379,1
176.7,3.852,0.36,12.5,15.73313,2.153,1.276,5817.0,0.7852,1
263.8,4.642,0.987,10.9,19.486044,2.995,1.42,6655.0,0.942,0
286.7,2.845,0.13,19.4,14.684393,0.864,0.811,5064.0,0.0035,1
350.3,6.2732,0.02,37.5,26.849998,1.729,1.337,6369.0,0.5893,1
5128.7,6.474,0.675,103.7,112.924736,1.015,1.089,5970.0,0.701,1
10570.0,2.35672,0.554,1853.8,1905.775,0.947,0.903,5657.0,0.4484,1
4843.0,1.3261,1.597,32.0,144.2503,0.775,0.855,5813.0,0.3359,0
908.0,3.7386,0.502,118.8,88.49196,0.742,0.778,4925.0,0.3444,1
1362.2,6.214,0.027,40.6,29.1751,0.875,0.914,5534.0,0.4313,1
495.1,1.6999,0.047,43.7,35.08392,0.506,0.513,3716.0,0.952,1
1110.0,1.5871,0.901,37.0,27.163033,0.506,0.513,3716.0,0.6072,1
430.0,2.098,0.187,29.3,22.204264,0.506,0.513,3716.0,0.3582,1
1287.2,1.6679,0.627,42.6,36.35685,0.516,0.54,3826.0,0.3119,1
194.2,3.366,0.31,14.6,12.907277,1.023,0.87,5353.0,0.4151,1
193.2,3.103,0.024,17.1,16.144896,1.023,0.87,5353.0,0.9116,1
322.7,6.617,0.279,15.9,35.568695,1.846,1.421,6642.0,0.5772,1
845.6,6.341,0.52,39.7,34.77833,1.11,0.895,5393.0,0.5314,1
130.0,2.0261,0.631,25.2,23.796177,1.402,1.259,6388.0,0.7142,1
767.7,5.333,0.493,27.0,26.359308,0.848,0.937,5818.0,0.0757,1
191.0,1.2701,0.221,30.0,33.052593,0.724,0.715,4507.0,0.7272,1
704.5,1.9559,1.223,42.6,34.02757,0.884,0.963,5708.0,0.0,0
257.0,4.1107,0.894,39.8,31.381016,1.03,1.132,6108.0,0.0146,1
3732.9,1.8303,1.282,183.3,202.95676,1.033,1.093,6210.0,0.1238,0
11974.0,1.8419,1.404,36.2,302.623,0.955,1.038,6045.0,0.9672,0
3387.4,1.1081,1.06,159.2,296.13614,0.982,0.893,5494.0,0.3225,1
1355.9,3.13,0.001,16.5,65.03483,0.86,0.802,5345.0,0.0153,1
601.2,1.917,0.847,59.5,94.72536,1.012,1.021,5807.0,0.3051,1
746.0,1.5342,0.189,44.3,38.43388,0.91,0.831,5185.0,0.0491,1
1257.5,6.83,0.857,43.3,31.68297,0.675,0.748,4580.0,0.4814,1
20824.0,2.2874,0.105,1176.6,2002.626,1.018,1.021,5624.0,0.7274,1
2138.0,8.813,0.035,43.4,33.802612,1.069,1.161,6194.0,0.058,1
3596.2,2.0791,1.275,44.9,39.888443,0.991,1.105,5895.0,0.0098,0
388.2,1.4325,0.851,89.3,46.490364,0.737,0.726,4575.0,0.9866,1
862.8,6.065,0.541,53.4,40.56374,0.791,0.826,5162.0,0.7428,1
729.6,2.5995,0.025,25.3,29.437103,0.734,0.821,5395.0,0.7568,1
172.1,1.654,0.16,11.6,28.85266,0.909,0.914,5637.0,0.5656,1
483.3,4.858,0.664,24.7,21.811472,0.911,0.762,5657.0,0.0326,1
889.4,4.1847,0.133,34.2,26.002214,0.895,0.99,5853.0,0.8576,1
21340.0,2.8213,0.131,1315.8,1576.37,0.887,0.997,5543.0,0.305,1
1283.2,12.831,0.729,42.1,33.038105,0.546,0.538,4441.0,0.9598,1
825.0,1.8899,0.871,43.1,80.585655,0.88,0.875,5527.0,0.4916,1
10458.0,3.94738,0.085,871.4,785.51996,0.738,0.79,4941.0,0.0062,1
570.2,3.856,0.17,21.6,27.72263,0.88,0.875,5527.0,0.9046,1
341.6,2.2375,0.732,25.6,39.210094,0.88,0.875,5527.0,0.8988,1
1251.5,3.7965,0.405,41.2,35.19044,0.545,0.559,4156.0,0.6356,1
505.5,2.1362,0.476,20.6,18.00418,0.545,0.559,4156.0,0.1591,1
457.9,3.2241,0.786,38.8,22.779016,1.207,0.932,5539.0,0.0567,1
1895.4,4.8556,0.033,40.1,38.038925,0.58,0.584,4316.0,0.6335,1
343.6,4.13,0.941,35.1,32.348045,0.724,0.818,4975.0,0.1782,1
884.7,1.5929,0.265,32.7,26.289675,0.586,0.573,4302.0,0.6634,1
189.5,1.3777,0.404,41.2,34.119396,0.97,1.024,6198.0,0.9696,0
1122.1,3.474,0.55,43.5,34.495014,0.778,0.869,5251.0,0.4527,1
499.3,2.5014,0.746,23.3,25.758984,1.068,0.984,5771.0,0.6878,1
558.4,2.0111,0.287,27.2,25.24445,0.728,0.813,5063.0,0.5004,1
412.1,2.518,0.048,8.9,30.503193,0.956,1.035,5741.0,0.8851,1
402.7,3.209,0.116,6.8,23.213758,0.956,1.035,5741.0,0.7002,1
621.9,3.784,0.232,27.7,22.137232,0.974,0.887,5442.0,0.2291,1
539.8,10.041,0.834,37.5,28.888874,0.993,0.943,5504.0,0.2765,1
868.3,4.0104,0.015,43.5,66.16097,1.295,1.061,6071.0,0.3125,1
398.7,2.2805,0.86,62.2,54.010967,0.956,1.022,5772.0,0.1426,1
225.5,2.7757,0.484,65.6,52.813473,0.956,1.022,5772.0,0.1952,1
1604.9,18.257,1.262,118.9,75.81712,2.111,1.692,7700.0,0.9715,0
1384.3,1.42246,1.245,329.7,263.38788,2.022,1.256,5872.0,0.9971,0
585.4,2.1649,0.916,54.1,55.311665,0.852,0.864,5371.0,0.3492,1
436.1,3.158,0.949,39.3,34.757805,1.3,1.241,6183.0,0.0081,1
3157.4,2.1727,0.656,48.5,42.776005,0.565,0.6,3828.0,0.0376,1
578.4,1.0907,0.029,83.7,35.55345,0.535,0.561,3951.0,0.6594,1
14523.0,5.17249,0.23,1765.2,2739.5085,1.47,1.312,6365.0,0.1394,0
6998.2,3.0535,0.475,775.0,736.81085,1.457,1.093,5763.0,0.7995,1
194.8,6.287,0.259,17.7,12.588083,1.068,0.984,5771.0,0.3963,0
886.3,4.2938,0.699,36.1,29.333271,1.621,0.941,5123.0,0.5563,1
1492.8,5.949,1.242,30.6,31.536983,0.882,0.808,5215.0,0.2448,0
391.2,5.8919,0.849,43.5,29.971197,1.465,1.111,6188.0,0.8958,1
362.2,6.613,0.187,38.1,24.600788,1.465,1.111,6188.0,0.8861,1
143.3,5.3,0.541,19.9,12.07518,1.465,1.111,6188.0,0.3523,1
211.0,2.1489,0.875,22.5,32.95179,1.0,0.994,5919.0,0.9623,1
51256.0,3.88584,0.116,1281.9,1241.321,0.66,0.732,5190.0,0.1343,0
501.4,5.762,0.367,54.0,63.108162,7.663,2.646,6327.0,0.7801,1
794.6,1.1926,0.603,94.6,78.26885,1.749,0.97,4854.0,0.6212,1
17860.0,4.1206,0.884,335.2,612.295,0.955,1.054,5671.0,0.8092,0
818.4,3.7917,0.516,43.1,48.815918,0.872,0.901,5497.0,0.3083,1
523.9,2.3462,0.548,20.8,43.550297,0.834,0.873,5365.0,0.3429,1
1160.2,4.5839,0.01,42.1,35.768566,0.886,0.82,5132.0,0.6383,1
314.4,2.029,0.24,37.1,30.711094,1.208,0.999,5714.0,0.8297,1
69.5,3.4378,0.007,31.7,34.166622,1.629,1.133,6045.0,0.7305,1
2053.2,7.061,0.371,33.6,29.753767,0.759,0.851,5383.0,0.0107,1
294.1,4.2713,0.045,34.6,29.24046,1.111,0.957,5616.0,0.5202,1
324.0,6.315,0.519,24.4,20.440506,1.111,0.957,5616.0,0.0008,1
116.0,3.748,0.054,16.0,14.557533,1.111,0.957,5616.0,0.3229,1
1455.6,6.083,0.022,29.8,27.801964,0.846,0.91,5642.0,0.67,1
1028.8,5.439,0.884,23.2,22.671307,0.846,0.91,5642.0,0.5205,1
300.4,2.174,0.893,17.5,24.665836,0.772,0.796,5208.0,0.4365,1
147.7,2.951,0.061,13.6,17.228306,0.772,0.796,5208.0,0.5208,1
637.3,1.9254,0.488,24.2,22.242569,0.658,0.645,4458.0,0.258,1
358.5,2.4973,0.053,47.9,50.629402,0.876,0.883,5390.0,0.7298,1
124.4,1.7242,0.226,22.3,23.63809,0.876,0.883,5390.0,0.9967,1
659.9,8.6797,0.022,70.6,51.390972,1.737,1.099,5504.0,0.0512,1
191.8,3.1029,0.74,77.4,54.74985,1.081,0.998,6015.0,0.582,1
146.3,2.5123,0.91,76.1,53.33878,1.081,0.998,6015.0,0.1444,1
366.8,1.9483,0.439,37.8,32.973896,0.934,1.021,5988.0,0.108,1
186.3,1.7215,0.905,32.1,36.45288,1.695,1.173,6157.0,0.0767,1
886.0,11.637,0.58,46.1,29.110292,1.467,1.406,6469.0,0.3566,1
863.4,4.535,0.924,37.5,29.050053,0.846,0.938,5741.0,0.9167,1
363.6,4.343,0.971,18.2,13.234464,0.846,0.938,5741.0,0.1011,1
1052.6,1.5043,0.86,38.0,31.687073,0.823,0.79,4922.0,0.7567,1
134.2,4.389,0.219,21.8,16.829338,1.997,1.406,6109.0,0.3043,1
298.8,3.503,0.032,22.0,18.914751,0.992,1.063,6170.0,0.2988,1
490.8,2.6675,0.107,23.5,20.173883,0.818,0.907,5774.0,0.4619,1
226.3,2.642,0.158,14.7,16.048523,0.533,0.525,4275.0,0.3962,0
834.0,2.2128,0.628,21.8,18.844692,0.709,0.707,5093.0,0.6074,1
560.5,5.155,0.877,21.3,18.156345,0.978,0.977,5640.0,0.2544,1
287.5,1.1596,0.009,20.4,19.742798,0.682,0.761,4670.0,0.2709,1
180.6,2.7868,0.007,22.3,17.353693,1.216,1.032,5794.0,0.4539,1
360.5,1.3596,0.806,23.9,22.526714,0.615,0.625,4229.0,0.0533,1
1583.0,5.885,0.015,20.2,15.990341,0.753,0.734,5303.0,0.9333,1
152.0,2.8473,0.215,26.5,22.322142,1.029,0.945,5579.0,0.1877,1
1134.3,1.5262,0.786,113.7,98.39862,0.708,0.785,5303.0,0.4012,1
466.9,1.458,0.207,45.5,37.689274,1.109,1.077,6153.0,0.8481,1
286.4,4.662,0.533,22.4,19.441452,0.705,0.79,4856.0,0.7368,1
224.9,5.194,0.769,15.4,18.636635,0.705,0.79,4856.0,0.2327,1
825.2,4.163,0.791,16.3,11.431209,0.637,0.649,4245.0,0.5082,1
382.2,2.042,0.954,10.5,11.702103,0.637,0.649,4245.0,0.4353,1
1198.6,2.7186,0.72,31.2,27.54635,0.544,0.561,4175.0,0.7185,1
578.3,5.418,0.371,24.1,21.8976,0.859,0.861,5225.0,0.7339,1
665.8,1.8832,0.091,19.4,15.443105,0.967,0.856,5516.0,0.333,1
60.5,3.458,0.391,25.8,22.091854,1.333,1.143,6226.0,0.1586,1
206.0,2.2029,0.331,27.3,20.612434,0.778,0.803,5143.0,0.6898,1
274.1,2.447,0.045,21.4,17.893642,0.907,0.884,5344.0,0.3538,1
101.6,2.019,0.989,20.4,15.740138,2.399,1.194,5975.0,0.6919,0
97.9,5.823,0.022,23.4,18.291643,1.525,0.899,5798.0,0.3504,1
234.8,1.5534,0.221,21.7,18.01519,0.658,0.725,4496.0,0.9606,1
161.6,2.6192,0.281,25.4,21.660759,0.981,1.03,5985.0,0.0284,1
430.8,2.348,0.295,18.9,17.274105,0.899,0.996,5806.0,0.4991,1
715.5,5.807,0.013,20.7,18.805635,0.975,0.852,5325.0,0.4592,1
692.3,9.357,0.582,34.7,26.047709,1.119,1.027,6119.0,0.5512,1
383.7,3.787,0.954,22.8,22.440235,1.039,1.084,6285.0,0.3509,1
254.1,10.068,0.457,39.2,23.146439,1.988,1.136,5508.0,0.6452,1
791.0,6.831,0.632,22.6,17.591223,0.855,0.805,5052.0,0.4521,1
944.9,2.4076,0.018,27.3,24.328325,0.524,0.561,3825.0,0.6118,1
613.1,1.1102,0.748,27.0,21.688448,0.524,0.561,3825.0,0.7692,1
5448.7,3.6796,1.269,83.7,74.31422,0.675,0.733,4602.0,0.8344,0
797.9,4.654,0.604,108.6,83.48201,1.11,1.037,5997.0,0.7103,1
309.5,6.678,0.282,26.5,19.811733,1.076,1.13,6249.0,0.2197,1
341.9,4.675,0.231,20.4,17.635292,0.827,0.928,5382.0,0.4965,1
103.2,4.274,0.715,25.9,20.244244,2.088,1.256,6208.0,0.381,0
292.5,4.509,0.839,21.4,17.602406,1.005,0.956,6136.0,0.6864,1
689.1,6.307,0.922,23.8,18.835445,0.838,0.93,5726.0,0.6886,1
297.4,1.1451,0.403,50.9,31.676039,0.57,0.576,3814.0,0.996,1
747.7,7.625,0.033,20.8,16.812538,1.077,1.054,6096.0,0.0428,1
300.5,1.3394,0.846,23.6,30.415829,0.985,0.857,5325.0,0.768,1
76.3,2.0619,0.96,20.9,20.589466,1.381,1.306,6387.0,0.0903,1
234.9,2.3274,0.052,27.0,19.873373,0.91,0.937,5463.0,0.8155,1
402.0,1.4972,0.892,23.8,18.709436,0.91,0.937,5463.0,0.2118,1
1093.7,3.4894,0.022,34.3,29.598806,0.806,0.897,5376.0,0.4163,1
1004.5,4.376,0.878,43.9,33.63907,0.708,0.785,5303.0,0.9033,1
441.5,1.6758,0.874,22.7,18.907585,0.85,0.945,5420.0,0.6067,1
342.1,2.807,0.632,12.0,17.047945,1.671,0.929,5109.0,0.4588,1
850.2,3.0555,0.298,26.4,22.876215,0.794,0.876,5477.0,0.9894,1
401.6,3.431,0.698,19.7,18.81096,0.954,0.955,5569.0,0.524,1
207.1,3.106,0.055,20.0,17.950302,0.954,0.955,5569.0,0.0773,1
491.1,1.4361,0.023,25.2,20.559895,0.741,0.715,4949.0,0.2666,1
389.5,0.9817,0.106,36.4,33.34368,1.276,1.334,6521.0,0.9032,0
879.6,5.457,0.031,23.7,20.842255,0.736,0.817,5162.0,0.9005,1
59.7,2.314,0.284,11.8,14.305465,1.195,1.27,6213.0,0.1568,1
1321.9,4.4726,0.757,167.3,101.53744,1.049,1.107,6228.0,0.7105,1
352.8,3.252,0.125,19.2,17.77157,0.899,0.996,5806.0,0.1069,1
48.9,3.391,0.539,24.5,18.317858,2.188,1.198,6197.0,0.1324,1
39.5,3.7295,0.237,32.2,23.317818,2.188,1.198,6197.0,0.8583,1
37.3,2.0378,0.816,18.2,14.519956,2.188,1.198,6197.0,0.3804,1
872.2,3.0664,0.011,28.3,26.103512,0.806,0.897,5376.0,0.9748,1
684.0,2.1229,0.869,31.9,28.934011,0.697,0.713,4299.0,0.8846,1
1313.1,3.8284,0.122,32.7,29.69453,0.755,0.824,5332.0,0.5296,1
200.0,2.1472,0.4,40.5,25.040089,1.705,1.165,5907.0,0.6997,1
699.9,2.788,0.534,21.3,18.731478,0.688,0.768,4500.0,0.4981,1
367.1,9.551,0.638,26.5,20.560215,1.041,0.912,5878.0,0.8114,1
460.2,2.0572,0.047,21.1,18.348387,0.552,0.581,3867.0,0.3623,1
988.4,3.7,0.005,24.1,19.314867,0.81,0.91,5265.0,0.5336,1
634.4,2.1448,0.455,70.9,62.67986,0.804,0.896,5216.0,0.0716,1
166.0,2.9698,0.207,27.1,39.161354,2.043,1.462,7216.0,0.9861,1
246.8,2.6297,0.869,24.5,21.586357,1.314,0.998,5845.0,0.0615,1
81.0,4.046,0.242,17.7,14.886244,1.314,0.998,5845.0,0.7186,1
411.9,8.704,0.707,31.8,21.514553,2.046,1.443,6160.0,0.5932,1
765.2,3.985,0.904,75.3,64.584526,0.651,0.715,4983.0,0.4499,1
136.4,3.0898,0.964,18.9,19.203114,0.865,0.961,6191.0,0.8858,0
413.3,1.3966,0.227,20.7,16.521729,1.012,1.117,6063.0,0.1027,1
771.8,1.751,0.819,17.7,14.295716,0.793,0.792,5080.0,0.8294,1
242.1,1.1267,0.876,38.2,40.98029,0.886,0.82,5132.0,0.9853,1
239.6,2.2245,0.917,22.3,22.719732,0.905,0.832,5146.0,0.7132,1
294.8,2.1533,0.115,21.5,19.142262,1.032,0.873,5362.0,0.6598,1
427.4,6.344,0.008,31.0,24.910862,2.652,1.41,5443.0,0.8015,1
533.8,3.451,0.018,26.6,22.977419,0.949,1.018,6036.0,0.083,1
2232.1,5.0066,0.209,304.6,236.76962,1.191,0.995,6038.0,0.5683,1
587.0,1.2167,0.009,34.6,25.818338,0.651,0.637,4478.0,0.6058,1
293.7,4.309,0.731,24.0,19.560694,0.95,0.802,5670.0,0.8048,1
305.4,7.173,0.939,26.9,22.644096,1.209,1.147,6056.0,0.103,1
325.4,1.6686,0.793,20.1,16.098915,0.843,0.945,5431.0,0.6539,1
287.6,5.385,0.009,25.5,18.630243,1.184,1.027,5949.0,0.0477,1
155.3,3.479,0.626,16.0,12.33673,1.184,1.027,5949.0,0.2024,1
1164.4,4.965,0.704,23.7,22.805443,1.244,0.931,5624.0,0.6733,1
109.6,1.0243,0.705,28.7,17.038412,0.822,0.874,5173.0,0.9541,1
214.4,2.4921,0.061,22.4,19.705582,1.463,1.097,5862.0,0.194,1
318.2,2.393,0.271,16.9,15.912708,0.853,0.874,5766.0,0.0051,1
545.7,4.635,0.883,22.0,18.041595,0.969,1.048,6075.0,0.648,1
301.4,5.394,0.958,23.2,20.53855,0.651,0.715,4983.0,0.7875,1
907.6,2.3607,1.216,65.2,54.96573,0.973,1.055,6032.0,0.8306,0
570.1,5.389,0.94,25.9,19.423765,1.009,1.069,6244.0,0.1268,1
1130.7,2.734,0.534,30.4,27.055878,0.618,0.607,4818.0,0.6605,1
1540.3,3.897,1.244,26.3,24.466516,0.805,0.891,5485.0,0.8413,0
771.5,5.577,1.26,25.0,19.212767,1.411,1.096,6056.0,0.7297,0
173.5,1.4122,0.06,34.8,32.83322,0.887,0.907,5237.0,0.9632,1
189.6,2.2874,0.261,20.7,18.126743,1.496,1.087,6455.0,0.6281,1
1041.7,2.236,0.802,18.0,15.811826,0.768,0.741,4973.0,0.9377,1
616.5,3.745,1.216,20.9,17.57639,0.615,0.634,4098.0,0.8795,0
1032.9,4.093,0.263,24.0,21.172686,0.865,0.957,5861.0,0.5024,1
309490.0,4.33931,0.598,2036.3,6993.098,1.368,0.969,6158.0,-1.0,0
3522.5,6.789,1.272,141.4,376.30072,0.875,0.761,5544.0,0.8973,0
532.6,3.056,0.251,21.5,17.771389,0.968,0.913,5468.0,0.0646,1
712.7,0.8023,0.825,25.7,17.147388,0.777,0.873,5230.0,0.3735,1
459.8,1.3285,0.028,26.5,23.326597,0.757,0.734,4859.0,0.5601,1
179.6,4.153,0.595,17.0,13.931851,1.026,1.099,6102.0,0.1791,1
286.3,3.3781,0.05,27.0,22.175014,1.046,1.143,6142.0,0.7727,1
871.5,2.309,0.038,19.5,17.439074,0.587,0.593,3967.0,0.6749,1
349.4,4.564,0.272,26.8,19.547129,1.216,1.235,6643.0,0.758,1
548.4,5.276,0.872,21.9,17.687275,1.104,0.893,5390.0,0.8429,1
396.8,11.261,0.877,63.6,27.74473,6.221,1.218,4604.0,0.0539,1
58.9,1.4116,0.803,21.9,20.373524,1.132,0.995,5821.0,0.8971,1
364.8,3.8314,0.017,65.6,47.71693,1.191,0.995,6038.0,0.0553,1
186.7,8.262,0.742,24.7,20.559645,1.839,0.962,5528.0,0.7774,1
402.2,1.6043,0.77,23.7,19.46216,0.759,0.817,4895.0,0.4604,1
440.3,4.2354,0.918,28.3,24.467686,1.412,0.974,5559.0,0.2977,1
128.5,2.1072,0.932,18.1,15.470267,0.67,0.748,4657.0,0.8359,1
325.0,4.81,0.272,21.1,16.83565,1.26,1.098,6053.0,0.782,1
704.8,4.842,0.032,22.6,18.661327,0.706,0.786,5051.0,0.1747,1
797.9,4.298,0.614,23.2,19.371254,0.915,0.878,5316.0,0.7841,1
174.1,1.6663,0.436,20.2,18.053844,0.722,0.684,5242.0,0.5862,1
269.7,2.839,0.883,21.0,18.063833,1.529,1.205,5883.0,0.7261,1
110.1,4.746,0.845,21.6,17.536955,1.406,1.212,6126.0,0.2261,1
82.0,1.725,0.541,17.3,15.924351,1.446,1.286,6164.0,0.6774,1
507.9,4.372,0.269,23.8,20.131565,1.129,1.048,5852.0,0.0088,1
2482.1,1.68668,1.274,303.7,298.34207,1.236,1.257,6366.0,0.0,0
375.5,9.133,0.225,36.2,22.96327,1.267,1.085,6178.0,0.8371,1
197.6,3.682,0.787,26.2,19.778193,3.279,1.55,6153.0,0.0,0
265.4,2.4461,0.092,24.9,21.028004,0.8,0.796,5311.0,0.99,1
349.2,1.814,0.775,23.9,19.846106,0.778,0.732,5178.0,0.592,1
318.6,1.7389,0.095,20.4,17.161512,0.748,0.836,4816.0,0.8846,1
348.0,61.2018,1.191,90.4,22.847235,1.26,0.953,5974.0,0.3172,0
615.1,2.054,0.25,18.2,15.966751,0.892,0.773,5530.0,0.0716,1
374.9,3.272,0.01,22.2,17.912304,0.891,0.972,5523.0,0.41,1
397.4,13.78,0.586,24.0,19.08947,0.972,0.938,5679.0,0.1727,1
646.5,3.4559,0.004,93.4,76.45331,1.03,0.963,5767.0,0.6178,1
328.8,4.636,0.028,22.1,18.872335,0.938,1.01,6119.0,0.291,1
88.8,4.279,0.867,23.3,19.153894,1.183,1.197,6074.0,0.1551,1
194.5,3.244,0.71,20.3,17.530895,1.309,0.963,5587.0,0.999,1
306.3,2.3161,0.971,15.2,13.138888,1.309,0.963,5587.0,0.6107,1
95.2,7.3,0.536,29.9,24.207443,2.286,2.335,9565.0,0.6993,1
684.8,5.513,0.018,27.7,22.457796,0.87,0.968,5730.0,0.3475,1
142.0,2.7219,0.46,23.1,19.510805,0.843,0.945,5412.0,0.8682,1
599.3,5.532,0.773,25.2,21.972872,0.913,0.801,5432.0,0.4258,1
267.9,5.483,0.782,27.2,23.312294,1.0,1.024,6057.0,0.1798,1
260.6,2.793,0.051,27.5,22.891153,1.1,0.946,5588.0,0.6685,1
194.9,2.708,0.496,11.6,9.14335,1.1,0.946,5588.0,0.5836,1
336.8,4.4968,0.009,34.0,22.406319,1.191,0.995,6038.0,0.4539,1
273.3,0.9269,0.586,23.4,18.972502,0.716,0.807,4901.0,0.501,1
142.5,3.2532,0.159,24.4,17.39639,1.515,1.024,5640.0,0.2859,1
147.4,3.366,0.301,19.8,16.698652,1.129,1.021,6047.0,0.6673,1
987.9,1.431,1.198,22.1,17.792856,1.071,1.173,6090.0,0.8949,1
252.7,1.0473,0.762,28.9,23.684656,0.829,0.765,5266.0,0.8265,1
273.4,5.557,0.682,22.4,18.93551,0.973,0.906,6205.0,0.7675,1
91.2,2.5779,0.217,35.2,28.826073,1.282,0.95,5866.0,0.2446,1
965.2,5.772,0.162,27.8,22.268452,0.828,0.791,4954.0,0.6745,1
530.6,2.7048,0.486,28.1,24.047394,0.828,0.791,4954.0,0.0143,1
759.6,2.0728,0.763,21.8,17.46432,0.828,0.791,4954.0,0.1846,1
9969.2,3.6337,1.251,222.3,1487.8179,1.181,1.078,6248.0,0.9967,0
358.3,2.0311,0.044,29.3,25.901522,0.807,0.771,4983.0,0.8492,1
395.2,4.782,0.18,25.9,22.91786,1.017,1.016,5757.0,0.8261,1
836.1,3.2747,0.333,74.3,56.046688,0.849,0.804,5022.0,0.5603,1
178.5,6.205,0.123,32.3,23.378767,1.391,1.173,5711.0,0.0656,1
132.5,4.73,0.318,25.8,19.102755,1.391,1.173,5711.0,0.5941,1
181.3,3.526,0.3,26.1,20.093796,1.515,1.024,5640.0,0.8626,1
132.4,2.7114,0.227,27.2,22.647596,1.515,1.024,5640.0,0.6613,1
326.7,4.576,0.473,22.6,19.41287,1.014,1.041,6082.0,0.4537,1
469.1,1.0458,0.151,35.3,31.016354,0.753,0.723,5002.0,1.0,1
138.3,3.485,0.218,15.9,17.813854,1.347,1.336,6688.0,0.7987,1
324.8,3.307,0.025,21.4,18.547466,0.914,1.006,5911.0,0.5867,1
737.4,3.476,0.611,17.6,14.200886,0.931,1.047,5841.0,0.5043,1
329.2,1.0579,0.301,46.1,17.206907,0.563,0.566,3862.0,0.7885,0
593.4,1.2058,0.971,24.2,21.589361,0.858,0.887,5290.0,0.5183,0
144.0,3.154,0.039,15.3,12.109904,1.087,0.888,5392.0,0.7178,1
1166.8,4.645,0.913,28.4,25.621601,0.744,0.827,5136.0,0.0529,1
65.5,2.596,0.966,23.2,27.193575,1.358,1.076,6084.0,0.0276,1
884.3,6.864,0.703,33.6,25.147776,1.012,1.117,6063.0,0.2093,1
1009.5,3.1136,0.658,23.8,26.569523,0.641,0.651,4243.0,0.014,1
64.8,3.227,0.516,14.9,11.107825,1.391,1.173,5711.0,0.328,1
97.8,5.439,0.872,25.5,21.455776,1.636,1.287,6154.0,0.6279,1
758.9,6.596,1.258,30.1,22.479414,0.938,1.028,5942.0,0.804,1
110.0,2.5693,0.012,26.2,29.119204,1.953,0.983,5957.0,0.0241,0
488.7,7.083,0.067,25.7,19.753057,1.08,0.928,5520.0,0.9415,1
191.2,2.9095,0.822,24.0,21.66317,0.95,1.014,5709.0,0.3716,1
197.4,2.0348,0.153,22.2,20.83751,1.727,0.952,4827.0,0.9482,1
403.7,6.7751,0.023,37.8,24.713478,1.191,0.995,6038.0,0.8525,1
509.8,4.5568,0.395,64.1,54.0081,1.216,1.013,6086.0,0.841,1
755.8,6.324,0.695,20.8,17.590773,0.87,0.944,5712.0,0.1733,1
523.1,6.811,0.658,23.1,19.289253,1.032,1.084,6319.0,0.1416,1
435.8,1.9637,0.108,22.4,20.33015,0.884,0.946,5475.0,0.9108,1
49.3,1.6197,0.195,28.9,23.578821,1.196,0.903,5457.0,0.6524,1
955.4,6.21,0.42,24.7,18.74674,0.94,1.032,5910.0,0.7612,1
818.9,2.471,0.786,20.5,17.713583,0.94,1.032,5910.0,0.9931,1
360.6,3.438,0.194,27.3,22.957582,1.367,1.02,5866.0,0.1489,1
282.4,7.588,0.918,25.2,20.807398,1.383,1.109,6103.0,0.9687,1
140.3,7.073,0.661,19.3,14.109142,1.383,1.109,6103.0,0.3364,1
709.3,6.152,0.003,27.8,24.496864,0.921,1.016,5831.0,0.2882,1
337.4,2.3652,0.821,31.6,27.19655,1.013,0.869,5330.0,0.7143,1
1402.9,0.7051,0.295,33.3,23.920094,0.433,0.463,3731.0,0.9859,1
588.7,5.746,0.949,22.0,18.524363,1.246,1.008,5565.0,0.3006,1
687.3,53.5887,1.184,82.1,19.214346,1.698,1.32,6711.0,0.9919,0
783.0,3.927,0.399,19.1,15.237783,0.904,0.882,5570.0,0.3758,1
26.5,2.591,0.002,25.0,18.982355,1.896,1.14,6258.0,0.2757,0
1502.9,4.366,0.057,25.7,23.235922,1.016,0.921,5492.0,0.3437,1
428.5,5.065,0.971,83.9,49.504898,1.008,0.894,5700.0,0.1425,0
488.0,2.205,0.108,19.3,16.923792,0.971,1.083,5957.0,0.589,1
588.0,3.4701,0.878,28.5,24.992212,0.949,1.028,6103.0,0.4549,1
654.6,2.049,0.025,16.3,14.530282,0.702,0.782,5165.0,0.4,1
362.1,6.416,0.03,25.4,22.688374,1.077,1.114,6218.0,0.9854,1
132.6,4.576,0.136,13.4,10.90227,1.216,1.013,6086.0,0.322,1
267.0,1.8264,0.963,25.0,25.244616,1.177,0.985,5887.0,0.1071,1
1286.0,2.7455,0.029,112.5,92.90064,0.571,0.591,4090.0,0.8566,1
874.2,2.1557,0.521,23.3,34.077755,1.005,0.878,5229.0,0.7616,1
145.0,4.368,0.612,27.2,23.60095,1.307,0.973,5862.0,0.7975,1
180.6,4.141,0.619,29.6,23.89117,1.307,0.973,5862.0,0.4957,1
81.6,2.8521,0.925,22.8,20.322367,2.506,1.33,5343.0,0.3844,1
101.5,1.3705,0.909,20.5,20.149292,1.091,0.955,5716.0,0.7025,0
348.4,6.693,0.932,25.0,19.35162,1.247,1.042,5795.0,0.0798,1
338.2,7.989,0.007,24.3,20.233814,0.921,0.794,5678.0,0.5701,1
648.0,4.391,0.962,21.8,19.336584,1.238,0.922,5500.0,0.6362,1
327.5,3.289,0.805,14.0,11.8480015,1.238,0.922,5500.0,0.0884,1
578.4,7.218,0.015,23.9,17.667221,1.19,0.946,5561.0,0.9352,1
348.8,8.114,0.026,29.7,20.353767,1.191,0.995,6038.0,0.4211,1
284.2,1.1966,0.129,25.2,25.171762,0.513,0.543,3810.0,0.1842,1
143.4,2.808,0.183,18.2,14.822822,1.04,0.943,5560.0,0.8585,1
306.8,3.154,0.009,18.6,16.679808,0.747,0.734,4641.0,0.6374,1
192.5,2.059,0.125,21.3,17.391918,1.126,1.068,6000.0,0.5021,1
487.4,7.489,0.046,21.6,17.0924,1.081,1.135,6002.0,0.2881,1
130.9,3.015,0.836,15.9,12.407433,1.307,0.973,5862.0,0.2659,1
157.3,4.901,0.737,20.9,25.366087,1.066,1.024,5865.0,0.8225,1
908.4,1.4575,0.217,35.4,30.17181,0.578,0.619,3879.0,0.5628,1
755.7,3.2201,0.481,32.7,25.702608,0.764,0.85,5191.0,0.7668,1
1626.6,5.118,0.924,30.2,26.954376,1.049,1.107,6228.0,0.0039,1
292.6,3.159,0.308,25.3,21.737331,1.021,1.037,6014.0,0.9456,1
286.2,2.7466,0.308,25.1,21.682825,0.982,0.872,5364.0,0.9442,1
2975.0,2.88,0.053,362.1,361.97925,1.08,0.996,5646.0,0.2859,1
1350.7,3.816,0.091,19.5,14.842745,0.931,0.966,5480.0,0.8037,1
777.3,3.891,0.928,27.8,20.40939,1.466,0.998,5596.0,0.6158,1
433.8,1.705,0.142,17.6,15.025204,1.103,1.162,6174.0,0.1444,1
386.0,1.9425,0.893,25.1,22.947691,0.829,0.928,5569.0,0.8662,1
252.6,4.054,0.012,27.6,22.708656,1.471,1.25,6172.0,0.0973,1
370.7,4.749,0.876,23.2,19.984657,1.094,0.96,5912.0,0.2014,1
184.3,3.433,0.067,22.3,19.004755,0.992,0.923,5649.0,0.4418,1
270.7,0.8069,0.779,36.0,17.859703,0.847,0.828,5123.0,0.9808,1
329.2,2.6508,0.046,22.8,20.543076,0.978,0.858,5288.0,0.6689,1
697.1,4.515,0.168,22.3,19.676186,0.921,1.016,5831.0,0.4057,1
499.6,1.1435,0.931,31.2,17.095778,0.486,0.49,3821.0,0.8638,1
1453.3,2.8354,0.033,145.9,127.45385,1.216,1.032,5794.0,0.931,1
1124.9,4.685,0.85,31.6,27.369154,1.049,1.107,6228.0,0.6575,1
816.7,3.4197,0.18,54.1,42.359932,0.571,0.591,4090.0,0.3486,1
632.4,5.907,0.962,26.0,19.70963,1.013,0.869,5330.0,0.7336,1
200.7,1.862,0.108,28.4,20.247503,1.064,1.037,5806.0,0.9676,1
191.0,2.917,0.223,24.5,20.456705,1.162,1.064,5859.0,0.543,1
263.0,4.853,0.023,22.6,18.74572,1.162,1.064,5859.0,0.6154,1
86.0,2.1328,0.879,21.0,23.081842,0.842,0.944,5450.0,0.4549,1
59.9,2.056,0.623,18.6,18.000952,0.842,0.944,5450.0,0.6292,1
175.7,2.3226,0.175,20.8,17.457829,0.612,0.601,4487.0,0.3227,1
278.6,1.763,0.305,16.5,18.685446,0.787,0.812,5167.0,0.6678,1
3218.5,4.2285,0.901,184.3,763.6449,0.793,0.704,6190.0,0.0001,0
114.7,2.306,0.374,27.5,23.108788,1.272,1.088,5865.0,0.4796,1
68.6,5.408,0.71,29.8,22.710674,1.404,0.915,5423.0,0.9767,1
101.4,2.932,0.222,22.0,18.521324,1.191,0.995,6038.0,0.1259,1
124.0,2.78,0.628,18.6,15.944297,1.191,0.995,6038.0,0.5835,1
262.3,2.5462,0.413,20.6,17.879112,0.925,0.9,5547.0,0.9916,1
553.2,3.064,0.499,23.6,21.394451,0.816,0.773,5052.0,0.6034,1
396.4,5.522,0.392,19.1,16.360394,1.019,1.038,6250.0,0.6593,1
244.6,6.423,0.865,30.5,23.225899,1.262,1.011,6429.0,0.2653,1
656.9,8.422,0.528,23.8,20.047245,1.284,1.039,5779.0,0.9235,1
180.4,2.2759,0.02,24.6,20.392012,0.906,0.993,5984.0,0.2197,1
48.9,2.113,0.744,13.7,13.706386,0.842,0.944,5450.0,0.4707,1
224.2,2.765,0.299,12.8,18.387432,0.956,1.035,5761.0,0.0886,1
5237.7,5.1008,0.902,181.6,1196.2297,1.441,1.236,6501.0,0.9916,0
4787.3,2.3421,1.303,101.1,224.04196,0.878,0.842,5408.0,0.4876,0
821.5,3.743,0.914,22.2,25.988503,0.981,0.936,5738.0,0.5047,1
86.5,4.765,0.252,12.4,16.728004,1.169,1.037,6084.0,0.232,1
264.8,4.956,0.363,18.7,15.720275,0.925,0.893,5529.0,0.0225,1
281.3,2.829,0.829,15.1,11.803603,0.689,0.719,5096.0,0.6181,0
385.4,70.3707,1.202,130.0,16.121702,1.921,1.299,6440.0,0.1949,0
769.5,3.267,0.155,16.3,12.288935,0.576,0.581,3757.0,0.4026,1
758.9,4.283,0.862,18.0,15.501348,0.763,0.853,5623.0,0.0959,1
63.5,7.532,0.897,16.2,12.016888,2.164,1.219,5979.0,0.73,1
36.3,2.679,0.252,11.9,15.536409,0.979,1.03,5854.0,0.8923,1
400.4,1.0852,0.032,68.3,22.317495,0.716,0.776,5255.0,0.8653,1
1180.1,2.7306,0.787,485.5,422.22046,1.258,1.097,6267.0,0.6885,1
784.2,4.526,0.903,22.9,19.686432,0.961,0.922,5903.0,0.0376,1
259.2,2.644,0.975,20.7,14.080627,4.131,1.375,5002.0,0.7148,0
412.4,3.28,0.553,21.2,16.946104,0.722,0.712,4513.0,0.0065,1
143.9,5.925,0.241,19.5,14.96292,1.222,0.863,5753.0,0.233,1
391.7,2.657,0.691,16.7,13.291759,0.796,0.771,4838.0,0.4359,1
374.7,8.198,0.002,21.4,18.845905,1.615,1.115,5843.0,0.0076,1
400.8,1.967,0.616,20.6,135.50293,24.488,0.925,4094.0,0.0003,0
2054.8,2.0371,0.749,68.6,53.37347,0.537,0.537,3879.0,0.361,1
701.1,7.495,1.252,58.5,22.613558,1.025,1.095,6117.0,0.7666,0
114.5,3.455,0.551,19.2,16.452356,1.101,0.996,5806.0,0.3712,1
77.4,2.569,0.386,17.2,16.056055,0.858,0.934,6075.0,0.7669,1
303.0,1.1968,0.077,19.8,15.191005,0.871,0.849,5420.0,0.9347,1
360.1,4.077,0.714,13.7,11.031231,0.722,0.712,4513.0,0.8868,1
142.9,6.179,0.062,22.2,17.997093,1.104,0.889,5610.0,0.99,1
162.9,4.858,0.847,15.9,12.821955,1.104,0.889,5610.0,0.6872,1
461.8,2.9878,0.007,26.1,22.985737,0.987,1.053,6123.0,0.3378,1
340.7,2.409,0.025,9.3,11.781019,0.961,1.049,5966.0,0.4283,1
1032.6,2.3244,0.868,46.7,41.48566,0.509,0.515,3732.0,0.788,1
108.1,4.298,0.711,19.4,16.569988,1.346,1.039,5945.0,0.1335,1
463.5,3.691,0.112,25.3,22.701654,0.849,0.939,5776.0,0.5773,1
771.7,2.194,0.024,17.8,17.026577,0.701,0.686,4703.0,0.5282,1
266.2,2.4141,0.333,23.3,20.38139,0.899,0.996,5806.0,0.8254,1
181.2,2.931,0.457,13.1,11.855235,0.966,1.043,6106.0,0.372,0
141.4,6.735,0.013,17.6,14.569964,1.121,1.046,6384.0,0.5499,1
214.2,10.532,0.254,21.3,15.739848,3.405,1.648,5734.0,0.0661,1
275.4,5.248,0.977,27.9,18.51607,0.944,0.985,5884.0,0.9938,0
71.4,5.951,0.623,22.2,17.629189,0.98,0.81,5575.0,0.1184,0
36912.0,1.72722,0.144,1341.6,1514.2845,0.568,0.587,3793.0,0.4551,1
296.9,2.008,0.262,15.8,15.25862,0.788,0.884,5354.0,0.3861,1
277.3,1.0567,0.008,31.5,19.927898,0.767,0.747,4791.0,1.0,0
278.0,1.007,0.709,11.5,17.060822,1.009,0.89,5387.0,0.231,0
495.8,4.023,1.199,85.2,19.188797,0.698,0.773,5271.0,0.8852,0
1161.5,5.959,0.918,22.8,17.269434,0.672,0.669,4551.0,0.955,1
401.6,3.5255,0.008,274.5,222.45161,1.258,1.097,6267.0,0.826,1
751.0,7.464,0.953,15.1,11.653137,0.463,0.482,3576.0,0.8054,1
586.8,3.534,0.949,16.8,14.043629,1.115,1.048,6165.0,0.249,1
210.4,4.125,0.12,20.3,17.48328,1.151,0.936,5557.0,0.169,1
81.4,1.9724,0.045,22.9,18.198313,1.662,1.121,5825.0,0.9603,1
322.7,1.1522,0.841,35.3,29.192568,0.767,0.878,5172.0,1.0,1
217.5,6.805,0.74,20.5,15.927306,1.463,1.097,5862.0,0.9215,1
126.4,1.6192,0.979,33.5,29.884254,3.204,1.469,5988.0,1.0,0
84.3,1.393,0.17,12.7,10.598918,0.992,1.029,6014.0,0.317,0
193.9,7.453,0.041,23.3,18.483387,0.961,0.868,5695.0,0.4359,0
507.0,1.8717,0.022,38.2,22.25087,0.537,0.537,3879.0,0.8201,1
316.2,1.719,0.924,14.8,12.429709,0.87,0.855,5330.0,0.984,1
145.2,1.0703,0.433,24.7,14.677425,1.519,1.256,6414.0,1.0,0
180.6,2.851,0.253,15.7,13.309786,0.895,0.99,5853.0,0.7335,1
498.5,4.208,0.034,11.5,10.0909195,0.521,0.526,3765.0,0.5278,1
359.3,1.716,0.48,11.2,8.993365,0.521,0.526,3765.0,0.4109,1
365.3,4.584,0.036,20.9,18.662968,0.856,0.869,5242.0,0.0543,1
373.1,6.656,0.49,17.1,16.393923,1.169,1.191,6499.0,0.4398,1
631.7,2.866,0.348,15.6,14.769549,0.748,0.856,5073.0,0.7395,1
83.1,3.06,0.499,22.5,18.492785,1.17,1.053,6453.0,0.0,0
886.4,4.03,0.846,17.3,13.4371195,0.805,0.776,4891.0,0.2252,1
1765.9,2.5418,0.037,101.1,82.67765,0.539,0.541,3834.0,0.2418,1
92.9,2.591,0.148,14.4,12.782846,0.769,0.793,5168.0,0.7838,1
418.5,2.357,0.413,12.8,11.577439,1.171,1.241,6418.0,0.5734,0
115.8,1.672,0.654,20.0,16.127527,1.855,1.058,6063.0,0.7018,0
2651.8,1.9817,1.252,88.7,44.80835,0.685,0.658,5316.0,0.8336,0
259.1,1.5789,0.283,45.2,21.799551,0.82,0.918,5547.0,0.9509,0
151.0,2.233,0.264,14.0,13.973922,0.845,0.771,5370.0,0.0473,0
1112.6,1.7075,0.029,23.8,17.614754,0.714,0.786,5262.0,0.6941,0
2312.8,4.047,0.35,106.5,84.951836,0.511,0.531,3780.0,0.1373,1
389.0,6.271,0.968,21.3,16.902508,1.087,0.888,5392.0,0.1936,1
336.4,5.438,0.704,15.4,13.206011,0.895,0.99,5853.0,0.08,1
369.6,2.116,0.213,15.7,14.116614,0.961,0.932,5495.0,0.4186,1
75.8,2.61,0.069,16.3,14.0594635,0.815,0.914,5481.0,0.2781,1
199.1,2.231,0.523,15.0,12.935102,0.788,0.716,5485.0,0.5494,0
610.4,4.466,0.019,179.5,175.61543,0.781,0.829,5437.0,0.1503,1
525.8,3.699,0.633,20.5,16.26874,0.883,0.796,5328.0,0.3614,0
259.6,1.793,1.21,18.3,15.419067,0.729,0.816,5632.0,0.3776,0
184.9,3.902,0.059,21.9,17.049992,0.732,0.785,4825.0,0.7361,1
661.8,4.369,0.011,23.3,17.465052,0.923,1.038,5681.0,0.4706,1
86.3,4.48,1.079,28.7,23.182957,3.028,1.484,6534.0,0.9848,0
301.6,2.864,0.224,19.9,17.404188,1.027,1.008,6117.0,0.0739,1
371.0,2.942,0.572,14.7,13.063752,0.964,1.041,6122.0,0.2249,1
145.6,2.721,0.509,18.4,14.404189,1.235,1.09,5887.0,0.7757,1
345.2,1.7763,0.195,18.8,16.305918,0.86,0.977,5591.0,0.1246,1
1537.7,1.9033,0.393,32.4,24.248087,0.537,0.537,3879.0,0.0477,1
100.8,3.358,0.364,12.9,11.28038,0.868,0.874,5420.0,0.1703,1
214.5,4.815,0.322,19.5,16.049892,1.373,1.161,5855.0,0.3656,1
240.7,1.2188,0.209,36.7,31.984018,0.913,0.942,5440.0,0.9982,1
110990.0,10.7643,0.977,534.5,1372.7269,0.845,0.933,5931.0,0.0831,0
29841.0,16.9895,0.684,897.0,938.0211,1.324,1.063,5989.0,0.163,0
2518.7,6.8214,0.242,63.1,61.356983,0.945,0.918,5593.0,-1.0,1
258.6,3.395,0.1,17.4,15.206182,0.95,0.893,5406.0,0.8827,0
636.6,3.401,0.335,15.8,12.803437,0.734,0.821,5395.0,0.5776,1
479.8,7.332,0.959,28.5,19.017454,1.112,1.157,6325.0,0.3951,1
437.9,5.548,0.953,28.8,23.985958,1.112,1.157,6325.0,0.9228,1
188.7,2.457,0.248,19.4,15.526697,0.84,0.797,5009.0,0.785,1
1387.2,2.1801,0.685,57.4,42.68845,0.539,0.541,3834.0,0.4122,1
535.8,10.262,1.175,24.7,18.712393,0.824,0.937,5435.0,0.554,0
153.6,2.054,0.4,15.7,13.811562,0.867,0.859,5762.0,0.2844,0
42.4,1.774,0.238,15.6,12.880582,0.921,0.962,5640.0,0.9702,1
70.5,3.577,0.07,19.2,15.339475,1.135,0.91,5767.0,0.3185,1
269.4,1.8061,0.209,22.9,19.88047,1.013,1.102,5845.0,0.0836,1
168.7,9.568,0.109,15.7,13.311803,0.867,0.95,6058.0,0.0398,1
396.6,2.5213,0.946,18.9,16.683186,0.581,0.599,4102.0,0.4341,1
181.0,5.882,0.983,20.4,16.824768,1.083,1.03,5791.0,0.239,1
67.9,9.88,0.931,5.7,11.411535,2.46,1.309,5192.0,0.0008,0
499.5,4.016,0.023,16.7,14.250783,1.065,1.049,6245.0,0.3075,1
719.1,9.745,1.262,23.6,20.772655,0.937,0.988,5930.0,0.8864,0
249.1,3.817,1.0,14.9,12.355037,0.816,0.884,5836.0,0.0032,0
891.6,5.762,0.024,20.4,15.94036,0.888,1.005,5418.0,0.6666,1
87.3,3.8763,0.086,32.4,29.897533,0.781,0.829,5437.0,0.7381,1
137.6,3.829,0.878,16.4,13.618851,1.417,1.23,6150.0,0.3647,1
542.4,1.843,1.228,20.2,17.672268,1.036,1.032,6347.0,0.4701,1
139.1,2.381,0.16,14.2,13.067234,1.121,1.166,6306.0,0.8255,0
114.6,1.3672,0.941,16.9,16.33386,0.886,0.989,5580.0,0.9502,1
212.6,1.0925,0.525,20.9,17.469727,0.797,0.896,5178.0,0.7771,1
1298.6,2.632,0.915,132.7,235.59987,2.992,1.482,6244.0,0.057,1
275.3,1.2335,0.319,16.7,13.803261,31.5,1.789,4448.0,1.0,0
2338.0,1.8464,0.59,132.1,141.97963,0.508,0.534,3808.0,0.2905,1
242.1,1.1168,0.872,20.7,16.621637,0.433,0.47,3605.0,0.7303,1
756.7,3.171,0.913,15.0,13.1382675,0.785,0.758,5151.0,0.123,1
22462.0,1.2232,0.099,172.2,110.819664,0.439,0.465,3440.0,0.4587,0
54.7,1.35,0.402,13.0,10.087545,0.972,1.053,6046.0,0.5433,0
245.5,1.021,0.08,22.1,17.523087,0.955,1.038,6045.0,0.5245,0
453.0,2.388,0.59,24.5,19.44362,0.816,0.901,5402.0,0.7241,0
290.1,4.222,0.117,25.2,21.030302,1.125,1.207,6321.0,0.9215,1
143.8,2.296,0.176,17.1,14.634054,1.111,0.969,5688.0,0.2298,1
116.6,4.52,0.372,23.0,18.046244,0.756,0.717,5138.0,0.6896,0
481.2,4.62,0.679,18.0,16.161253,0.84,0.797,5009.0,0.2356,1
227.0,4.912,1.183,65.3,21.570005,1.123,1.161,6386.0,0.6083,0
357.3,2.344,0.911,17.7,14.789656,0.742,0.724,4769.0,0.459,1
852.8,1.5997,0.187,63.6,48.26403,0.539,0.541,3834.0,0.6693,1
763.8,4.718,0.835,21.4,18.937853,0.831,0.791,4996.0,0.0606,1
56.1,5.613,0.182,22.4,13.230062,1.307,1.244,6175.0,0.8339,1
433.4,4.759,0.603,17.0,15.20904,1.118,1.022,5995.0,0.2527,1
87.6,4.318,0.257,20.3,14.468613,1.314,1.098,6194.0,0.8798,1
72.8,5.266,0.086,15.2,11.76338,1.314,1.098,6194.0,0.7751,1
1704.1,31.28,1.259,38.1,26.97966,0.911,1.028,5778.0,0.0001,0
1120.1,4.726,0.643,34.1,78.22098,0.945,0.918,5593.0,0.4385,1
487.4,2.0674,0.083,35.4,165.79648,1.193,1.19,6139.0,0.4803,1
45034.0,2.7468,1.147,92.0,523.9879,0.884,0.984,5717.0,0.5453,0
2575.6,11.106,0.814,175.2,125.39901,1.674,1.032,5616.0,0.8667,1
76.8,6.106,0.504,17.0,12.301436,1.674,1.032,5616.0,0.352,1
68.0,3.989,0.054,25.5,19.553331,1.674,1.032,5616.0,0.287,1
102.6,3.343,0.121,18.5,15.718208,1.003,0.824,5772.0,0.0598,1
92.9,3.381,0.557,12.7,11.67936,1.003,0.824,5772.0,0.1303,1
771.5,4.385,0.78,17.2,17.103079,0.829,0.928,5569.0,0.6346,1
28.7,2.933,0.708,21.7,15.700155,1.457,0.95,6057.0,0.9994,0
366.7,1.885,0.895,15.2,13.456439,0.831,0.791,4996.0,0.9929,1
224.9,1.0273,0.8,20.6,15.014907,0.737,0.756,4847.0,0.614,1
573.3,4.521,0.813,18.9,16.700882,1.071,0.926,5514.0,0.116,1
297.3,7.336,0.048,15.4,14.687093,1.41,1.072,5842.0,0.0129,1
773.6,4.878,0.021,15.7,11.2587805,0.729,0.709,4806.0,0.9407,1
187.5,3.32,0.054,15.6,13.853771,1.101,1.141,6398.0,0.1839,1
211.2,3.843,0.083,15.3,11.730205,1.101,1.141,6398.0,0.8369,1
162.3,2.905,0.119,15.2,12.560768,1.101,1.141,6398.0,0.1786,1
123.3,3.565,0.415,14.0,15.864739,1.054,0.903,5774.0,0.1231,0
413.6,7.005,0.79,23.4,18.615725,0.72,0.769,5383.0,0.8941,0
795.8,2.344,0.198,19.9,16.32204,0.845,0.787,5215.0,0.7797,1
136.2,2.866,0.971,22.5,19.187426,0.651,0.715,4983.0,0.0198,1
163.4,2.013,0.077,14.3,12.08894,0.937,0.864,5629.0,0.0003,1
912.8,3.5374,0.927,26.7,21.142654,0.855,0.805,5052.0,0.597,1
326.0,4.031,0.533,21.6,18.114197,1.008,0.932,5518.0,0.029,1
458.1,1.639,0.045,16.9,13.83129,0.961,0.852,5263.0,0.3127,0
168.9,1.913,0.535,12.2,12.768257,0.985,0.852,5992.0,0.6885,0
85.4,1.6449,0.35,19.1,15.193795,0.6,0.611,4239.0,0.9873,1
778.6,1.2667,0.965,20.1,16.464874,0.879,0.967,5982.0,0.6173,1
1023.8,3.83,0.899,21.2,18.140097,0.697,0.734,4652.0,0.4248,1
813.8,2.3052,0.014,27.6,20.641129,0.539,0.541,3834.0,0.4977,1
245.3,1.768,0.425,11.8,12.358115,0.508,0.534,3808.0,0.7536,1
128.2,4.735,0.664,42.9,20.16172,1.369,1.08,5864.0,0.4547,0
240.6,2.756,0.07,16.5,14.501732,1.032,0.941,5550.0,0.22,1
582.3,3.616,1.16,20.2,18.288544,1.023,0.964,6237.0,0.3713,0
258.5,4.758,0.523,15.7,14.021101,0.822,0.907,5616.0,0.0001,0
39.7,1.0896,0.52,21.6,12.858594,2.094,2.018,8621.0,0.996,0
177.8,2.845,0.093,17.7,15.337785,1.182,0.975,5657.0,0.9466,1
145.6,3.363,0.688,17.6,14.511017,0.813,0.833,5482.0,0.2702,0
305.7,1.023,0.051,13.2,16.721176,1.007,1.111,6046.0,0.1891,0
452.7,2.019,1.194,16.4,14.039556,1.038,1.1,6184.0,0.4392,0
55.7,3.37,0.001,15.9,16.847519,1.927,1.23,6732.0,0.4271,1
187.8,7.643,0.851,22.5,16.417692,1.588,1.104,5623.0,0.7649,1
488.4,1.2893,0.911,17.3,14.189094,0.826,0.927,5237.0,0.1895,1
89.5,10.049,0.35,26.1,15.596798,3.588,1.066,4924.0,0.7818,1
128.3,3.0008,0.839,23.8,20.523762,1.263,1.066,6123.0,0.8962,1
417.5,4.255,0.007,62.8,19.70566,0.663,0.652,4643.0,0.973,0
66.8,3.681,0.238,14.2,13.307933,2.232,1.436,6381.0,0.8326,1
200.8,1.659,0.403,15.3,13.958138,0.876,0.93,5796.0,0.5888,0
1282.6,3.726,0.074,19.9,17.682653,0.783,0.875,5262.0,0.0029,0
315.5,1.6762,0.133,24.5,22.259916,1.05,1.114,6156.0,0.827,1
123520.0,8.15361,0.938,2619.2,11200.769,1.51,1.09,5923.0,-1.0,0
277.1,2.427,0.734,19.0,14.586295,0.909,0.795,5455.0,0.4468,1
311.0,3.517,0.951,16.0,12.921604,0.642,0.634,4563.0,0.0475,1
786.7,2.437,0.68,22.6,20.92898,0.831,0.923,5550.0,0.5079,1
70.7,6.197,0.687,27.1,19.42282,1.963,1.187,5877.0,0.0788,1
75.7,3.633,0.486,18.8,16.492445,1.169,1.251,6161.0,0.4883,1
462.8,6.468,0.988,13.5,11.957226,0.788,0.765,4821.0,0.0685,1
382.3,6.019,0.829,19.6,16.268265,1.107,1.005,6071.0,0.961,1
388.8,2.442,0.24,15.8,13.026427,0.759,0.8,5026.0,0.6813,1
1826.9,1.5832,0.068,112.2,110.62994,0.369,0.396,3547.0,0.0216,1
2292.1,3.716,0.715,80.1,71.954796,0.516,0.529,3744.0,0.8574,1
465.6,1.041,0.208,26.4,17.91903,0.764,0.742,4897.0,0.9049,0
240.0,3.058,0.204,15.9,14.638098,0.959,1.045,5999.0,0.799,1
796.9,2.028,0.068,59.8,14.13782,0.656,0.639,4788.0,1.0,0
3714.7,5.7297,0.05,288.6,283.08282,0.92,1.006,5638.0,0.914,0
112.7,10.39,0.657,29.2,22.90613,0.885,0.767,5826.0,0.1934,0
140.3,8.2,0.603,24.0,20.072153,1.081,0.97,5897.0,0.1071,1
124.1,5.712,0.224,25.4,17.58158,2.886,1.464,5822.0,0.3021,1
205.2,3.206,0.337,15.4,12.343142,0.982,0.957,5573.0,0.4646,1
68.1,1.782,0.665,19.2,17.064955,0.832,0.781,5099.0,0.0046,0
172.0,1.781,0.4,21.2,16.966082,0.93,0.919,6319.0,0.9116,0
204.5,1.9094,0.085,21.4,16.953804,0.633,0.626,4500.0,0.0815,1
219.7,3.283,0.03,14.9,12.210572,0.633,0.626,4500.0,0.5923,1
346.5,3.4303,0.015,289.6,246.85002,1.198,0.997,5790.0,0.0137,1
97.8,1.964,0.403,16.0,13.185811,1.065,1.021,6204.0,0.2453,0
420.6,2.021,0.115,17.5,15.604272,0.795,0.78,4732.0,0.6499,0
72.6,7.274,0.873,20.6,14.347328,3.324,1.136,4938.0,0.3376,1
357.4,0.8323,0.153,20.4,14.735321,0.356,0.385,3460.0,0.9275,1
290.5,1.3692,0.286,21.4,19.042215,0.816,0.782,4948.0,0.9882,1
325.8,3.144,0.595,14.9,12.935628,0.764,0.857,5352.0,0.0832,1
189.9,2.848,0.747,17.0,13.794086,0.911,0.875,5753.0,0.0988,0
323.0,2.219,0.001,17.9,15.281276,0.963,1.079,5812.0,0.5176,1
575.0,3.546,0.883,17.5,15.356581,0.806,0.9,5644.0,0.1924,1
359.5,3.353,0.42,19.0,17.16906,1.023,1.122,6081.0,0.4947,0
302.5,2.6848,0.072,22.2,14.977744,0.788,0.765,4821.0,0.9131,1
488.3,1.218,0.319,20.4,17.22923,1.095,1.143,6310.0,0.3961,0
420.7,3.266,0.595,20.0,17.175404,0.69,0.688,5195.0,0.2321,1
165.9,1.1717,1.13,37.1,30.237457,5.847,2.214,5944.0,0.933,0
105.1,1.4243,0.405,17.7,15.74991,0.872,0.815,5083.0,0.0816,1
137.9,3.926,0.616,17.6,13.107499,0.939,1.03,5926.0,0.39,1
323.1,6.557,0.017,18.1,14.759786,0.967,1.045,6091.0,0.9894,1
915.9,6.905,0.069,23.9,16.574022,0.803,0.774,4898.0,0.7716,1
74.8,4.599,0.76,29.3,20.843405,1.15,1.014,5749.0,0.9985,0
217.1,4.548,0.922,16.1,13.981552,0.899,0.823,5190.0,0.3241,1
652.7,4.551,0.021,18.3,14.582436,0.941,1.038,5774.0,0.306,1
38.0,6.527,0.699,20.9,13.523925,2.163,1.429,6054.0,0.7237,1
100.7,1.978,0.62,17.4,15.634558,1.076,1.126,6306.0,0.8316,0
215.1,2.469,0.163,18.4,15.455015,1.005,0.873,6074.0,0.6545,1
2794.7,2.7096,0.047,137.2,104.526276,0.537,0.537,3879.0,0.5393,1
171.9,0.8592,0.233,26.8,13.651684,0.847,0.896,5430.0,0.8132,0
2313.2,1.7504,0.197,64.4,55.220226,0.576,0.581,3757.0,0.0073,1
53.6,3.673,0.45,13.2,12.898838,1.238,1.23,6187.0,0.3671,1
945.9,4.65,0.226,20.7,16.991114,1.149,1.021,5800.0,0.9876,1
281.0,1.973,0.306,11.4,11.01746,0.82,0.918,5547.0,0.8106,1
913.3,4.307,0.953,17.0,14.57548,0.398,0.426,3554.0,0.9785,1
5423.5,5.4573,0.909,222.8,553.4832,1.03,1.132,6108.0,0.8837,0
259.5,3.974,0.88,19.7,15.581302,0.796,0.836,4873.0,0.3292,1
116.6,3.873,0.225,16.3,15.665018,1.218,1.194,6113.0,0.5321,1
351.5,1.3916,0.206,23.0,20.19543,1.096,1.193,6147.0,0.9121,1
371.9,1.992,0.761,18.0,15.037362,0.87,0.813,5094.0,0.8856,1
197.7,2.268,0.479,17.2,15.146826,0.883,0.982,5734.0,0.278,0
261.8,7.82,0.059,35.9,17.49624,0.654,0.724,4583.0,0.9042,0
55.0,3.0063,0.54,32.2,26.348282,1.198,0.997,5790.0,0.0727,1
185.3,2.861,0.325,13.6,11.011869,0.725,0.805,5399.0,0.2799,0
107.4,2.064,0.217,12.8,12.475003,1.271,1.162,6078.0,0.902,1
885.4,6.758,0.347,18.1,11.975632,0.819,0.785,4939.0,0.0939,1
108.5,5.2,0.892,14.1,12.237531,2.605,1.365,5405.0,0.6825,1
83.2,2.992,0.415,17.4,14.623486,1.374,1.068,5827.0,0.998,1
298.1,6.68,0.909,18.9,16.47754,0.876,0.965,5817.0,0.6857,0
170.2,9.686,0.928,21.4,15.961918,0.983,1.097,5871.0,0.9607,1
45.9,5.522,0.201,22.0,16.418793,1.994,1.443,6311.0,0.2461,1
137.3,1.4499,1.1,41.6,37.332584,2.082,1.48,7102.0,0.96,0
222.8,2.1787,0.427,21.3,18.540503,2.476,1.243,5814.0,0.8436,1
203.1,7.042,0.865,23.7,18.592783,1.299,1.122,5936.0,0.2432,1
505.4,4.102,0.613,22.5,17.739546,0.904,1.026,5632.0,0.5883,1
403.6,1.2808,0.877,19.3,15.594649,1.131,1.057,5970.0,0.8396,1
257.9,29.1428,0.977,62.2,19.105417,0.94,0.816,5428.0,0.6415,0
138.6,8.567,0.44,28.4,18.577278,1.782,1.02,5422.0,0.0257,1
436.3,4.605,0.957,14.1,12.797429,0.9,0.998,5790.0,0.2486,1
221.5,4.422,0.886,16.3,12.717842,0.818,0.734,5475.0,0.1865,1
1033.0,8.432,0.109,17.3,15.520331,0.874,0.812,5135.0,0.8931,1
2754.6,0.7572,0.003,48.6,33.523926,0.328,0.328,3464.0,0.7319,1
2355.0,0.9613,0.719,25.4,17.186102,0.328,0.328,3464.0,0.0242,1
134.7,3.004,0.792,27.0,17.67672,1.067,1.085,6143.0,0.8061,0
1224.1,1.7869,1.128,79.6,28.659103,0.73,0.698,5068.0,0.9591,0
210.2,1.406,1.261,18.5,11.662024,0.86,0.977,5591.0,0.9596,1
142.0,4.183,0.662,15.4,12.498557,1.176,0.92,5511.0,0.9872,1
421.8,4.6125,0.049,110.5,92.42659,1.171,1.034,5978.0,0.6805,1
447.8,6.744,0.989,20.5,21.453985,1.077,1.001,5876.0,0.9846,0
1992.3,7.768,0.037,36.1,28.472113,0.637,0.659,4477.0,0.7434,1
351.2,10.8636,0.535,81.9,51.932014,1.297,1.059,6214.0,0.1336,1
6462.0,1.5916,0.706,50.5,41.95647,0.18,0.153,3157.0,0.7569,1
2598.0,1.2637,0.45,24.3,19.508406,0.18,0.153,3157.0,0.5362,1
631.8,0.9879,0.92,37.1,35.076653,0.389,0.415,3483.0,0.989,1
239.2,0.955,0.288,26.8,13.911604,0.708,0.766,4784.0,0.2816,0
85.5,3.426,0.738,27.8,22.056444,1.748,1.291,6257.0,0.8451,0
219.5,7.219,1.149,48.2,18.294212,4.315,1.789,6622.0,0.4998,0
92.6,3.419,0.214,28.1,21.663082,1.132,0.998,5631.0,0.2026,0
152.6,2.408,0.08,15.5,14.0844,0.872,0.938,5458.0,0.0688,0
224.9,1.5796,0.071,17.7,14.877646,0.65,0.731,4313.0,0.6726,1
202.2,1.206,0.022,13.9,12.351125,0.638,0.654,4464.0,1.0,0
75.1,5.747,0.921,23.9,16.214994,1.458,1.068,5691.0,0.1556,1
107.3,3.414,0.613,22.0,24.057016,1.352,1.225,6075.0,0.0603,1
133.1,2.899,0.26,16.1,12.840978,0.9,1.012,5452.0,0.8114,1
140.6,1.46,0.328,17.1,10.130858,0.63,0.624,5271.0,0.9413,0
126.8,1.6202,0.033,16.7,13.661968,0.797,0.76,5017.0,0.3448,1
1617.1,2.996,0.291,23.8,16.71722,0.564,0.605,3891.0,0.4057,1
1223.3,2.2942,0.791,22.6,17.191265,0.564,0.605,3891.0,0.8853,1
807.1,5.584,0.021,34.9,25.795126,1.152,0.902,5467.0,0.7473,1
221.2,3.754,0.013,15.2,12.3765545,1.152,0.902,5467.0,0.9055,1
474.8,2.696,0.713,20.0,17.020468,1.152,0.902,5467.0,0.5546,1
488.5,1.066,0.135,27.3,20.688766,0.704,0.793,4792.0,0.4217,1
166.2,1.833,0.617,43.4,26.264198,1.081,0.936,5996.0,0.9835,0
68.7,4.4679,0.696,38.2,27.484186,1.474,1.05,5788.0,0.5283,1
160.4,2.112,0.141,15.5,13.826928,0.849,0.939,5776.0,0.1962,0
356.8,1.767,0.92,13.9,16.792065,0.966,0.877,5370.0,0.5491,1
200.7,1.8261,0.03,22.4,17.354563,0.961,1.049,5966.0,0.9928,1
217.3,5.558,0.514,17.0,14.344855,0.831,0.914,5335.0,0.022,0
285.7,2.86,0.729,18.6,15.078204,0.82,0.92,5438.0,0.9587,0
133.7,3.096,0.338,14.3,13.042287,0.715,0.793,5366.0,0.5838,0
501.6,7.461,0.017,194.9,109.9509,1.585,1.009,5919.0,0.1158,1
599.8,3.402,0.958,7.5,24.201456,0.856,0.958,5240.0,0.0178,0
157.6,1.3493,0.214,38.7,21.53885,0.867,0.796,5227.0,0.9745,0
125.5,5.5177,0.557,43.5,37.507618,1.297,1.059,6214.0,0.6719,1
214.6,3.011,0.014,23.5,25.88844,1.111,1.004,5885.0,0.8983,1
159.0,3.398,0.489,13.5,14.869048,1.111,1.004,5885.0,0.1875,1
134.9,2.326,0.701,12.3,28.792877,1.543,1.273,6366.0,0.902,0
269.7,1.1014,0.41,25.3,16.841465,0.937,0.877,5727.0,0.8532,0
8043.0,2.3269,0.069,43.2,128.06352,1.0,1.0,5780.0,0.2871,0
125.9,1.3175,0.467,17.9,14.789312,0.889,0.971,6089.0,0.9594,0
197.0,4.514,0.564,21.9,18.140957,0.771,0.862,5235.0,0.0034,0
168.0,3.164,0.694,76.4,19.254623,1.0,1.0,5780.0,0.4041,0
694.4,5.085,0.196,20.1,16.604742,1.093,1.048,6036.0,0.745,1
185.3,4.664,0.914,19.9,16.409773,1.291,1.084,5937.0,0.3645,1
79.7,4.554,0.862,14.2,12.799112,1.291,1.084,5937.0,0.207,1
538.0,7.208,0.947,20.5,14.278832,0.715,0.798,5010.0,0.6727,1
503.9,2.299,0.591,13.6,12.084565,0.906,0.993,5984.0,0.3205,0
142.0,3.27,0.725,13.7,12.623598,0.983,0.92,5496.0,0.4164,1
645.8,3.512,0.347,25.1,26.220987,0.686,0.759,4889.0,0.7243,0
178.5,8.378,0.7,39.0,28.77161,1.291,1.077,6115.0,0.8849,1
263.4,10.465,0.189,36.2,26.285856,1.291,1.077,6115.0,0.0924,1
6057.0,2.6118,0.594,65.6,55.062897,0.503,0.513,3640.0,0.7763,1
285.1,1.8211,0.796,22.1,17.881384,0.901,0.83,5417.0,0.1668,1
431.0,7.434,0.626,23.7,19.588993,0.862,0.95,6161.0,0.3742,1
345.3,1.9855,0.091,20.0,18.348112,1.005,1.072,6198.0,0.7019,1
41.7,1.734,0.234,18.0,17.324373,2.017,0.965,5622.0,0.7199,0
83.5,2.101,0.704,15.6,13.210224,0.721,0.68,5374.0,0.1949,1
59.5,1.934,0.874,13.9,10.735407,0.721,0.68,5374.0,0.643,1
176.7,1.192,0.456,17.2,13.279348,1.023,1.018,6065.0,0.4778,0
476.8,4.359,0.136,20.1,17.565126,0.887,0.978,5926.0,0.9749,1
51.0,5.0,0.849,19.0,13.815522,1.249,0.897,5557.0,0.4031,1
59.1,1.852,0.258,11.9,10.947981,0.873,0.85,5561.0,0.6009,1
140.4,2.381,0.564,13.5,12.317422,0.984,0.921,5784.0,0.5018,0
1839.1,1.7073,0.048,36.0,31.130331,0.503,0.513,3640.0,0.267,1
1316.0,2.744,0.166,20.5,15.0563755,0.503,0.513,3640.0,0.8079,1
303.5,1.6802,0.736,31.6,25.515627,0.804,0.897,5704.0,0.7937,1
646.7,3.9699,0.766,125.8,177.37422,0.993,0.951,5683.0,0.048,1
394.2,1.979,0.828,17.0,12.190126,0.804,0.897,5704.0,0.8978,1
251.8,3.2363,0.191,35.4,29.862207,1.116,1.069,6237.0,0.2485,1
239.7,7.831,0.618,28.4,20.620901,1.424,1.235,6763.0,0.8938,1
50.4,3.336,0.56,22.9,18.520512,2.498,1.223,6340.0,0.4113,0
155.9,1.9617,0.906,19.9,17.603607,0.906,0.982,6177.0,0.8481,1
169.9,3.399,0.268,22.6,19.319672,0.767,0.763,5153.0,0.2191,1
57.6,1.914,0.152,13.9,11.803434,0.904,0.949,6026.0,0.2707,0
47.1,5.819,0.628,22.2,16.157675,5.544,2.072,6115.0,0.9307,0
141.3,1.919,0.218,17.2,15.153018,0.963,1.072,5926.0,0.7325,1
66.0,1.855,0.2,15.9,13.147721,1.086,1.129,6384.0,0.7825,1
298.9,1.7259,0.785,82.0,77.65751,1.08,1.067,5720.0,0.0568,1
33.5,2.924,0.021,12.2,11.365295,1.206,1.126,6017.0,0.7347,1
201.8,5.109,0.125,19.7,15.275195,1.262,1.117,5951.0,0.5192,1
206.4,10.675,0.016,16.9,13.829741,1.126,1.042,6007.0,0.2722,1
108.7,1.743,0.102,79.7,35.40818,1.413,1.075,6039.0,0.8991,1
316.6,1.9206,0.029,47.7,19.132915,78.869,1.772,3853.0,0.871,0
425.8,1.4858,0.807,20.8,24.11104,0.823,0.796,4827.0,0.965,1
700.1,6.194,0.923,27.9,24.357214,1.072,0.933,5533.0,0.5916,1
296.3,5.256,0.562,20.0,18.632256,1.09,1.079,5912.0,0.4126,1
25.9,3.146,0.098,22.1,17.564272,1.377,1.168,5952.0,0.3745,1
531.4,0.823,0.393,32.0,16.12382,0.91,0.999,5955.0,1.0,0
354.6,7.189,0.965,37.6,15.28427,1.1,1.188,6268.0,0.8502,0
31.7,3.315,0.37,26.1,20.226822,0.714,0.8,4947.0,0.3446,0
24.3,22.27,0.285,14.0,9.439787,0.714,0.8,4947.0,0.6241,0
740.7,2.684,0.051,17.5,15.265494,0.817,0.913,5602.0,0.3597,1
98.8,4.462,0.008,19.3,14.801852,1.438,1.279,6333.0,0.9807,1
297.5,6.542,0.974,14.3,11.66244,0.898,0.994,5822.0,0.0,0
702.2,4.59,0.441,17.0,12.554711,0.837,0.928,5745.0,0.5921,1
193.0,9.314,0.157,20.8,14.665101,1.133,0.954,5746.0,0.8924,1
906.8,4.347,1.236,22.2,20.634432,0.96,1.06,5899.0,0.8637,0
861.3,1.756,0.094,16.0,14.430404,0.864,0.961,5749.0,0.979,1
84.6,7.2783,0.012,35.2,16.726513,1.585,1.009,5919.0,0.2687,1
129.3,3.466,0.79,20.1,27.188307,1.202,1.015,6052.0,0.6531,1
136.0,4.241,0.52,17.4,17.8426,1.202,1.015,6052.0,0.927,1
100.4,3.173,0.193,18.6,21.858406,1.202,1.015,6052.0,0.6692,1
110.8,3.933,0.12,15.3,15.35378,1.202,1.015,6052.0,0.7803,1
117.3,4.098,0.03,32.3,34.52071,1.543,1.187,6237.0,0.6158,1
107.8,6.7367,0.924,60.8,38.87934,1.459,1.3,6477.0,0.2566,1
98.5,1.1555,0.232,23.0,18.559893,0.614,0.6,4374.0,0.5557,1
106.0,1.918,0.562,26.0,20.474722,1.159,1.181,6543.0,0.8601,0
109.0,3.892,0.628,22.2,17.329914,1.139,0.842,5653.0,0.6138,0
33.4,5.037,0.944,24.4,17.720652,1.467,1.081,6057.0,0.5369,1
165.5,3.558,0.14,15.1,12.935891,1.098,0.941,5553.0,0.2762,1
114.3,2.94,0.008,14.4,11.9805565,1.098,0.941,5553.0,0.9152,1
135.8,2.512,0.211,16.2,20.517807,0.784,0.722,5369.0,0.855,0
225.4,10.873,0.006,36.9,25.563253,0.629,0.619,4194.0,0.46,0
135.0,1.1656,0.395,21.6,16.169512,1.092,1.18,6246.0,0.9462,0
24.3,4.655,0.226,16.8,11.470975,2.741,1.465,6277.0,0.0866,1
52.3,1.513,0.211,15.8,12.934267,2.19,1.229,6230.0,0.4213,0
1418.6,8.1593,0.5,244.7,193.47043,1.573,1.305,6206.0,0.4957,1
403.0,0.872,0.962,30.7,21.784075,0.946,1.02,5741.0,0.9188,1
108.2,2.477,1.158,30.8,21.807358,1.602,1.277,6559.0,0.9833,0
193.8,2.4382,1.161,48.3,15.010525,2.667,1.236,5787.0,0.9771,0
73.8,2.052,0.309,20.3,23.09775,2.628,1.519,6477.0,0.7182,0
266.3,6.059,0.722,27.6,21.014833,1.001,1.047,6326.0,0.9955,0
203.9,2.013,0.368,17.6,14.959467,1.193,1.094,5927.0,0.4894,1
32.1,2.307,0.256,15.9,14.03587,0.936,1.022,5615.0,0.0025,1
89.9,3.193,0.087,15.3,13.935052,1.07,1.07,5884.0,0.6162,0
47.5,2.39,0.248,20.6,17.19369,1.115,1.017,6324.0,0.5329,1
99.7,5.966,0.656,28.8,17.986431,1.474,1.05,5788.0,0.6739,1
77.8,4.3349,0.02,29.5,14.985938,1.613,1.092,6063.0,0.994,1
127.5,3.018,0.173,16.7,13.079889,0.955,1.011,5914.0,0.3333,1
189.0,1.689,0.224,16.2,13.950386,0.838,0.795,5018.0,0.7032,1
195.5,1.0163,0.202,20.0,14.914763,0.874,0.87,5618.0,0.9967,1
56.7,3.469,0.669,34.9,16.116426,1.823,1.103,6463.0,0.0001,0
404.8,2.06,0.203,14.6,12.786533,0.94,0.946,5765.0,0.7136,0
551.7,7.793,0.908,19.5,17.627789,0.817,0.864,5646.0,0.7216,1
156.3,9.41,0.773,38.3,23.479935,1.759,1.311,6007.0,0.8032,0
252.5,4.981,0.795,28.4,27.454082,1.116,1.001,6143.0,0.2182,1
106.2,3.4702,0.203,26.2,22.59492,1.289,0.963,5576.0,0.9184,1
352.0,2.0715,0.42,21.8,18.92589,0.865,0.965,5645.0,0.9236,0
85.4,5.922,0.014,33.8,24.501652,1.499,1.282,6170.0,0.3094,1
147.8,5.517,0.85,20.0,14.710967,1.499,1.282,6170.0,0.6046,1
105.1,0.7159,0.283,30.3,15.522842,1.827,1.209,6049.0,0.6775,0
118.7,6.375,0.044,62.1,40.89956,1.423,0.911,5587.0,0.2984,1
206.3,3.179,0.71,20.7,18.954397,0.896,0.979,6050.0,0.488,0
215.6,4.112,1.169,34.5,17.581469,1.198,1.273,6363.0,0.7825,0
145.3,1.618,0.24,14.8,10.508393,0.689,0.723,4414.0,0.7506,0
264.7,1.1319,0.961,20.3,11.975768,0.614,0.645,4474.0,0.5078,0
855.9,2.656,0.744,19.3,16.68764,0.659,0.648,4359.0,0.9643,1
51.4,4.268,0.696,15.1,12.935536,0.833,0.827,5615.0,0.3109,0
193.6,3.674,0.249,11.5,10.149327,0.71,0.788,5528.0,0.975,0
249.9,1.3117,0.454,21.2,16.162954,0.776,0.871,5268.0,0.1678,1
529.4,2.2213,0.614,55.1,93.57049,0.905,0.983,5721.0,0.5034,1
109.2,1.3235,0.648,19.2,34.72288,0.905,0.983,5721.0,0.9986,1
1651.9,23.777,0.891,102.7,67.36205,2.229,1.239,5970.0,0.0,0
461.4,1.51,0.932,40.2,112.07767,0.831,0.878,5397.0,0.9645,1
118.4,2.1033,0.828,21.0,36.910233,1.543,1.187,6237.0,0.2431,1
190.1,2.751,0.969,17.4,20.757442,0.746,0.814,4868.0,0.5954,1
857.2,1.8057,0.951,20.3,21.325459,0.885,0.913,5223.0,0.2835,1
280.9,0.7918,0.307,26.3,21.301277,0.792,0.903,5151.0,0.5808,1
885.4,2.5449,0.901,23.1,20.102623,0.648,0.637,4442.0,0.4671,1
498.7,10.22,0.851,28.6,22.447142,1.03,0.988,6173.0,0.0713,1
52.8,3.037,0.341,20.6,15.39199,0.767,0.869,5782.0,0.836,0
286.0,1.3541,0.401,18.9,14.052365,0.808,0.906,5467.0,0.5945,1
316.9,0.9207,0.367,21.0,14.549766,0.75,0.84,5226.0,0.1623,1
280.6,11.591,1.198,43.3,16.992588,1.002,1.008,6248.0,0.0643,0
62.9,4.768,0.291,20.4,9.996313,1.613,1.092,6063.0,0.0252,1
128.1,1.4053,1.027,40.6,17.20829,2.871,1.309,5385.0,0.9877,0
270.4,16.984,1.201,45.6,27.292582,1.056,1.032,6197.0,0.5986,0
160.8,4.96,0.92,14.5,13.621252,0.906,0.993,5984.0,0.8123,1
1472.0,9.572,1.242,52.5,129.1609,3.131,1.623,6529.0,0.7784,0
5038.1,6.769,0.804,73.2,70.36768,0.757,0.782,5307.0,0.738,1
618.7,1.745,0.771,11.4,10.535818,0.757,0.782,5307.0,0.8912,1
65744.0,2.9596,1.118,86.1,90.877716,1.0,1.0,5780.0,0.2617,0
64.0,1.0582,0.028,40.9,24.76136,1.832,1.131,5718.0,0.9917,0
178.4,1.7407,0.281,43.0,24.335619,0.786,0.736,5204.0,0.9293,0
294.9,3.828,0.151,25.3,20.872898,1.174,0.915,5480.0,0.0427,1
85.6,1.6557,0.594,21.5,18.118322,1.004,0.931,6143.0,0.1068,0
417.2,6.006,0.683,23.3,20.880728,0.932,1.019,6003.0,0.686,0
170.9,8.2267,0.309,61.2,35.388733,1.423,0.911,5587.0,0.5309,1
191.4,2.228,0.009,16.5,14.820099,0.893,1.01,5713.0,0.5198,1
441.4,2.3816,0.704,20.9,18.886185,0.865,0.956,5918.0,0.9443,1
72.2,1.2771,0.391,19.2,16.178293,1.059,1.077,6349.0,0.9813,0
290.6,3.48,0.029,20.9,17.478907,0.81,0.907,5546.0,0.6458,0
204.0,5.617,0.129,14.0,12.924781,0.893,0.967,5708.0,0.8971,1
540.3,5.275,0.001,65.2,11.181599,0.786,0.752,4999.0,0.9383,0
75.7,2.1125,1.181,47.4,23.41395,1.508,1.135,6329.0,0.9226,0
215.7,1.682,0.985,21.2,58.64621,3.169,2.032,8173.0,0.7291,0
2154.4,4.228,0.931,58.0,80.99499,0.32,0.32,3468.0,0.8004,0
1953.4,7.119,0.808,69.3,58.995075,0.686,0.743,4658.0,0.2677,1
59.5,2.068,0.7,14.2,49.99458,0.902,0.987,5808.0,0.4906,1
43.8,2.885,0.662,27.3,18.718718,2.128,1.226,5996.0,0.6485,0
224.6,4.0388,0.744,36.0,20.29327,1.545,0.994,5729.0,0.0,0
220.7,1.9797,0.432,21.4,18.11126,0.88,0.907,5523.0,0.2996,1
899.7,6.568,0.797,26.7,22.06446,1.453,0.932,5332.0,0.4114,1
572.1,3.959,0.033,26.9,23.488997,0.916,1.008,5896.0,0.4167,1
518.0,6.352,0.989,55.5,16.557308,0.815,0.931,5402.0,0.3799,0
316.7,1.7045,0.508,19.8,18.144075,0.915,1.002,5881.0,0.4126,0
100.2,2.346,0.626,34.5,16.273382,1.125,1.207,6321.0,0.9451,0
348.6,1.816,0.551,18.0,16.466364,0.116,0.094,2661.0,0.3007,0
207.2,2.411,0.56,12.6,14.2268095,0.818,0.753,5305.0,0.6797,1
809.4,2.1801,1.209,91.9,18.928904,0.88,0.977,5783.0,0.9638,0
594.0,3.576,0.245,15.8,12.574458,0.994,1.067,6137.0,0.4582,1
203.1,7.2772,0.032,77.3,48.02823,1.704,1.251,5758.0,0.6935,1
104.9,3.337,0.801,14.8,36.322735,0.902,0.987,5808.0,0.8897,1
220.5,6.3856,0.58,106.7,68.6452,1.474,1.05,5788.0,0.5103,1
24384.0,6.3339,0.594,721.9,906.5277,2.49,1.715,6796.0,0.2228,0
7680.0,1.139,0.016,78.0,75.22457,0.591,0.58,4137.0,0.0366,1
432.3,1.0418,0.857,20.8,45.816166,0.84,0.955,5508.0,0.8996,1
2271.5,5.679,1.276,30.0,23.54846,1.267,1.291,7044.0,0.9955,0
378.7,2.39,0.232,20.1,16.726444,0.817,0.789,5032.0,0.0147,1
224.7,9.821,0.305,28.2,22.42127,1.756,1.004,5416.0,0.0129,1
134.3,2.462,0.692,17.7,13.853954,1.756,1.004,5416.0,0.2028,1
37.5,1.4351,0.323,29.0,17.80324,1.763,1.159,6223.0,0.9083,0
1262.1,5.404,0.406,23.2,18.73933,0.833,0.8,4817.0,0.4927,1
150.2,0.9829,0.535,20.0,15.090083,1.388,1.023,5865.0,0.2538,1
339.8,7.0805,0.034,53.9,49.78439,1.352,1.225,6075.0,0.4591,1
360.7,10.604,0.325,35.3,18.550362,3.086,1.907,6443.0,0.7454,1
54.3,0.9031,0.792,22.8,13.146177,2.286,1.047,5827.0,1.0,0
179.1,1.2792,0.231,22.3,20.14742,0.618,0.61,4330.0,0.6127,0
314.2,2.445,0.489,13.1,12.1327915,1.017,1.046,5946.0,0.0425,0
116.4,9.858,0.887,30.0,18.946095,1.765,1.377,6133.0,0.5479,1
117.5,3.262,0.745,14.6,10.452966,2.838,1.84,7048.0,0.9876,0
86.8,6.765,0.132,15.6,12.195101,1.424,1.128,6052.0,0.038,1
945.6,0.8399,0.197,45.6,38.528683,0.787,0.84,5676.0,0.1512,0
171.9,2.3239,0.876,36.9,32.830257,0.635,0.698,4498.0,0.7289,1
150.5,3.3075,0.918,22.9,20.572737,0.635,0.698,4498.0,0.5203,1
177.1,2.2726,0.871,29.1,24.54701,0.635,0.698,4498.0,0.1132,1
860.5,2.987,0.909,20.2,18.29734,0.674,0.669,4583.0,0.844,1
111.1,3.3316,0.45,62.8,61.80644,1.651,1.127,5929.0,0.6743,0
36.5,0.821,0.819,16.9,13.323786,1.274,1.208,6170.0,0.5991,0
64.8,1.6172,0.243,21.6,17.250566,1.297,1.096,5874.0,0.3933,1
92.8,2.364,0.462,16.6,13.674439,0.917,0.832,5213.0,0.9676,1
1209.3,5.568,0.49,20.0,16.005486,0.675,0.711,4648.0,0.7514,1
691.2,1.3251,0.118,22.5,18.726347,0.53,0.524,4380.0,0.5589,1
278.0,2.056,0.03,18.2,16.691107,0.758,0.733,4901.0,0.6131,1
256.2,1.7247,0.405,19.7,15.54263,0.862,0.862,5423.0,0.3052,0
224.2,2.152,0.528,20.3,12.792149,0.96,1.047,5982.0,0.5163,0
233.9,10.627,0.001,47.9,23.092018,1.704,1.251,5758.0,0.5057,1
468.3,3.736,0.25,19.7,15.967276,0.851,0.806,5011.0,0.0083,1
343.3,1.4474,0.696,53.6,42.914257,0.856,0.809,4818.0,0.9866,1
402.4,1.8455,0.687,25.8,19.82915,0.856,0.809,4818.0,0.2933,1
106.1,4.7356,0.16,48.7,50.3773,1.297,1.059,6214.0,0.1367,1
58.2,1.6462,0.259,23.7,17.66844,0.97,0.945,5779.0,0.7824,1
69.1,2.505,0.564,21.3,18.021414,0.933,0.94,5827.0,0.9043,1
104.7,1.7542,0.448,26.5,21.349943,1.07,1.07,5884.0,0.9289,1
868.5,6.965,0.025,26.7,21.258717,0.885,0.867,5422.0,0.7908,1
133.5,6.213,0.784,24.3,15.778343,2.274,1.584,6995.0,0.7025,1
70.9,4.432,0.018,17.4,14.145231,1.104,0.946,5727.0,0.847,1
54.3,3.804,0.03,15.5,12.583753,1.104,0.946,5727.0,0.0175,1
327.0,7.0445,0.512,69.7,62.0339,1.352,1.225,6075.0,0.6088,1
525.1,1.2862,0.338,19.8,15.46778,0.554,0.578,3941.0,0.446,1
449.4,28.1171,0.967,72.0,18.320992,0.991,1.06,6185.0,0.7493,0
221.8,0.7948,0.14,21.9,16.812014,1.111,1.154,6341.0,0.6006,0
40.9,2.977,0.242,17.2,14.267832,1.331,1.139,5696.0,0.9657,1
304.4,3.745,1.139,33.1,25.19869,4.991,1.766,5028.0,0.6171,0
866.7,14.638,0.015,64.6,43.503696,1.159,0.988,5837.0,0.1362,1
378.4,1.2177,0.05,50.4,32.66971,0.78,0.889,5223.0,0.243,1
1670.0,1.932,0.934,10.2,36.48498,0.936,0.986,5860.0,0.9456,0
688.5,4.188,0.942,21.6,18.773361,0.775,0.758,4701.0,0.0684,1
648.6,1.6605,0.48,35.9,19.478437,0.86,0.977,5591.0,0.9606,0
98.4,3.2131,0.531,52.5,42.232918,1.334,1.107,6007.0,0.2728,1
1275.4,7.436,0.703,29.3,21.028376,0.659,0.687,4523.0,0.5319,1
202.0,4.1628,0.914,71.6,55.505367,1.36,1.257,6204.0,0.5036,1
75.2,4.953,0.824,21.9,16.932625,1.36,1.257,6204.0,0.3329,1
776.2,9.182,0.746,88.0,75.028145,2.527,1.7,6967.0,0.0103,1
755.6,6.3336,0.009,120.1,81.35702,1.023,0.871,5638.0,0.2348,1
597.8,2.1861,0.005,102.2,116.80596,0.881,0.979,5767.0,0.8863,1
371.4,4.882,0.976,59.9,44.597385,0.712,0.802,5857.0,0.3681,0
175.6,3.95,0.748,37.0,29.629272,1.026,1.099,6102.0,0.8297,0
359.0,3.817,1.19,7.4,66.72719,1.091,1.019,6283.0,0.7081,0
209.7,2.5146,0.31,51.6,38.281807,0.975,1.091,5703.0,0.828,1
20083.0,8.08619,0.189,2707.7,2487.4944,1.05,1.012,6061.0,0.0578,0
677.9,4.0145,1.217,102.8,108.767845,1.428,0.983,5657.0,0.5291,0
36.9,1.459,0.732,13.9,11.442597,2.507,1.388,6543.0,0.8078,0
45.4,4.398,0.403,16.0,11.777276,1.645,1.136,5888.0,0.8228,1
714.3,4.397,0.004,15.4,12.681502,0.522,0.539,3808.0,0.9058,1
222.9,3.665,0.755,21.6,18.910875,1.024,1.086,6208.0,0.0138,0
68.9,4.665,0.095,15.4,12.058357,0.835,0.831,5258.0,0.1256,0
32.2,7.443,0.004,19.4,7.507113,0.835,0.831,5258.0,0.8841,0
161.6,1.422,0.106,13.3,11.505404,0.921,1.022,5696.0,0.9853,1
425.9,6.0968,0.658,167.6,114.88917,1.67,1.142,5862.0,0.8938,1
440.4,2.3499,0.246,79.7,84.00717,0.741,0.805,4783.0,0.9048,1
677.1,2.6054,0.425,35.6,68.078026,0.82,0.913,5313.0,0.6747,1
204.9,3.7535,0.914,39.0,32.88658,1.031,1.027,6023.0,0.8285,1
1298.8,3.83661,0.026,350.6,320.42297,1.593,1.074,5576.0,0.8649,1
628.8,6.6923,0.02,135.4,86.0518,0.873,0.882,5559.0,0.1322,1
2125.4,2.12791,0.04,324.3,289.96722,0.99,0.987,5733.0,0.7309,1
7296.6,13.3624,0.715,2217.1,1659.0193,2.025,2.158,9244.0,0.013,0
112.7,1.9531,0.622,27.4,31.504015,1.431,1.072,6070.0,0.1185,1
66.0,0.8383,0.524,20.2,16.298496,2.0,1.06,5911.0,0.6583,0
875.2,6.058,0.016,17.8,16.375875,1.053,1.15,6161.0,0.485,1
43.9,3.227,0.026,15.4,12.821777,1.375,0.999,5799.0,0.0319,1
77.4,3.2893,0.494,31.0,24.473572,1.137,0.95,5903.0,0.1766,1
362.7,1.924,0.725,15.9,14.09941,0.514,0.52,3729.0,0.0231,1
262.4,6.026,0.106,13.5,11.685937,0.996,1.053,6347.0,0.3214,1
256.2,2.271,0.163,15.4,13.440632,1.178,1.2,6555.0,0.7728,0
120.1,7.433,0.984,14.3,10.159695,1.122,0.977,5812.0,0.9331,1
153.1,1.773,0.213,13.1,10.919047,1.015,1.038,5788.0,0.1496,1
102.7,3.3447,0.833,36.9,30.222723,1.031,1.027,6023.0,0.1683,1
684.5,6.691,0.895,52.5,73.07374,1.209,1.082,6212.0,0.4782,1
60.8,1.491,0.35,21.7,18.232607,0.684,0.672,4579.0,0.0053,0
243.4,2.7207,0.359,54.8,56.45943,1.303,1.193,6156.0,0.7239,1
114.6,2.369,0.571,24.1,26.014545,1.431,1.072,6070.0,0.5678,1
408.9,9.7471,0.391,112.2,68.83558,1.763,1.24,6143.0,0.3974,1
3977.0,2.8112,0.538,40.2,674.3449,0.886,0.943,5578.0,0.8144,1
129.8,4.4814,0.748,32.9,24.999504,1.763,1.24,6143.0,0.9784,1
1590.0,6.135,0.959,49.7,42.033096,3.107,1.438,5134.0,0.2353,0
7841.6,9.108,0.471,150.4,104.77356,1.111,0.972,5819.0,-1.0,1
389.2,3.737,0.97,17.3,15.077013,1.038,0.86,5585.0,0.0027,0
172.8,2.647,0.317,16.1,13.931228,1.162,0.973,5633.0,0.8076,1
52.6,1.397,0.447,12.4,13.160818,1.047,1.104,6242.0,0.7526,0
185.0,1.821,0.46,14.1,11.600199,0.901,0.999,5772.0,0.1698,1
43.2,5.009,0.929,15.1,12.6209955,1.082,1.081,6006.0,0.8263,1
32.7,4.608,0.889,14.7,11.166579,1.082,1.081,6006.0,0.3736,1
32.0,4.807,0.886,13.0,10.234436,1.082,1.081,6006.0,0.0344,1
225.3,6.043,1.174,28.1,19.188606,0.967,1.045,6091.0,0.0351,0
4303.5,4.5866,0.914,85.0,172.9772,1.0,1.0,5780.0,0.3091,0
195.0,8.501,0.035,67.5,39.584602,1.67,1.142,5862.0,0.079,1
220.8,3.4108,0.115,46.4,44.75613,1.303,1.193,6156.0,0.5159,1
567.2,3.0356,0.785,81.8,70.01182,0.795,0.814,5188.0,0.3123,1
345.5,3.2451,0.51,76.8,61.167633,0.795,0.814,5188.0,0.0241,1
756.0,2.3188,0.545,112.8,112.699356,0.503,0.505,3846.0,0.1373,1
598.3,1.7012,0.32,57.4,59.542366,0.503,0.505,3846.0,0.9996,1
54.6,3.961,0.379,11.5,8.929608,1.593,1.074,5576.0,0.7327,1
663.4,8.8191,0.023,85.8,62.985138,0.906,0.846,5731.0,0.8197,1
659.1,11.347,0.004,92.9,79.35192,1.116,0.91,5851.0,0.8915,1
4467.8,3.4015,1.902,99.6,92.98225,1.152,1.176,6692.0,0.9583,0
515.2,1.0814,0.853,53.1,32.836853,1.152,1.176,6692.0,0.862,0
6660.5,4.1281,0.169,577.1,135.69907,0.956,1.034,5779.0,0.5302,1
171.5,2.514,0.53,11.5,10.617677,0.901,0.999,5772.0,0.8574,1
113.5,3.0112,0.389,31.1,28.282883,1.908,1.298,6429.0,0.3763,0
518.0,3.594,0.016,13.8,12.330079,0.827,0.928,5382.0,0.088,1
237.4,1.381,0.061,15.2,12.118159,0.901,0.833,5094.0,0.9507,1
136.5,2.55,0.983,12.2,10.864963,1.137,0.95,5903.0,0.3603,1
472.0,2.907,0.569,14.5,12.244102,0.652,0.642,4228.0,0.9047,0
206.1,4.796,0.894,14.3,12.743706,1.027,1.094,6140.0,0.3276,1
118.5,1.517,0.065,12.8,11.016249,1.0,1.083,5866.0,0.9922,1
245.4,9.885,1.138,14.0,9.873414,0.945,0.827,5766.0,0.5428,0
137.6,2.0138,0.061,22.0,14.309023,0.503,0.505,3846.0,0.5698,1
937.6,3.9885,0.001,90.8,73.591385,0.684,0.753,4894.0,0.7341,1
547.1,5.0574,0.009,123.2,89.637184,1.143,1.025,5620.0,0.2141,1
551.4,8.1289,0.004,50.9,34.23117,1.143,1.025,5620.0,0.37,1
264.9,1.4228,0.826,43.6,33.300167,1.143,1.025,5620.0,0.9178,1
363.3,4.062,1.157,33.0,27.532963,1.7,1.141,6013.0,0.6248,0
272.7,2.5207,0.163,49.1,40.414837,1.683,1.285,6078.0,0.9109,0
311.6,1.341,0.454,11.9,12.686613,0.763,0.86,5076.0,0.7409,1
163.5,2.915,0.463,16.5,13.605295,0.82,0.918,5547.0,0.1719,0
214.6,4.095,0.593,15.6,13.235561,1.093,1.178,6242.0,0.7753,0
429.3,1.3287,0.253,17.8,14.7654505,0.894,0.987,5868.0,0.1289,1
151.0,4.594,0.403,14.1,13.898793,1.434,1.388,6460.0,0.6212,1
134.9,2.752,0.3,12.4,11.137843,1.051,1.1,6217.0,0.4152,1
130.2,10.954,0.277,35.0,20.625551,1.67,1.142,5862.0,0.1094,1
463.2,7.3327,0.017,92.7,53.278522,1.403,1.324,6336.0,0.8971,1
1388.2,12.391,0.905,46.1,73.746,1.927,1.486,6273.0,0.3669,1
1817.3,6.3427,0.904,286.0,221.0616,1.963,1.187,5877.0,0.4042,1
123.9,2.9283,1.209,46.3,36.810207,1.103,1.135,6499.0,0.3079,0
185.4,2.6624,0.694,97.0,65.83189,0.97,1.043,5678.0,0.5943,1
419.0,2.469,0.25,66.6,62.29463,0.767,0.861,5206.0,0.6367,0
283.3,1.31,0.107,64.7,48.826332,0.857,0.821,5509.0,0.0,0
478.4,21.328,1.228,57.0,37.07135,2.721,1.401,5211.0,0.3721,0
275.8,8.605,0.947,29.3,23.237951,1.42,1.108,6007.0,0.2205,1
76.5,6.372,0.709,12.2,10.204636,1.42,1.108,6007.0,0.9834,1
217.9,0.947,0.319,18.1,14.027986,0.885,0.988,5343.0,1.0,1
148.8,4.303,0.744,20.4,17.344814,0.919,0.892,6115.0,0.01,0
276.8,1.861,0.052,16.7,14.812421,0.634,0.62,4811.0,0.5079,1
183.0,3.985,0.539,16.8,13.425456,1.04,1.051,6020.0,0.5088,1
294.0,4.996,0.398,12.9,10.344631,1.091,1.137,6338.0,0.4702,1
29685.0,6.02854,1.008,2793.4,2575.509,1.94,1.076,6095.0,0.0009,0
62.0,3.0189,0.388,25.2,20.600616,0.97,1.043,5678.0,0.5427,1
19466.0,3.7988,6.217,208.2,227.10344,1.0,1.0,5780.0,0.5215,0
553.3,2.062,0.129,11.2,104.15946,0.828,0.872,5423.0,0.6163,1
133.6,2.4676,0.778,104.8,46.624886,1.551,1.1,6280.0,0.7981,0
467.3,3.4303,0.995,74.3,78.217094,1.913,1.351,5731.0,0.5652,0
680.7,5.699,0.959,76.4,99.102135,1.455,1.23,6573.0,0.2436,0
1807.4,1.742,0.972,132.7,195.59431,1.536,1.185,6581.0,0.4432,0
543.1,3.77,1.205,53.6,73.25654,0.955,1.006,6407.0,0.9218,0
222.8,5.207,0.636,56.7,40.25269,2.52,1.359,6049.0,0.5216,1
300.8,3.6399,0.591,44.1,33.60837,0.888,0.862,5411.0,0.1084,1
415.8,2.8943,0.546,84.9,98.37853,1.016,0.978,5680.0,0.3168,1
1075.4,24.472,0.946,23.0,18.78699,0.826,0.926,5514.0,0.0,0
52.0,3.43,0.974,14.2,11.614465,1.452,1.008,5635.0,0.5208,1
101.8,7.225,0.192,16.6,13.67133,1.002,0.942,5952.0,0.3147,1
156.2,2.377,0.168,15.2,13.035043,1.152,1.072,5886.0,0.4425,1
38.3,5.382,0.035,14.9,10.719411,2.062,1.466,6231.0,0.7968,1
154.6,7.9,0.711,65.8,43.84672,2.879,2.197,8308.0,0.9111,0
935.1,3.1408,0.56,44.1,39.90331,11.536,1.606,4751.0,0.0402,0
711.3,7.567,0.055,15.3,11.701288,11.536,1.606,4751.0,0.4843,0
159.9,2.9903,0.303,58.6,46.75412,1.089,1.092,5945.0,0.4764,1
210.0,8.707,0.008,25.5,15.753266,1.089,1.092,5945.0,0.4275,1
534.4,1.536,1.221,104.3,117.35947,1.119,0.928,5779.0,0.7575,0
959.0,5.1803,0.029,73.6,63.95907,1.155,1.015,5951.0,0.9485,1
536.4,1.3988,1.269,218.3,55.56947,2.622,1.791,8491.0,1.0,0
685.7,6.243,0.462,34.3,28.179665,1.155,1.015,5951.0,0.176,1
1121.7,3.5791,0.777,98.2,116.682816,0.663,0.65,4538.0,0.3585,1
333.7,5.5694,0.368,87.3,63.15533,1.775,1.08,5687.0,0.7962,1
636.1,4.199,0.436,16.4,14.334329,0.996,1.07,6122.0,0.4919,1
79.0,9.4,0.581,15.9,11.9957905,0.516,0.53,4763.0,0.9493,0
46.6,3.654,0.569,16.3,13.850537,1.269,1.087,6256.0,0.1553,1
81.6,4.374,0.017,19.1,15.943098,0.93,0.912,5986.0,0.3965,0
140.8,7.702,0.941,14.2,12.06161,1.385,1.056,5808.0,0.0979,1
837.4,2.964,0.002,19.6,92.30504,0.951,1.065,5900.0,0.1858,1
245.1,8.471,1.197,45.9,33.057613,0.9,0.985,6024.0,0.9058,0
293.1,5.3503,0.128,55.1,41.159424,1.081,1.036,5973.0,0.7851,1
59.0,3.486,0.011,18.2,14.326998,1.081,1.036,5973.0,0.6639,1
381.5,6.9329,0.858,54.2,37.927864,1.614,1.038,5548.0,0.3571,1
314.5,7.081,0.081,42.7,33.55736,1.18,1.085,6156.0,0.7207,1
597.8,3.634,1.224,23.4,46.68098,2.759,1.291,6171.0,0.761,0
273.1,2.9267,0.657,287.8,244.8787,0.894,0.866,5648.0,0.2943,1
481.9,2.5416,1.178,41.9,35.86529,1.342,1.212,6517.0,0.697,0
11545.0,2.1704,0.933,431.6,509.31818,0.969,1.048,6075.0,0.3921,0
232.3,0.8986,0.109,20.7,14.575617,0.757,0.757,5089.0,0.9795,0
66.8,4.735,0.322,13.5,10.622858,1.016,0.978,5680.0,0.9464,1
151.6,1.746,0.121,15.5,12.931488,0.796,0.89,5595.0,0.1276,1
481.4,3.437,0.176,13.3,10.905777,0.567,0.592,4563.0,0.6232,1
204.4,3.913,0.953,13.3,11.2608,0.877,0.973,5815.0,0.5552,0
220.6,2.705,1.006,12.3,12.112554,0.8,0.752,5159.0,0.4957,1
121.0,2.062,0.889,11.7,10.9650345,0.8,0.752,5159.0,0.9316,1
196.9,5.893,0.197,14.3,12.309964,0.864,0.959,5792.0,0.5942,1
255.9,4.0448,0.65,72.0,53.617764,1.135,1.172,5914.0,0.8836,1
377.6,6.283,0.774,26.8,41.983013,1.9,1.238,6534.0,0.0811,1
119.3,3.224,0.752,19.5,24.978298,1.039,0.98,6134.0,0.529,0
801.1,7.831,0.87,111.3,88.33963,1.619,1.302,6629.0,0.0233,0
102.7,3.096,0.742,13.1,14.177005,2.556,1.7,7004.0,0.4005,0
264.3,6.6358,0.372,55.2,43.640507,1.573,1.305,6206.0,0.2845,1
40.9,3.588,0.922,14.8,13.049923,1.396,1.024,6046.0,0.3925,1
213.3,3.138,0.678,17.6,16.316338,1.072,1.057,6218.0,0.7517,0
113.5,3.873,0.468,15.7,11.277081,0.842,0.874,5383.0,0.051,1
685.6,5.723,0.495,14.7,12.974654,0.914,1.006,5911.0,0.5514,1
1.7,5.2317,0.762,0.8,10.42666,0.549,0.561,5000.0,0.9998,0
253.7,2.831,0.0,13.6,11.795227,0.799,0.901,5296.0,0.5459,1
13496.0,3.7316,0.579,308.1,924.5287,1.715,1.826,8347.0,0.1692,0
297.9,6.24,1.241,37.3,21.265339,0.863,0.96,5718.0,0.935,0
189.2,1.906,0.299,13.6,12.415068,0.685,0.663,4935.0,0.8625,1
241.5,2.55,0.39,13.8,11.297448,0.639,0.636,4234.0,0.2749,1
96.4,1.591,0.429,11.7,10.424135,1.248,1.023,5624.0,0.0336,1
373.2,5.4898,0.015,41.8,30.561613,1.099,0.953,5747.0,0.8222,1
29376.0,3.8853,1.225,400.2,502.43918,1.0,1.0,5780.0,0.4809,0
327.3,3.0688,0.683,48.7,41.279064,0.782,0.824,4908.0,0.4353,1
77.2,2.361,0.7,15.6,12.351362,0.782,0.824,4908.0,0.5637,1
271.9,2.4743,0.713,71.9,52.94112,1.189,1.005,6078.0,0.9201,1
281.0,3.846,0.956,35.0,26.498526,1.189,1.005,6078.0,0.1145,1
1059.1,6.269,1.231,16.7,14.519133,0.93,0.995,6008.0,0.5569,0
55.8,3.397,0.058,17.7,14.879479,1.385,1.029,5758.0,0.7208,1
63.8,3.449,0.499,16.8,13.5606,1.385,1.029,5758.0,0.5074,1
275.3,3.505,0.013,18.7,15.14974,0.643,0.638,4266.0,0.9393,0
1010.2,3.45,0.744,19.4,16.292034,0.877,0.973,5815.0,0.9794,1
177.7,3.516,0.966,43.4,33.80103,1.101,0.929,5931.0,0.8813,1
559.8,3.498,0.024,18.9,16.15809,0.877,0.973,5815.0,0.1322,1
342.1,3.147,0.727,13.6,12.149776,0.667,0.646,5318.0,0.6839,0
444.1,1.0547,0.489,29.9,12.38654,0.84,0.955,5508.0,0.9704,0
1056.0,2.455,0.928,16.0,11.735358,0.398,0.428,3675.0,0.8088,1
504.4,1.813,0.706,15.7,13.821158,0.688,0.769,4805.0,0.3643,1
155.5,7.987,0.398,13.9,11.966513,1.292,0.984,5675.0,0.9011,1
23113.0,14.3948,0.21,842.3,518.4492,1.177,1.1,5769.0,0.0002,0
863.3,2.9225,0.188,89.3,104.67581,0.941,0.884,5497.0,0.5934,1
351.4,2.553,0.135,41.6,41.030235,0.941,0.884,5497.0,0.7575,1
497.1,3.3061,0.384,138.5,95.51532,1.225,1.004,5794.0,0.7167,1
239.4,2.5273,0.513,88.4,62.41155,1.225,1.004,5794.0,0.4829,1
66.2,1.4528,0.953,16.9,12.091836,1.108,1.066,6220.0,0.8811,0
332.7,2.5342,0.904,84.7,118.94536,1.04,1.014,6147.0,0.825,1
166.9,1.952,0.365,16.4,13.483118,0.981,1.039,6119.0,0.9426,1
367.2,3.381,0.928,14.6,13.246965,0.789,0.745,5142.0,0.3675,1
227.8,0.853,0.741,11.0,14.053958,0.827,0.873,5516.0,0.7295,1
39.1,4.73,0.264,12.5,10.034505,1.444,1.233,6296.0,0.383,1
277.8,1.211,0.983,14.0,11.371243,0.874,0.812,5135.0,0.8991,1
242.5,6.829,0.093,13.1,10.638416,1.238,1.298,6572.0,0.8684,1
1111.9,6.28,1.24,125.2,14.567739,0.967,1.045,6091.0,1.0,0
172.4,7.029,0.42,15.2,11.937948,1.902,1.106,5430.0,0.5207,1
209.7,6.3093,0.315,99.5,63.530613,2.086,1.448,6150.0,0.2835,1
260.2,2.098,0.461,11.4,10.556701,1.108,1.151,6355.0,0.1356,0
492.8,7.8709,0.015,106.9,76.47349,1.417,0.958,5866.0,0.1569,1
2763.1,16.425,0.429,250.0,149.8542,1.417,0.958,5866.0,0.6951,1
190.4,7.797,0.011,27.3,13.963863,1.225,1.004,5794.0,0.3467,1
42789.0,2.5814,0.621,98.0,2451.8687,0.821,0.859,5231.0,0.495,0
1132.1,5.77,0.028,122.9,95.34753,0.863,0.932,5607.0,0.4815,1
1275.7,4.5612,0.658,128.3,106.15765,0.749,0.725,4883.0,0.8478,1
959.0,2.6811,0.768,49.5,77.715324,0.768,0.825,5103.0,0.8516,1
272.2,2.0734,1.258,43.2,15.816134,1.044,1.097,6290.0,0.9853,0
198.3,1.7402,0.527,21.7,13.609521,0.832,0.921,5793.0,1.0,0
67.4,0.7645,0.436,14.5,13.552549,2.715,1.728,6854.0,0.9701,0
306.6,2.688,0.094,16.2,14.56336,0.759,0.851,5383.0,0.5581,1
806.3,3.271,0.032,14.0,12.206418,0.761,0.859,5165.0,0.328,1
410.7,5.42,1.191,13.7,13.980327,0.714,0.8,4947.0,0.6904,0
121.0,3.3629,0.869,51.1,39.241306,1.101,0.929,5931.0,0.818,1
188.7,20.644,0.008,23.7,7.3097925,1.487,1.016,5676.0,0.7507,0
234.7,1.8592,0.763,52.9,41.195232,1.529,1.344,6958.0,0.853,0
357.6,7.634,0.561,63.2,46.380043,1.4,0.995,5611.0,0.161,1
148.0,2.1492,0.896,26.1,20.041414,1.4,0.995,5611.0,0.0307,1
12644.0,19.6638,0.116,1049.3,275.80215,1.073,1.061,5843.0,0.2057,0
217.7,2.253,0.349,77.3,57.04997,0.966,0.899,5780.0,0.7193,1
15942.0,1.9119,0.982,97.5,1705.9246,1.055,0.876,6116.0,0.0199,0
1844.6,4.5941,0.77,145.5,132.19527,0.69,0.748,4687.0,0.8642,1
569.6,2.1417,0.021,61.7,53.316696,1.072,0.944,5725.0,0.2643,1
8322.1,14.404,0.02,355.0,249.14,1.2,1.089,5970.0,0.0013,1
219.9,4.562,0.956,19.2,15.95762,0.898,0.982,6038.0,0.3478,1
100.1,3.275,0.256,19.1,16.628168,0.736,0.845,5024.0,0.5387,0
326.9,4.5112,0.013,154.5,130.61235,1.337,1.208,6407.0,0.1735,1
298.9,8.087,0.606,111.0,82.66198,1.36,0.839,5671.0,0.9117,1
73.6,3.097,0.238,15.7,13.449468,1.899,1.075,5282.0,0.4205,1
163.1,1.7,0.919,16.0,13.360336,1.118,0.983,5933.0,0.6766,0
228.7,3.204,0.669,13.9,10.626441,1.781,0.926,5011.0,0.0792,1
1631.7,2.6439,1.312,40.6,27.297668,0.764,0.84,5337.0,0.0041,0
83.4,2.768,0.014,28.1,23.123869,1.646,1.045,6591.0,0.7364,0
424.5,5.82,0.017,52.6,46.869064,1.363,1.185,5929.0,0.8962,1
292.5,2.9331,0.72,80.9,70.34148,1.054,0.966,5923.0,0.917,1
116.8,2.0138,0.828,19.9,17.889442,1.054,0.966,5923.0,0.1449,1
449.2,5.4033,0.778,64.4,54.010296,1.088,0.915,5725.0,0.244,1
4159.3,11.9922,0.002,232.4,101.80441,1.2,1.089,5970.0,0.254,1
566.4,8.0006,0.005,43.5,29.078213,1.2,1.089,5970.0,0.3868,1
11268.0,2.4475,0.387,162.9,462.33124,1.0,1.0,5780.0,0.9927,0
423.2,5.0119,0.915,40.9,35.60331,1.305,0.993,5857.0,0.1579,1
269.7,4.99,0.682,17.4,17.312965,1.64,1.158,6200.0,0.0559,1
2313.0,4.015,1.263,133.9,10.673424,0.895,0.99,5853.0,0.9408,0
272.9,3.167,0.093,16.5,13.476465,1.224,1.293,6415.0,0.5079,1
556.7,2.435,0.604,14.8,11.741651,0.721,0.786,5380.0,0.3542,1
140.5,4.216,0.53,22.2,15.592595,1.068,0.813,5701.0,0.4301,0
1113.4,5.782,0.025,25.3,19.216913,0.849,0.94,5858.0,0.3974,1
92.6,1.954,0.604,24.8,15.702163,0.92,0.997,6050.0,0.9497,0
275.1,12.1687,0.68,5.9,8.605977,0.872,0.834,5316.0,0.1704,0
67.5,2.2,0.14,15.2,13.615041,1.125,0.837,5702.0,0.3957,1
122.9,2.969,0.249,12.0,11.3706,1.041,1.104,6173.0,0.3828,1
331.4,5.609,0.054,10.9,9.957283,0.704,0.788,5517.0,0.0914,0
101.9,3.2601,0.775,43.5,33.613792,1.101,0.929,5931.0,0.7315,1
154.8,3.625,0.74,16.5,15.128811,2.157,2.194,9206.0,0.461,0
134.1,3.0933,0.906,39.5,35.91425,1.463,1.29,6085.0,0.4517,1
270.9,2.6403,0.846,36.3,28.689716,0.79,0.79,5250.0,0.6331,1
296.5,1.9118,0.362,94.1,46.360554,1.089,0.94,5533.0,0.9843,1
18887.0,5.8638,0.755,394.7,591.16846,1.0,1.0,5780.0,0.22,0
114.9,3.73,0.721,60.6,41.62156,1.796,1.023,5947.0,0.9988,0
523.2,4.3149,0.526,70.9,55.782005,0.965,1.075,5936.0,0.9347,1
125.1,3.349,0.513,22.3,17.324785,0.965,1.075,5936.0,0.3277,1
334.5,2.8887,0.016,84.5,70.7743,1.298,1.166,6045.0,0.7631,1
1164.7,1.96401,0.033,273.7,263.46945,1.769,0.834,5311.0,0.3198,1
45676.0,5.3007,0.617,3845.4,3381.9353,1.351,1.024,5926.0,0.0125,0
145.0,4.438,0.587,17.2,14.631191,1.015,0.904,5605.0,0.075,0
88.0,2.97,0.925,13.7,11.5247,1.131,0.945,5721.0,0.317,1
196.3,4.117,0.235,14.6,12.41051,0.962,1.035,6065.0,0.8313,0
639.2,5.9291,0.577,190.3,137.73535,1.137,0.95,5903.0,0.3605,1
405.7,6.354,0.643,12.8,11.071924,1.513,1.12,5902.0,0.859,1
423.0,24.708,0.906,30.5,9.5724945,1.697,1.164,6366.0,0.0261,1
107.1,1.703,0.781,12.1,10.680974,0.812,0.9,5769.0,0.2106,0
98.2,3.713,0.468,18.8,15.608477,0.886,0.986,5706.0,0.7876,0
738.9,2.7678,0.516,36.7,28.693022,0.826,0.789,4963.0,0.4252,1
1653.9,3.1627,0.716,111.1,101.96851,1.06,0.999,6032.0,0.5831,1
3184.0,5.278,0.885,125.4,113.15372,1.015,1.021,5768.0,0.6063,1
714.1,7.495,0.05,43.8,33.134407,1.015,1.021,5768.0,0.3109,1
100.7,6.92,0.712,7.6,7.4615316,1.126,1.042,6007.0,0.6191,0
275.3,3.377,0.757,22.8,18.374353,0.826,0.789,4963.0,0.2568,1
132.3,1.737,0.615,68.1,16.878206,3.227,1.504,5812.0,0.0,0
643.3,4.1344,0.653,42.5,36.69011,1.047,1.104,6242.0,0.5606,1
4036.0,7.409,0.932,55.1,118.90688,1.153,0.918,5646.0,0.0,0
611.2,5.04,0.639,24.9,21.423801,0.888,0.808,5244.0,0.8972,1
133.8,16.732,0.062,15.6,7.709711,1.406,0.848,5619.0,0.0119,0
16042.0,2.3061,0.479,1022.2,1030.3761,0.915,0.812,5359.0,0.0648,1
8894.7,5.92691,0.065,556.2,370.4678,1.522,1.066,6266.0,0.6606,1
25627.0,2.59202,1.065,465.4,2786.7952,0.858,0.923,6202.0,0.0,0
84.4,2.9815,0.21,24.8,16.530762,0.925,0.876,5465.0,0.6022,1
238.9,9.81,0.336,7.0,7.603865,0.872,0.793,5600.0,0.0478,0
726.0,3.8516,0.329,36.1,30.508324,0.867,0.904,5215.0,0.4997,1
1795.5,1.4814,0.724,77.2,82.51785,0.537,0.551,3744.0,0.1846,1
1063.2,5.3278,0.065,83.9,77.942184,0.925,0.888,5515.0,0.5567,1
739.4,2.1055,0.547,88.3,83.365845,0.865,0.881,5480.0,0.4329,1
981.4,2.752,0.014,98.8,68.67351,0.746,0.835,5409.0,0.4851,1
1027.7,2.2748,0.02,105.9,81.64579,0.796,0.89,5351.0,0.3594,1
322.8,4.0185,0.049,186.7,149.27219,1.424,1.231,6181.0,0.2448,1
905.5,1.7547,0.001,153.3,120.485374,0.975,1.091,5703.0,0.726,1
231.7,5.055,0.978,24.7,22.354717,0.774,0.862,5834.0,0.0494,0
1156.4,5.2677,0.553,183.1,153.5705,1.108,1.038,6026.0,0.8515,1
332.8,1.8073,0.502,52.1,43.956715,0.787,0.823,5103.0,0.99,1
354.5,1.6011,0.76,37.9,30.6677,0.787,0.823,5103.0,0.3056,1
760.4,2.7975,0.514,69.8,58.743534,0.898,0.994,5822.0,0.5774,1
1317.4,2.7374,0.022,101.6,93.73316,0.893,1.01,5713.0,0.2369,1
13756.0,1.8931,0.911,140.2,776.5968,0.965,1.075,5936.0,0.041,0
1798.0,2.6602,0.435,68.4,53.934418,0.986,0.859,5312.0,0.1465,1
959.1,5.4154,0.013,40.7,27.55069,0.986,0.859,5312.0,0.2073,1
770.4,6.822,0.188,21.9,13.216369,0.986,0.859,5312.0,0.518,1
748.0,8.519,0.287,4.9,7.715564,0.812,0.804,5284.0,0.0124,0
465.8,1.7664,0.016,82.1,55.116364,0.746,0.835,5409.0,0.4412,1
1072.5,4.7743,0.008,66.1,43.793594,0.746,0.835,5409.0,0.0298,1
1611.7,9.3113,0.014,225.5,537.77026,2.533,2.615,9974.0,0.3481,0
557.4,3.1008,1.232,42.3,36.734825,0.951,0.887,5724.0,0.3596,0
817.4,3.0384,0.594,88.1,73.07672,0.847,0.946,5631.0,0.6719,1
126.9,2.807,0.084,9.3,7.3359485,0.511,0.531,3780.0,0.8027,0
746.8,3.3603,0.043,82.6,66.11585,1.076,0.886,5386.0,0.75,1
951.3,5.6957,0.336,44.7,37.79153,1.076,0.886,5386.0,0.568,1
727.3,2.2013,0.568,42.4,33.833244,1.076,0.886,5386.0,0.1983,1
1288.9,1.1829,0.026,76.0,69.42991,0.803,0.899,5559.0,1.0,0
538.6,2.3494,0.595,30.6,24.899769,0.864,0.961,5749.0,0.4297,1
1732.0,1.013,0.702,5.9,8.043725,0.118,0.096,2703.0,0.5303,1
747.0,8.577,0.016,22.5,13.330562,0.893,1.01,5713.0,0.1846,1
800.2,2.7004,0.763,67.6,58.653576,0.868,0.81,5105.0,0.4482,1
636.1,3.3104,0.663,70.4,81.88671,1.043,1.003,5918.0,0.9142,1
605.5,3.0049,0.845,29.8,26.955269,0.868,0.81,5105.0,0.8248,1
300.1,3.432,0.934,21.5,18.665651,0.868,0.81,5105.0,0.9264,1
3753.8,6.8569,0.055,535.5,451.0735,2.179,1.516,6490.0,0.1615,1
2791.6,4.0077,0.048,209.2,199.57098,0.805,0.748,5246.0,0.0691,1
1709.0,2.7075,0.468,81.2,75.65289,0.607,0.622,4200.0,0.9511,1
616.7,4.295,0.681,10.6,8.542428,1.115,0.998,5933.0,0.8317,1
1096.6,3.1404,0.013,72.7,60.20262,0.865,0.774,5402.0,0.2525,1
98.1,3.382,0.049,17.2,12.244888,0.925,0.876,5465.0,0.7561,1
1080.6,3.6688,0.012,75.7,62.25205,0.689,0.766,5211.0,0.9422,1
1089.3,5.396,0.978,78.4,75.15777,0.993,1.065,6153.0,0.5414,0
748.1,5.1364,0.024,70.3,59.862904,1.03,0.889,5565.0,0.0963,1
193.0,6.46,1.17,7.7,8.232686,1.525,0.899,5798.0,0.8584,0
668.2,3.0427,0.017,57.6,48.160652,0.855,0.858,5657.0,0.2108,1
563.5,3.3427,0.671,42.6,36.6241,0.808,0.741,5684.0,0.5162,1
658.0,3.0619,0.847,83.7,69.103584,0.987,1.053,6123.0,0.2022,1
744.5,4.3808,0.88,46.8,40.86483,0.916,0.832,5372.0,0.8122,1
99.7,3.1341,0.113,83.0,61.662006,1.424,1.231,6181.0,0.4969,1
129.7,2.484,0.976,12.3,11.125127,0.916,0.832,5372.0,0.6914,1
743.2,2.0004,0.898,49.1,39.781902,0.766,0.856,5299.0,0.0892,1
244.0,3.2005,0.014,49.0,40.238712,1.329,0.968,5573.0,0.2104,1
725.5,3.8428,0.625,97.3,76.79727,0.982,0.947,5475.0,0.8037,1
582.9,4.9416,0.794,60.2,46.971317,0.982,0.947,5475.0,0.3978,1
116.9,3.343,0.732,18.3,14.906123,0.982,0.947,5475.0,0.1409,1
757.4,1.9941,0.644,70.3,59.167484,0.806,0.897,5617.0,0.8696,1
821.3,3.9264,0.645,40.6,29.477955,0.865,0.774,5402.0,0.0587,1
1030.7,2.1446,0.853,117.0,108.466675,1.028,1.098,6099.0,0.1912,1
2908.3,2.7734,0.033,227.4,218.61652,0.854,0.927,5234.0,0.3296,1
164.3,3.33,0.579,8.6,7.6888905,0.967,0.974,6052.0,0.4432,0
13889.0,12.2726,0.75,287.6,225.933,0.854,0.927,5234.0,0.0032,1
19373.0,8.7941,0.75,873.4,1049.0784,0.813,0.888,5681.0,0.1367,0
543.7,1.8575,0.754,49.5,39.438564,1.276,1.334,6521.0,0.6321,0
447.2,2.4455,0.102,63.0,49.97138,0.692,0.776,4799.0,0.538,1
114.3,4.314,0.943,7.5,7.3551683,0.921,0.962,5640.0,0.689,0
941.1,3.7236,0.75,242.7,210.27057,0.741,0.806,4900.0,0.4984,1
19046.0,16.1784,0.216,544.2,279.55515,0.692,0.776,4799.0,1.0,1
428.9,1.9359,0.189,44.5,37.10211,0.766,0.856,5299.0,0.9062,1
1146.5,4.5973,0.316,152.4,137.60065,1.013,1.05,6050.0,0.4028,1
1183.2,8.358,0.875,51.0,45.641262,1.165,0.907,5460.0,0.2287,1
133.7,8.2,0.781,12.1,9.717272,3.218,2.505,9030.0,0.0588,0
467.5,2.554,0.614,64.2,49.710533,1.121,1.047,5831.0,0.5059,1
636.0,5.89,0.89,56.2,43.6958,1.007,1.01,6191.0,0.8264,1
541.4,4.0369,0.025,39.4,33.72235,0.911,1.001,5941.0,0.5082,1
851.8,3.638,0.66,60.9,51.662617,0.785,0.731,5258.0,0.4679,1
660.9,2.8431,0.178,49.5,45.506935,0.778,0.764,4646.0,0.7526,1
5612.8,6.66405,0.031,1118.9,702.9733,1.331,1.106,6181.0,0.0066,1
438.0,3.6949,0.243,34.7,28.622696,1.456,1.093,5876.0,0.0063,1
1564.3,5.5484,0.649,123.1,93.74424,0.971,0.895,5688.0,0.0991,1
208.4,4.718,0.415,9.3,7.1332707,0.967,0.974,6052.0,0.0632,0
1007.4,2.4999,0.886,90.5,79.9316,0.539,0.557,3984.0,0.7778,1
190.4,1.796,0.022,189.5,30.367825,1.044,0.884,5676.0,0.9232,1
417.9,2.8826,0.077,49.6,38.82832,0.692,0.776,4799.0,0.6988,1
246.4,3.369,0.568,18.5,15.009709,0.692,0.776,4799.0,0.5464,1
345.4,3.73,1.197,29.8,28.030422,1.025,1.088,6191.0,0.9793,0
942.0,6.6436,0.041,50.8,32.622295,0.969,0.855,5275.0,0.3095,1
427.5,2.5363,1.195,40.4,33.15764,0.824,0.895,5786.0,0.8994,0
1130.8,4.0251,0.68,45.1,35.88009,0.477,0.496,3787.0,0.5933,1
5623.8,3.1644,1.27,67.9,131.02249,0.835,0.782,5532.0,0.498,0
633.0,3.4098,0.115,43.4,38.652847,0.829,0.928,5569.0,0.0756,1
727.8,3.98235,0.021,346.9,294.484,1.545,1.097,5795.0,0.1038,1
111.8,4.2386,0.622,55.3,41.22457,1.424,1.231,6181.0,0.011,1
687.4,6.763,0.917,47.0,38.99938,1.028,0.875,5735.0,0.5065,1
223.2,4.261,0.967,20.4,17.675926,1.028,0.875,5735.0,0.549,1
553.7,7.309,0.002,27.4,21.870878,1.439,0.989,5565.0,0.4453,1
777.5,3.1516,0.019,66.4,50.371227,0.786,0.882,5320.0,0.4123,1
472.7,3.896,0.386,21.5,14.434025,0.786,0.882,5320.0,0.7502,1
586.1,2.6772,0.749,45.3,39.361523,0.943,1.016,6092.0,0.3645,1
383.7,3.1569,0.496,45.9,37.563694,1.196,1.001,5762.0,0.3128,1
1078.1,3.1592,0.682,38.4,30.584854,0.539,0.557,3984.0,0.4401,1
2343.5,2.19877,0.116,363.2,343.7984,0.937,0.931,5400.0,0.2692,1
924.7,3.9879,0.014,75.0,55.403717,0.797,0.829,5097.0,0.0408,1
741.6,1.6519,0.817,65.4,51.693073,0.797,0.829,5097.0,0.1972,1
865.2,5.269,1.216,35.6,37.81648,1.138,1.051,6284.0,0.6259,0
744.4,3.4587,0.979,67.3,55.547523,0.809,0.805,5470.0,0.5068,0
437.3,1.6325,0.856,43.9,40.888733,1.816,0.959,4868.0,0.9017,1
585.7,5.0036,0.005,50.9,40.60932,1.223,1.113,5946.0,0.5262,1
275.9,3.1818,0.747,81.7,65.31853,0.741,0.806,4900.0,0.9471,1
179.0,3.504,0.177,22.1,18.67892,1.223,1.113,5946.0,0.0186,1
747.2,2.0289,0.652,65.5,53.66932,0.857,0.807,5041.0,0.9706,1
305.7,1.91,0.454,30.8,25.52837,0.857,0.807,5041.0,0.7238,1
423.4,5.133,1.202,53.8,42.40874,1.053,1.15,6161.0,0.3936,0
186.9,1.9719,0.334,32.2,13.533141,0.788,0.884,5354.0,0.9568,0
858.5,6.4415,0.488,59.6,47.738552,1.092,1.18,6246.0,0.1568,1
610.9,5.972,0.137,30.1,22.80585,1.456,1.093,5876.0,0.5216,1
105.9,1.81,0.319,16.1,13.559771,0.863,0.96,5718.0,0.3448,0
549.3,4.9641,0.046,40.9,31.534922,1.01,0.96,6072.0,0.9394,1
638.7,3.4423,0.851,39.0,35.685806,0.977,1.061,6004.0,0.8227,1
1265.0,7.106,0.849,35.4,23.049246,0.977,1.061,6004.0,0.7738,1
461.0,4.4673,0.18,53.3,42.19916,1.014,0.918,5767.0,0.7157,1
182.4,2.2139,0.184,41.2,33.45658,1.014,0.918,5767.0,0.5055,1
190.7,2.245,0.812,21.2,15.921431,1.014,0.918,5767.0,0.8587,1
758.3,4.9274,0.336,80.3,70.58563,0.798,0.887,5837.0,0.9987,1
492.2,4.2064,0.012,58.8,47.386738,0.953,0.894,5550.0,0.334,1
411.7,2.4656,0.8,36.9,32.688408,0.836,0.884,5288.0,0.325,1
1480.1,2.3982,0.172,92.3,68.11807,0.567,0.584,4041.0,0.3564,1
1491.3,2.3569,0.023,79.2,57.221424,0.567,0.584,4041.0,0.659,1
539.0,1.8732,0.032,44.9,29.682884,0.567,0.584,4041.0,0.5829,1
565.5,2.0271,0.154,40.4,22.796911,0.567,0.584,4041.0,0.9309,1
433.3,5.2498,0.888,38.1,32.62432,1.092,1.18,6246.0,0.2179,1
2105.7,4.4903,0.04,117.7,104.07783,0.888,0.822,5121.0,0.2226,1
659.8,4.0852,0.075,58.1,48.438465,1.168,1.117,6008.0,0.3829,1
529.1,7.565,0.856,57.4,35.636192,0.886,0.799,5516.0,0.3901,1
655.5,6.649,1.194,57.0,49.95327,1.608,1.121,5671.0,0.9285,0
597.5,4.374,0.482,18.7,15.162065,0.977,1.061,6004.0,0.4796,1
703.8,1.3867,0.025,75.4,62.01522,0.47,0.494,3669.0,0.2651,1
633.0,5.1126,0.0,46.4,36.02527,1.439,0.989,5565.0,0.5482,1
777.3,5.2257,0.005,204.4,136.5389,1.331,1.106,6181.0,0.5822,1
207.6,2.4062,0.271,30.0,24.470907,1.439,0.989,5565.0,0.9545,1
477.1,6.83,0.025,134.8,93.40869,1.044,0.884,5676.0,0.9324,1
839.8,2.7052,0.855,40.4,32.820274,0.668,0.656,4621.0,0.3757,1
807.8,4.1502,0.623,36.0,28.053307,0.668,0.656,4621.0,0.3954,1
752.7,2.9954,1.292,62.2,50.52304,0.87,0.821,5906.0,0.0658,0
1155.9,2.6446,0.078,40.3,51.107468,0.5,0.521,3893.0,0.0347,1
1708.7,4.6814,0.011,38.9,31.829948,0.5,0.521,3893.0,0.0845,1
450.0,1.1879,0.026,51.5,26.179613,0.567,0.584,4041.0,0.9323,1
256.9,3.421,0.123,34.5,27.635338,0.867,0.76,5515.0,0.5198,0
136.4,3.747,0.765,27.5,21.377993,0.741,0.806,4900.0,0.8771,1
1468.6,2.71,0.246,67.0,61.25726,0.615,0.626,4213.0,0.031,1
147.7,4.7,1.151,40.9,16.84167,1.608,1.121,5671.0,1.0,0
607.0,3.9734,0.032,50.5,43.55852,0.945,0.925,5627.0,0.2591,1
604.3,3.3372,0.066,36.4,30.17394,1.198,0.945,5576.0,0.3996,1
476.4,2.2682,0.663,33.0,28.342422,1.198,0.945,5576.0,0.1328,1
8665.3,1.6798,1.204,143.2,534.257,0.987,0.948,6237.0,0.7015,0
860.6,2.5315,0.229,40.5,57.048656,0.964,1.041,6122.0,0.841,1
1185.1,1.2641,0.94,23.1,42.963585,0.964,1.041,6122.0,0.3134,1
227.3,1.544,0.831,17.4,29.04227,0.964,1.041,6122.0,0.7326,1
114.9,2.666,0.578,10.1,7.486076,1.107,1.159,6123.0,0.6261,1
487.9,5.3685,0.845,40.5,35.528416,0.997,0.93,6253.0,0.3374,1
1975.0,8.5858,0.497,291.3,162.07628,1.331,1.106,6181.0,0.3868,1
5582.6,3.9808,1.283,104.1,132.5251,1.014,1.016,6348.0,0.0046,0
900.8,2.666,0.962,48.8,49.338993,0.915,1.001,6332.0,0.0024,0
540.0,3.435,0.954,58.9,42.85799,1.181,1.202,6535.0,0.3649,0
501.4,5.1658,0.623,100.3,48.265896,1.034,0.997,6187.0,0.9938,1
548.9,5.0534,0.884,331.6,393.0098,1.941,2.202,9523.0,-1.0,0
27241.0,1.8643,1.427,43.0,938.035,0.795,0.883,5708.0,0.7903,0
657.5,5.756,0.494,36.3,28.843336,1.027,0.93,5538.0,0.8638,1
684.8,2.9105,0.806,41.6,35.345795,0.76,0.806,5001.0,0.1844,1
296.4,2.952,0.647,27.1,18.098701,0.76,0.806,5001.0,0.7891,1
218.4,2.2537,0.684,24.0,20.295761,0.76,0.806,5001.0,0.8483,1
288.9,2.835,0.799,22.1,19.982744,0.76,0.806,5001.0,0.1056,1
286.6,3.2576,0.649,37.8,32.5147,1.001,0.908,5654.0,0.9818,0
368.5,6.676,0.005,7.3,7.4799576,0.836,0.931,5552.0,0.1159,0
288.3,2.6061,0.713,35.9,28.447165,0.898,0.815,5252.0,0.3104,1
995.2,7.471,0.741,42.6,30.617346,0.898,0.815,5252.0,0.5233,1
121.8,3.7256,1.203,48.4,57.51992,0.815,0.857,5761.0,0.2961,0
9636.3,4.7769,0.681,257.2,188.06175,0.838,0.876,5227.0,0.4137,1
1765.6,2.4479,0.047,124.3,102.849686,0.838,0.876,5227.0,0.9837,1
678.1,3.31,0.633,8.2,7.4401913,0.86,0.93,5687.0,0.7858,0
484.4,1.7442,0.278,44.7,36.352104,0.838,0.876,5227.0,0.6613,1
59294.0,3.6163,0.869,339.9,8152.3105,1.175,0.995,5916.0,0.1785,0
4293.5,6.8151,1.03,102.0,141.99004,0.968,0.939,6061.0,0.0,0
906.3,5.0274,0.761,44.1,36.558846,0.801,0.861,5295.0,0.9362,1
910.0,4.066,1.076,30.9,31.666616,0.624,0.612,4254.0,0.833,0
1292.9,4.3409,0.03,120.0,99.55829,1.089,0.929,5541.0,0.1226,1
310.7,2.8977,0.034,42.3,29.807705,1.089,0.929,5541.0,0.8912,1
761.3,1.8806,0.026,77.7,65.18976,0.799,0.827,5076.0,0.7463,1
1129.1,7.0,0.845,41.8,31.220211,0.76,0.806,5001.0,0.3415,1
732.6,1.1935,0.897,97.7,73.8492,1.012,1.117,6063.0,0.997,0
1655.5,3.4744,0.034,61.4,60.3851,0.838,0.769,5289.0,0.1997,1
826.1,3.6083,0.559,89.9,71.042274,1.032,1.086,5674.0,0.6027,1
65.7,2.757,0.658,22.4,19.823141,0.741,0.806,4900.0,0.2108,1
509.5,6.852,1.237,34.8,28.963373,0.908,0.992,5938.0,0.7814,0
955.9,3.9305,0.304,53.2,40.057575,0.837,0.779,5185.0,0.0999,1
796.5,2.1945,0.582,50.6,44.101025,0.788,0.876,5506.0,0.0356,1
980.4,4.647,0.822,32.6,33.20943,0.781,0.869,5309.0,0.5852,1
2047.2,5.1227,0.043,171.0,150.68636,0.94,0.934,5376.0,0.0051,1
1552.8,5.472,0.852,49.6,46.990246,0.94,0.934,5376.0,0.6994,1
1034.4,3.7768,0.422,252.8,203.21265,0.925,0.876,5465.0,0.3178,1
325.7,6.918,0.209,21.8,16.51769,0.94,0.934,5376.0,0.0086,1
24419.0,7.6702,0.267,1357.5,1431.6127,0.973,1.055,6032.0,0.0905,0
728.9,1.3867,0.752,52.5,40.032463,0.799,0.827,5076.0,0.6845,1
167.1,10.755,0.909,9.5,7.4894543,6.221,1.218,4604.0,0.3348,0
926.0,3.6227,0.813,82.4,73.35643,0.954,0.875,5815.0,0.1882,1
170.1,3.4253,0.819,25.6,21.593683,0.954,0.875,5815.0,0.7142,1
754.2,4.1934,0.429,60.8,48.86812,1.032,1.086,5674.0,0.7,1
877.7,2.7535,0.022,80.1,57.862125,0.943,0.914,5456.0,0.966,1
228.7,3.3402,0.017,48.8,7.3476577,0.738,0.708,5044.0,1.0,0
1048.6,2.599,0.103,56.5,39.453987,0.943,0.914,5456.0,0.6605,1
572.7,6.487,0.166,25.8,13.178303,0.943,0.914,5456.0,0.9272,1
472.4,2.7226,0.825,51.8,38.672123,1.054,0.964,5527.0,0.8335,1
483.4,2.7222,0.758,60.6,49.556583,0.774,0.806,5077.0,0.6092,1
321.3,6.0768,0.774,38.1,32.531273,1.374,1.045,5763.0,0.0254,1
485.6,5.734,0.473,11.3,7.278912,1.052,1.111,6215.0,0.5856,0
496.6,7.1605,0.008,39.1,30.000671,1.247,1.018,5751.0,0.0055,1
4020.6,14.475,0.47,171.0,136.66364,1.247,1.018,5751.0,0.5067,1
211.2,4.4289,0.333,25.0,17.107796,1.247,1.018,5751.0,0.3444,1
1293.6,1.238,0.938,52.1,46.813686,1.118,1.092,6156.0,0.855,0
4675.3,7.6213,1.289,161.3,190.76132,0.863,0.953,5931.0,0.1938,0
27591.0,6.8615,0.671,971.1,2048.8374,0.896,0.889,5600.0,0.0004,0
8494.0,5.5692,8.364,309.0,316.12747,1.143,1.152,5988.0,0.4731,0
4872.2,5.9128,0.812,591.2,492.82507,0.906,0.942,5986.0,0.0131,0
1433.8,3.1152,0.096,101.6,87.59254,0.914,0.899,5559.0,0.5369,1
1377.8,4.3773,0.106,109.4,100.84191,1.107,0.896,5433.0,0.6566,1
586.3,5.558,1.183,52.2,50.695923,0.752,0.841,5594.0,0.8091,0
335.1,3.1232,0.01,88.7,32.86635,1.666,0.937,5087.0,0.9697,0
2604.6,1.94,0.712,75.7,78.00336,0.283,0.271,3395.0,0.7055,1
5374.7,6.3363,0.402,286.6,201.45831,0.953,0.973,5592.0,0.2073,1
764.8,2.2647,0.008,87.1,67.36277,0.953,0.973,5592.0,0.1709,1
543.3,3.5032,0.876,45.8,32.128864,1.054,0.964,5527.0,0.9022,1
396.4,4.097,0.945,22.7,15.998437,1.054,0.964,5527.0,0.2256,1
542.4,4.59,0.958,20.4,14.461805,1.054,0.964,5527.0,0.7258,1
629.7,3.0549,0.092,69.2,62.001522,0.935,0.793,6032.0,0.5938,1
182.0,2.2725,0.368,23.8,21.07471,0.935,0.793,6032.0,0.7063,1
347.7,10.0248,0.017,95.1,71.26699,1.79,1.353,6688.0,0.361,1
175.4,3.156,0.725,37.2,30.723654,0.981,0.875,6056.0,0.4476,0
610.5,3.8737,0.265,31.7,26.649704,0.964,1.041,6122.0,0.169,1
777.7,3.3812,0.818,78.9,65.98891,0.848,0.877,5788.0,0.201,1
533.4,4.5038,0.793,44.7,37.89774,0.848,0.877,5788.0,0.7828,1
476.3,5.687,0.862,10.1,7.3113956,1.193,1.146,6072.0,0.7094,0
923.1,3.7647,0.022,55.1,44.640903,0.914,0.899,5559.0,0.6263,1
742.2,5.914,0.943,32.3,25.828817,0.914,0.899,5559.0,0.4216,1
383.4,2.463,0.016,130.0,108.19572,0.925,0.876,5465.0,0.6675,1
178.4,2.417,0.082,16.6,15.834582,0.914,0.899,5559.0,0.0538,1
647.6,4.4859,0.62,87.8,74.35541,1.078,0.972,5799.0,0.6306,1
69.8,2.271,0.869,11.9,8.511797,0.741,0.806,4900.0,0.6886,0
3004.4,4.9611,0.55,245.2,230.01062,0.877,0.973,5815.0,0.5038,1
1593.0,3.0397,0.032,87.6,83.24724,0.818,0.771,5157.0,0.1213,1
81.3,9.8964,0.706,4.6,7.567676,1.26,1.046,6528.0,0.1724,0
41.5,2.579,0.705,15.8,13.874478,0.741,0.806,4900.0,0.1918,1
602.8,3.3095,0.023,48.1,40.47481,1.153,1.029,5638.0,0.5104,1
987.7,7.545,0.772,63.1,50.65838,1.215,1.279,6520.0,0.5157,1
648.8,4.7,1.228,46.3,38.851402,0.806,0.9,5644.0,0.9764,0
1549.4,4.1918,1.242,111.5,103.92036,0.805,0.891,5485.0,0.782,0
40.2,1.733,0.422,7.0,7.285471,1.286,0.844,5679.0,0.4782,0
637.6,4.0263,0.902,41.4,32.83714,0.848,0.877,5788.0,0.0509,1
255.7,1.403,0.63,36.2,24.679447,0.986,0.861,5300.0,0.4111,1
94.1,1.593,0.385,17.3,14.349433,0.986,0.861,5300.0,0.1346,1
561.7,2.8066,0.559,31.6,25.327707,0.803,0.811,4979.0,0.8835,1
209.2,1.5599,0.136,31.0,24.889524,0.803,0.811,4979.0,0.7618,1
4284.5,1.89082,1.283,312.2,304.36368,1.056,0.974,6266.0,0.244,0
928.5,5.179,1.262,36.5,33.84296,1.005,0.772,5903.0,0.1485,0
3680.7,2.8997,0.255,421.2,399.7741,1.205,0.977,5818.0,0.0116,1
1124.8,2.5967,0.777,63.8,57.036846,0.812,0.878,5456.0,0.297,1
650.6,3.2648,0.817,31.9,25.773003,0.812,0.878,5456.0,0.5882,1
2397.9,1.9457,0.001,212.5,205.47449,0.95,1.068,5776.0,0.7352,1
630.5,4.184,0.885,53.1,39.393997,1.071,0.882,5395.0,0.0612,1
126.7,3.231,0.816,15.8,13.908586,1.071,0.882,5395.0,0.914,1
1409.7,3.3603,0.032,139.8,107.4761,0.843,0.93,5873.0,0.2618,1
0.8,0.2961,1.0,0.0,9.033745,2.345,1.332,6050.0,0.1626,0
338.7,3.334,0.722,26.4,25.180836,1.015,0.934,5891.0,0.76,0
791.9,2.0722,0.436,115.7,127.52513,0.897,0.926,5461.0,0.215,1
1018.4,2.958,0.444,95.6,86.580025,0.651,0.636,4859.0,0.0219,1
599.6,5.1115,0.032,43.3,34.15652,0.651,0.636,4859.0,0.3713,1
1291.8,8.677,0.044,49.0,41.98815,0.651,0.636,4859.0,0.934,1
633.7,10.42,0.002,9.9,7.7615943,0.974,0.892,6079.0,0.0137,0
702.9,4.262,0.975,50.7,44.135624,1.108,1.151,6355.0,0.7078,0
505.1,7.0686,0.84,70.0,45.071735,1.79,1.353,6688.0,0.8353,1
659.1,2.2691,0.043,47.8,38.01624,0.443,0.452,3751.0,0.2852,1
799.7,2.7399,0.517,47.1,36.183163,0.443,0.452,3751.0,0.2309,1
471.3,1.7574,0.119,41.8,34.24418,0.443,0.452,3751.0,0.2052,1
661.3,3.2881,0.147,33.9,23.637213,0.443,0.452,3751.0,0.5842,1
25080.0,5.33265,0.503,1703.2,1482.9528,1.077,1.072,6081.0,0.0237,0
413.4,3.691,0.949,44.4,35.46936,1.077,1.072,6081.0,0.8359,0
814.5,7.1786,0.094,100.5,75.38519,0.925,0.876,5465.0,0.012,1
1596.9,3.7965,0.64,157.3,148.23543,0.738,0.826,5176.0,0.9019,1
871.7,2.395,0.793,54.0,38.16564,0.839,0.939,5573.0,0.6397,1
532.8,3.0937,0.819,52.5,44.60486,1.097,0.966,5888.0,0.5543,1
471.6,3.6233,0.842,31.5,24.698427,1.097,0.966,5888.0,0.0393,1
641.7,6.923,0.982,25.5,19.497467,1.097,0.966,5888.0,0.413,1
151.5,1.804,0.911,16.6,14.266844,1.097,0.966,5888.0,0.1586,1
290.1,4.53,0.106,9.3,8.305737,0.778,0.871,5481.0,0.9427,0
633.0,4.297,0.421,47.2,39.721058,1.001,1.079,6063.0,0.9277,1
691.7,3.3649,0.004,251.9,223.70905,0.81,0.907,5546.0,0.5749,1
727.8,6.695,0.474,41.3,34.10438,1.001,1.079,6063.0,0.0587,1
882.1,3.5889,0.657,70.4,50.40442,0.826,0.789,4963.0,0.2304,1
328.2,2.4012,0.72,33.1,23.608395,0.826,0.789,4963.0,0.8823,1
9127.8,5.8883,1.248,323.4,375.77765,0.709,0.784,5066.0,0.2998,0
455.3,5.4381,0.77,58.6,46.60217,1.233,1.057,6112.0,0.3286,1
123.5,4.388,0.633,21.3,16.838892,1.233,1.057,6112.0,0.1006,1
711.4,3.3129,0.51,70.5,58.03445,1.089,0.958,5622.0,0.8407,1
214.0,1.9743,0.537,27.9,23.648258,1.089,0.958,5622.0,0.8722,1
1035.2,3.7962,0.798,64.7,53.613182,0.826,0.789,4963.0,0.1758,1
1132.2,4.539,0.886,54.2,52.26374,0.738,0.826,5176.0,0.5571,1
11929.0,5.349,0.8,944.4,852.9356,0.813,0.746,5324.0,0.5369,0
8243.2,3.2806,1.279,427.5,395.0671,0.932,1.019,6003.0,0.9456,0
2652.1,2.1939,0.436,276.1,274.07208,0.738,0.718,4882.0,0.4745,1
120.8,2.1033,0.153,43.0,21.526688,1.58,1.16,6178.0,0.8166,0
723.5,2.7546,0.521,48.7,39.229824,0.77,0.864,5081.0,0.3363,1
864.9,3.0935,0.607,45.3,36.255608,0.77,0.864,5081.0,0.0924,1
706.6,2.9264,0.727,36.0,31.20086,0.779,0.759,4768.0,0.9417,1
121.1,2.976,0.21,8.6,8.0962,0.994,0.978,6078.0,0.6015,0
10930.0,4.5414,0.932,69.6,289.0791,0.744,0.833,5247.0,0.5963,0
1055.8,2.5378,1.475,51.8,49.75153,1.101,1.141,6398.0,0.6237,0
2012.2,5.5835,1.246,213.7,21.085688,0.661,0.644,4820.0,0.846,0
2008.4,1.4866,0.501,125.3,58.502357,1.019,1.102,5962.0,0.9968,0
781.8,6.1191,0.021,39.4,27.603867,1.248,1.055,5814.0,0.1009,1
120.0,3.2935,0.348,30.4,24.836557,0.912,1.004,5604.0,0.8405,1
457.1,3.1365,0.93,52.2,43.133007,1.085,0.966,5784.0,0.9145,1
429.9,7.074,0.854,38.5,32.50293,1.362,1.012,6419.0,0.9798,1
339.1,3.12,0.99,43.1,37.715553,1.173,0.951,5575.0,0.3856,0
496.1,34.48,1.208,16.9,10.405827,0.976,0.854,5313.0,0.2111,0
4253.2,8.79536,0.05,1055.9,777.0994,1.407,1.066,5868.0,0.6614,1
303.0,3.6069,0.819,76.1,54.85849,1.584,1.337,6432.0,0.2423,1
1107.7,7.22,0.483,9.2,8.084263,0.81,0.907,5546.0,0.0039,0
436.7,5.7471,0.55,25.3,15.3733635,1.248,1.055,5814.0,0.6436,1
577.9,7.202,0.898,26.0,17.067675,1.248,1.055,5814.0,0.6526,1
609.2,7.4355,0.638,116.9,99.92415,1.005,0.913,5979.0,0.9501,1
349.8,5.7351,0.594,23.7,15.655474,1.248,1.055,5814.0,0.5296,1
1526.9,3.547,2.824,60.4,94.90233,0.848,0.938,5795.0,0.4267,0
268.2,3.1199,0.147,41.6,42.12431,0.831,0.917,5411.0,0.8065,1
828.2,10.572,0.746,47.8,41.6243,1.044,0.96,5761.0,0.4645,1
1856.8,8.6841,0.95,191.3,235.28323,0.891,0.974,6077.0,0.6682,0
523.1,3.317,0.437,19.2,51.867584,1.085,1.049,6020.0,0.3379,1
14294.0,3.77516,1.024,1898.4,1869.2343,2.396,1.701,6753.0,0.2226,0
274.9,3.0427,0.746,64.4,51.77585,1.972,1.46,6185.0,0.0684,1
415.6,3.5246,0.395,38.4,33.020035,0.737,0.801,5656.0,0.6006,1
151.3,2.604,0.538,9.1,8.032078,0.888,0.822,5121.0,0.0349,1
1570.5,1.4886,1.008,169.8,280.71524,0.872,0.968,6215.0,0.0,0
463.2,4.9402,0.676,168.3,127.94779,1.549,1.133,5858.0,0.4551,1
668.0,8.412,0.019,95.3,76.07048,1.098,0.922,5956.0,0.7801,1
120.4,6.471,0.273,20.3,16.124304,1.098,0.922,5956.0,0.8986,1
1130.7,1.8594,0.791,128.2,18.479853,0.954,1.05,5550.0,0.9894,1
88.3,1.283,0.108,16.3,13.561377,0.998,1.088,5875.0,0.9827,0
169.0,3.078,0.837,12.6,10.598249,0.954,1.05,5550.0,0.6144,1
1608.1,2.8874,0.848,68.5,58.546432,0.679,0.743,5016.0,0.8945,1
1249.8,3.1101,0.398,41.7,36.493874,0.679,0.743,5016.0,0.7722,1
19964.0,10.6977,0.438,415.7,739.0865,0.512,0.526,4723.0,0.0,0
1102.2,5.018,0.022,97.2,60.679752,0.882,0.98,5750.0,0.9275,1
1254.2,7.334,0.822,73.7,53.49991,0.882,0.98,5750.0,0.031,1
459.1,5.5828,0.069,43.9,47.135498,1.352,1.247,6141.0,0.0577,1
655.3,2.9182,0.791,59.9,51.33594,0.853,0.928,5324.0,0.3192,1
180.1,1.8113,0.051,42.1,32.406216,1.008,1.087,5736.0,0.0892,1
332.1,0.8752,0.891,36.0,25.570423,1.008,1.087,5736.0,0.8066,1
253.2,8.349,0.886,36.5,22.407696,1.044,1.122,6000.0,0.3878,1
384.1,7.012,0.244,67.5,43.60262,1.044,1.122,6000.0,0.4875,1
928.1,4.9974,0.651,114.3,86.8946,0.972,1.058,5679.0,0.1105,1
435.2,2.2207,0.135,23.9,20.515207,0.679,0.743,5016.0,0.3511,1
813.4,1.8491,0.774,16.1,14.95795,0.679,0.743,5016.0,0.6005,1
460.1,2.946,0.63,8.6,7.9018373,0.914,0.899,5559.0,0.5207,0
1151.3,7.2518,0.042,64.5,46.01647,0.91,0.999,5955.0,0.3272,1
736.8,6.3729,0.017,126.8,105.49973,1.022,0.974,5833.0,0.1529,1
192.5,1.7694,0.549,37.8,35.457718,0.876,0.958,5978.0,0.5453,0
365.9,1.745,0.558,47.8,33.137215,0.746,0.791,5278.0,0.9923,0
23886.0,7.4493,0.367,1283.6,1945.2786,1.096,0.885,5761.0,0.0351,0
588.0,4.8475,0.022,79.8,71.085464,0.896,0.875,5739.0,0.6214,1
138.5,6.4185,0.861,46.7,35.08596,1.934,1.427,6122.0,0.7248,0
488.6,3.8627,0.836,103.1,37.551075,1.447,1.081,5827.0,0.8925,1
482.2,4.5837,0.674,144.2,122.28668,1.433,1.068,5880.0,0.3861,1
8378.9,2.48998,1.588,550.2,494.6993,1.596,1.009,6120.0,0.8403,0
1529.0,3.2906,0.356,40.2,33.832794,0.602,0.616,4126.0,0.0428,1
601.3,2.813,0.043,24.2,19.473684,0.602,0.616,4126.0,0.4233,1
3271.1,3.7343,0.91,125.6,112.12642,0.735,0.789,5268.0,0.1954,0
1184.6,3.075,0.15,51.4,38.329365,0.87,0.968,5730.0,0.9042,1
188.9,2.9569,0.825,28.5,22.345987,1.265,0.997,5877.0,0.6795,1
256.5,7.939,0.01,38.3,28.804035,1.265,0.997,5877.0,0.6484,1
20691.0,3.22798,1.233,1670.6,2997.6958,1.295,1.199,6431.0,0.0,0
210.6,4.5122,0.235,66.2,49.771988,1.409,0.963,6011.0,0.6614,1
4080.1,33.787,1.29,294.4,425.50308,2.943,1.5,6033.0,0.9704,0
551.3,2.9557,0.851,51.8,46.549694,0.828,0.92,5677.0,0.6344,1
236.5,3.2069,0.802,42.0,33.322113,0.828,0.92,5677.0,0.234,1
198.1,3.742,0.596,30.5,25.679129,0.828,0.92,5677.0,0.3842,1
295.6,5.662,0.459,25.0,17.723257,0.828,0.92,5677.0,0.0131,1
1039.6,3.2825,0.017,41.3,28.055307,0.87,0.968,5730.0,0.9963,1
729.4,1.4942,0.003,65.2,50.901573,0.525,0.533,3736.0,0.7736,1
918.6,3.4202,0.86,36.2,30.951159,0.687,0.767,4869.0,0.3504,1
38524.0,4.60672,0.842,1144.3,1094.4517,0.905,1.021,5754.0,0.2328,0
315.6,8.6567,0.193,67.9,43.83411,1.524,1.33,6188.0,0.6247,1
952.6,2.2741,0.045,473.2,432.8909,1.071,1.028,5751.0,1.0,1
903.4,2.1433,0.601,96.3,87.73557,1.657,0.947,5059.0,0.216,1
2303.5,3.0148,0.927,60.9,135.50443,0.924,0.96,6032.0,0.857,0
3076.0,2.8701,0.051,195.9,253.61078,0.817,0.86,5303.0,0.1422,1
943.2,2.9355,0.021,99.7,81.64505,0.662,0.727,4926.0,0.5545,1
326.9,2.7308,0.559,2.6,21.845173,0.758,0.846,5985.0,0.3295,0
425.9,2.3572,0.011,73.0,57.161266,0.662,0.727,4926.0,0.5765,1
711.1,7.123,0.101,46.3,35.94064,0.662,0.727,4926.0,0.5096,1
229.2,14.833,1.198,79.3,27.784414,2.872,1.403,5365.0,0.7314,0
1273.0,13.755,0.711,184.6,116.052956,1.433,1.068,5880.0,0.6846,1
126.9,1.6235,0.464,44.4,25.245798,1.584,1.272,6561.0,0.1034,0
146.0,1.5034,0.596,43.1,29.664524,1.116,1.011,6225.0,0.9465,0
336.5,3.254,0.617,37.5,29.628357,0.915,0.878,5675.0,0.5957,1
238.2,1.1939,0.911,13.6,10.490836,0.915,0.878,5675.0,0.2356,1
387.1,5.9629,0.867,78.4,61.41775,1.179,1.164,6034.0,0.8948,1
360.6,12.091,0.788,46.3,34.665714,1.179,1.164,6034.0,0.188,1
3639.6,1.7499,1.277,109.2,32.173656,10.105,2.936,6244.0,0.9024,0
680.2,2.7838,0.872,58.4,57.642532,0.804,0.876,5316.0,0.3929,1
1197.6,3.0512,0.957,237.4,54.62349,1.338,1.235,6663.0,0.6887,0
43702.0,6.0624,0.919,1230.7,2281.6155,1.417,1.24,6706.0,0.1089,0
797.9,7.9588,0.025,117.3,77.61443,1.694,1.1,5900.0,0.1092,1
541.4,9.8052,0.011,66.5,40.8838,1.694,1.1,5900.0,0.1229,1
50.9,1.873,0.163,8.8,7.378707,0.897,0.992,5838.0,0.9029,0
268.0,3.0825,0.98,83.3,46.342224,1.243,1.224,6736.0,0.5294,0
549.1,2.0396,0.102,68.0,53.630383,0.68,0.75,4671.0,0.118,1
79.8,2.8349,0.55,29.3,22.478708,1.071,1.028,5751.0,0.791,1
792.6,2.9227,0.382,60.0,48.681114,0.68,0.75,4671.0,0.1604,1
503.7,1.9529,0.716,75.4,64.98132,1.085,0.972,5821.0,0.1701,1
444.5,8.8077,0.015,57.6,39.803574,1.694,1.1,5900.0,0.3425,1
280.0,6.6677,0.013,48.8,34.928776,1.694,1.1,5900.0,0.1912,1
119.7,4.9064,0.177,27.3,13.906199,1.694,1.1,5900.0,0.9814,1
586.9,6.864,0.022,85.7,57.129204,1.216,1.013,6086.0,0.5461,1
201.2,3.9015,1.187,53.1,44.745174,1.183,0.927,6170.0,0.3427,0
491.3,2.1121,0.667,58.8,50.1357,1.085,0.972,5821.0,0.622,1
162.4,3.845,0.036,18.5,14.24908,1.085,0.972,5821.0,0.1553,1
342.5,4.3243,0.059,46.9,35.20552,3.231,1.609,5460.0,0.1068,1
290.8,7.1228,0.471,77.9,48.483234,1.346,0.911,5460.0,0.4322,1
379.6,4.1682,0.872,41.1,30.417171,1.198,0.976,5815.0,0.5746,1
295.1,5.0324,0.366,55.1,41.43756,1.216,1.013,6086.0,0.465,1
663.9,4.0819,0.518,67.3,58.81958,0.825,0.814,5376.0,0.6016,1
155.8,3.9567,0.228,49.0,36.425716,1.689,1.135,6167.0,0.4429,1
102.1,3.3443,0.728,23.2,18.959463,1.689,1.135,6167.0,0.2313,1
58.3,3.683,0.035,20.8,16.123747,1.689,1.135,6167.0,0.5998,1
1475.6,2.9453,1.248,131.2,136.40614,1.125,0.878,5499.0,0.0,0
19242.0,6.8822,0.532,438.2,1356.7852,0.835,0.805,5366.0,0.1257,0
936.8,1.8289,0.612,98.1,62.24406,0.557,0.575,3939.0,0.9792,1
14610.0,2.7189,0.847,113.2,1215.513,1.034,1.042,6068.0,0.0,0
166.5,4.459,0.864,14.6,10.894302,1.198,0.976,5815.0,0.3535,1
303.8,5.8201,0.016,78.6,57.729088,1.332,1.151,5843.0,0.4159,1
536.7,1.8559,0.717,99.8,86.821,0.553,0.57,4121.0,0.6257,1
627.1,2.065,0.214,10.0,7.4721065,0.62,0.607,4264.0,0.6207,0
864.5,3.325,0.014,116.9,107.95887,0.899,0.932,5650.0,0.0145,1
715.4,2.8014,0.714,60.8,50.225945,0.553,0.57,4121.0,0.6921,1
837.7,6.2289,0.472,71.3,58.786575,1.046,0.988,5497.0,0.1501,1
206.6,3.0504,0.116,47.4,40.834072,1.046,0.988,5497.0,0.1401,1
689.9,9.654,0.004,47.5,28.535248,1.046,0.988,5497.0,0.4956,1
162.5,1.931,0.58,37.4,28.797455,0.836,0.928,5691.0,0.1487,0
511.3,3.5065,1.228,131.4,51.929333,1.254,1.227,6820.0,0.8217,0
2279.4,9.664,0.824,120.3,95.92891,0.635,0.621,4469.0,0.2854,0
4576.8,1.875,0.987,63.3,369.0751,1.156,0.998,5949.0,0.2572,0
983.2,2.6588,0.019,44.7,37.293514,0.595,0.612,4102.0,0.3381,1
170.2,1.3433,0.748,48.4,36.647564,0.985,0.959,5842.0,0.9397,0
126.3,3.6888,0.008,47.2,31.52265,1.331,1.106,6181.0,0.1809,1
212.8,4.8655,0.8,43.1,35.811054,1.143,0.982,5762.0,0.0175,1
106.9,3.947,0.816,25.6,20.25474,1.143,0.982,5762.0,0.3379,1
279.1,2.617,0.254,10.5,13.496643,20.848,3.584,4996.0,0.3527,0
85.0,5.768,0.924,14.1,11.136332,1.143,0.982,5762.0,0.509,1
436.5,4.1246,0.801,97.6,75.933205,1.555,1.181,5918.0,0.2954,1
101.1,3.0792,0.782,38.0,31.847212,1.555,1.181,5918.0,0.6689,1
520.2,3.9092,0.02,161.4,144.28577,1.259,1.17,6215.0,0.4918,1
847.4,2.2209,0.015,160.3,165.43068,0.865,0.971,5328.0,0.365,1
7662.0,1.7517,1.194,67.8,1057.8088,0.966,1.043,6106.0,0.0001,0
262.0,3.1506,0.127,36.3,29.69435,1.28,1.056,5676.0,0.0659,1
616.1,3.1505,0.777,44.2,38.613728,0.77,0.805,5132.0,0.7154,1
820.4,5.2679,0.678,49.9,46.8974,0.77,0.805,5132.0,0.4863,1
250.2,4.064,0.53,26.7,20.756702,0.857,0.977,5448.0,0.9881,0
3860.7,2.2491,0.932,218.5,217.3461,1.424,1.22,5963.0,0.28,1
4981.4,5.0423,1.271,86.6,97.7956,1.231,0.895,5559.0,0.2868,0
86.0,4.0935,0.855,27.2,18.185007,1.555,1.181,5918.0,0.6361,1
613.7,4.1483,0.868,74.2,63.322964,0.943,1.033,5629.0,0.7154,1
9738.6,2.6845,0.626,205.8,209.95412,1.0,1.0,5780.0,0.3021,0
25479.0,7.63871,0.201,2013.6,2796.1816,2.947,1.393,6444.0,0.0151,0
1507.6,1.1134,0.742,312.7,284.4772,0.761,0.835,4780.0,0.8125,1
605.7,5.942,1.21,86.6,103.53328,0.919,0.929,5661.0,0.9813,0
41.4,1.257,0.093,14.6,11.478353,1.28,1.056,5676.0,0.9887,1
383.5,3.4437,0.823,84.8,62.9034,1.495,1.179,5788.0,0.4425,1
575.1,6.0875,0.816,74.4,46.50063,1.495,1.179,5788.0,0.4075,1
379.3,6.191,0.918,34.1,22.787811,1.495,1.179,5788.0,0.9713,1
577.6,1.5501,0.846,82.1,84.98935,0.639,0.643,4499.0,0.995,1
305.2,1.3665,0.902,39.6,27.404266,0.999,1.077,6077.0,0.9978,0
6941.7,2.9799,1.28,222.3,221.32219,0.963,1.056,5858.0,0.5286,0
1026.2,2.6903,0.013,59.1,48.7044,0.929,1.008,5672.0,0.2049,1
48050.0,2.6273,0.709,200.5,3256.0266,0.885,0.975,5941.0,0.004,0
6208.7,5.7845,0.063,285.1,176.52367,0.972,1.053,6046.0,0.0863,1
262.2,3.587,0.795,42.5,35.765453,1.204,1.005,5672.0,0.258,1
150.0,3.3275,0.009,41.5,34.25167,1.499,1.213,5966.0,0.6249,1
55.7,1.465,0.936,6.9,8.617992,0.754,0.848,4973.0,0.8637,0
120.9,3.87,0.255,27.4,20.354172,1.499,1.213,5966.0,0.5536,1
129.5,3.854,0.374,19.6,14.354362,1.499,1.213,5966.0,0.7267,1
95.5,4.051,0.342,18.2,12.992093,1.499,1.213,5966.0,0.6828,1
194.3,4.174,0.516,26.9,22.87844,0.639,0.643,4499.0,0.226,1
500.9,4.6074,0.608,165.5,148.07864,1.005,0.913,5979.0,0.7306,1
79.9,1.78,0.477,10.1,8.494467,1.198,1.273,6363.0,0.2719,0
361.8,5.0041,0.303,42.9,36.883266,0.639,0.643,4499.0,0.1564,1
160.3,1.6261,0.676,35.6,32.666714,0.639,0.643,4499.0,0.2836,1
1384.3,2.557,0.573,45.5,116.45312,0.81,0.826,5244.0,0.3505,1
7458.4,5.16165,0.361,2590.1,2252.0361,1.909,1.236,6036.0,0.2698,1
11571.0,8.4534,0.022,365.2,203.99986,0.972,1.053,6046.0,0.5976,1
1902.6,2.7441,0.972,32.6,27.498526,0.972,1.053,6046.0,0.6737,1
119.0,4.4859,0.905,44.5,33.091286,1.109,0.902,6003.0,0.2519,1
612.5,3.095,0.824,63.7,47.687958,0.914,0.904,5506.0,0.5546,1
1055.4,5.6098,0.226,95.0,67.47628,0.914,0.904,5506.0,0.4664,1
127.7,3.6116,0.004,71.5,12.771007,0.914,0.904,5506.0,0.159,0
291.0,2.965,0.085,22.6,53.31734,2.297,1.396,6570.0,0.9592,1
1059.3,1.8478,0.097,198.3,183.9084,0.967,0.785,5666.0,0.7502,1
1718.4,9.3599,0.256,201.9,151.49889,2.595,1.085,4877.0,0.2601,1
201.0,2.295,0.013,7.4,7.1247277,1.08,1.065,6295.0,0.6286,0
1114.0,2.6577,0.768,28.1,70.57596,0.81,0.826,5244.0,0.5294,1
1143.3,2.939,0.947,20.1,47.5573,0.81,0.826,5244.0,0.5182,1
383.7,2.056,0.638,16.3,42.45267,0.81,0.826,5244.0,0.4233,1
281.8,6.9758,0.748,50.1,37.43401,1.171,0.982,5817.0,0.7431,1
469.1,7.0281,0.018,51.2,42.091286,1.227,1.037,6086.0,0.0151,1
115.5,5.5082,0.911,39.6,26.38406,1.109,0.902,6003.0,0.3398,1
84.8,3.8944,0.914,41.4,32.674694,1.109,0.902,6003.0,0.0313,1
62.1,6.553,0.771,18.8,9.88221,1.109,0.902,6003.0,0.454,1
871.4,4.4116,0.182,67.2,66.874435,0.927,0.935,5569.0,0.4176,1
730.0,4.002,0.866,31.2,26.813261,0.927,0.935,5569.0,0.8358,1
2302.3,6.0437,0.486,526.1,598.46545,2.001,1.313,6372.0,0.5173,1
1059.4,3.2424,0.001,98.7,60.136257,0.695,0.701,4583.0,0.9879,0
3139.0,2.9754,0.739,206.7,336.3128,0.533,0.556,3912.0,0.0003,1
1723.2,1.6691,0.496,158.0,277.99185,0.533,0.556,3912.0,0.1881,1
421.8,2.7607,0.999,42.6,37.14715,1.464,1.048,6312.0,0.5671,0
241.0,1.98,0.508,14.9,30.999777,0.825,0.938,5297.0,0.761,1
256.5,2.281,0.185,20.5,38.713882,0.825,0.938,5297.0,0.7341,1
1266.0,1.887,0.801,59.3,76.264,0.843,0.945,5431.0,0.4371,1
1840.3,4.5288,0.425,50.8,58.22654,0.843,0.945,5431.0,0.0504,1
449.4,5.8297,0.758,112.8,99.441605,1.005,0.913,5979.0,0.0226,1
1995.9,1.7726,0.921,51.4,82.97855,0.843,0.945,5431.0,0.1408,1
452.8,3.9125,0.044,41.7,35.68929,0.983,1.097,5871.0,0.6764,0
245.1,1.7876,0.121,44.2,49.34426,0.927,0.935,5569.0,0.7411,1
1230.2,3.8617,1.231,58.9,60.316467,2.343,1.456,6481.0,0.9618,0
378.7,4.0249,0.665,53.0,42.768753,1.191,1.009,6063.0,0.568,1
37.5,1.289,0.131,7.1,7.8095226,0.751,0.748,4955.0,0.9057,0
407.3,3.5413,0.546,77.3,61.51071,0.912,1.004,5604.0,0.8874,1
360.6,8.699,0.87,73.4,45.075916,1.356,1.153,5867.0,0.1558,1
47.0,6.375,0.131,11.5,9.091377,1.356,1.153,5867.0,0.3367,1
4510.2,9.0015,0.296,1208.1,1015.3578,3.913,1.667,6093.0,0.0884,1
2958.2,3.5317,1.279,373.9,579.8878,2.348,1.309,6284.0,0.0059,0
481.8,4.2,0.525,86.2,10.834319,0.935,0.869,5271.0,1.0,0
154.0,4.235,1.171,45.4,32.138386,2.569,1.495,6732.0,0.0,0
20542.0,7.58264,0.815,1282.3,1204.6005,2.326,1.364,6544.0,0.3045,0
1169.2,1.7332,1.259,37.7,19.730581,1.116,0.986,6238.0,0.7287,0
37.3,2.411,0.522,31.0,12.345082,1.996,2.256,9653.0,0.9806,0
202.5,3.083,0.571,30.8,18.438082,0.818,0.917,5520.0,0.4008,0
366.4,8.079,0.965,24.8,15.743615,1.854,1.419,6501.0,0.4786,1
71.9,3.8305,0.321,4.8,13.635383,0.62,0.667,4756.0,0.4833,0
157.8,5.207,0.02,20.9,15.687434,1.26,1.098,6053.0,0.496,1
513.8,2.503,0.033,8.0,7.1324434,0.975,1.058,6018.0,0.8771,0
614.5,1.6276,1.321,81.7,20.251345,0.901,0.837,6043.0,0.9934,0
655.5,2.0,0.118,18.1,13.503711,1.196,1.19,6457.0,0.0881,1
1014.1,4.508,0.87,23.7,17.87493,1.019,0.883,5569.0,0.6855,1
464.3,3.244,0.128,21.4,17.23415,0.655,0.646,4522.0,0.5716,1
186.2,0.8244,0.4,23.7,11.349193,0.825,0.849,5077.0,0.4847,0
55.7,5.801,0.567,33.8,18.182121,1.967,1.046,5541.0,0.901,0
165.6,2.394,0.277,15.6,13.422261,1.063,1.118,6260.0,0.3813,1
67.9,2.028,0.418,9.1,7.4872413,1.029,0.945,5403.0,0.1022,0
838.8,2.6137,1.227,105.2,11.503804,4.569,1.778,5100.0,0.6291,0
384.9,4.001,0.474,18.2,13.538138,0.752,0.825,5134.0,1.0,0
155.6,5.687,1.035,18.7,15.780134,1.12,0.824,5706.0,0.8707,0
61.0,1.1366,0.938,20.9,17.073187,2.304,1.235,6105.0,0.9961,1
93.2,3.377,0.715,23.4,17.46621,0.867,0.958,5904.0,0.8005,0
306.8,2.665,0.514,18.9,15.249658,0.743,0.826,5341.0,0.3094,0
146.0,3.085,0.693,41.1,9.123466,1.098,1.065,6029.0,0.9993,0
141.7,3.979,0.476,10.9,9.227413,0.525,0.534,4729.0,0.2746,1
90.7,1.9464,0.309,18.4,13.56438,0.854,0.798,5115.0,0.6801,1
647.5,6.479,0.096,17.1,15.814648,1.032,0.875,5349.0,0.8548,1
877.1,4.556,1.226,246.0,184.87411,0.557,0.544,4223.0,-1.0,0
515.0,3.1225,1.224,72.2,15.399727,0.863,0.94,6052.0,0.9997,0
41.4,3.043,0.45,21.5,12.060592,1.555,0.821,5851.0,0.2727,0
169.8,6.519,0.577,26.9,15.121474,0.945,1.023,6131.0,0.2679,0
264.9,6.071,0.706,16.7,14.893052,1.142,1.175,6404.0,0.1989,1
142.4,1.962,0.337,15.7,14.726675,0.881,0.979,5767.0,0.1914,0
122.4,2.594,0.401,24.3,17.016697,0.974,0.987,6135.0,0.8691,0
241.5,5.33,0.982,33.8,27.190186,1.125,0.955,6102.0,0.4392,0
759.2,9.581,0.023,16.1,15.338302,0.995,0.862,5323.0,0.8033,1
819.7,15.97,0.974,19.9,21.024153,0.866,0.965,5692.0,0.0871,0
54.5,6.5533,0.056,11.0,14.579748,1.084,1.14,6231.0,0.1736,0
64.5,5.676,0.985,15.8,13.068923,0.973,1.055,6032.0,0.8098,1
1228.0,11.059,0.025,14.1,7.9267116,0.729,0.823,5576.0,0.7263,0
47.2,2.388,0.064,8.9,13.399375,1.122,1.213,6202.0,0.7307,1
80.1,1.519,0.266,8.8,11.996255,0.998,0.943,5765.0,0.9229,0
3426.3,2.695,1.271,189.0,140.95697,0.989,0.927,5762.0,-1.0,0
127.6,1.787,0.723,7.0,12.913409,0.884,0.751,5649.0,0.6154,0
258.7,2.998,0.697,18.3,16.042082,1.471,1.25,6172.0,0.7133,1
878.1,8.029,0.046,24.1,15.703634,0.561,0.578,4133.0,0.2679,1
1028.9,1.9144,1.356,53.7,14.05268,1.166,1.119,6434.0,0.9525,0
436.4,7.502,0.977,20.0,14.273604,2.478,1.201,5780.0,0.2145,0
30.0,1.488,0.042,11.2,12.531257,1.612,1.296,6058.0,0.2706,0
92.0,1.7976,1.106,41.1,15.379113,2.537,1.288,5395.0,1.0,0
626.4,1.6018,0.234,16.8,14.454476,0.972,1.064,5585.0,0.535,1
99.6,4.39,0.71,18.2,16.67453,0.727,0.812,5269.0,0.6392,0
859.3,7.509,0.712,45.0,33.319363,0.971,0.895,5688.0,0.3425,1
366.4,8.279,0.791,29.5,19.336872,1.988,1.136,5508.0,0.5036,1
246.0,1.643,0.822,52.6,9.516392,1.096,1.193,6147.0,0.3114,0
238.5,4.966,0.591,13.0,10.7401285,2.259,1.597,6771.0,0.2133,0
5133.6,3.0293,0.94,286.2,27.075521,0.762,0.732,4978.0,-1.0,0
130.3,4.521,0.746,25.5,17.25378,0.999,1.077,6077.0,0.8371,0
754.9,11.166,0.066,18.6,16.416048,1.363,1.185,5929.0,0.978,1
449.1,5.43,0.817,19.5,15.612547,1.162,1.232,6392.0,0.9524,1
31.5,5.389,0.937,8.8,7.4794803,1.015,0.829,5596.0,0.52,0
193.6,1.7973,1.225,38.3,25.577068,1.313,1.16,6610.0,0.9238,0
172.0,2.657,0.65,16.1,13.152497,0.863,0.959,5764.0,0.6186,0
346.9,0.643,0.739,14.7,13.297741,0.797,0.852,5834.0,0.8012,1
135.9,2.579,0.888,9.7,12.093221,1.347,1.336,6688.0,0.5232,1
150.8,2.693,0.856,9.4,8.211484,0.776,0.869,5496.0,0.9075,0
1977.0,8.1,0.79,31.1,22.74429,0.905,1.021,5754.0,0.6775,0
167.1,1.866,0.015,6.8,14.975676,1.533,0.899,5365.0,0.108,1
221.2,1.866,0.224,25.3,20.374414,0.819,0.776,5043.0,0.8812,0
79.6,4.473,0.094,8.9,19.420488,69.001,1.479,3812.0,0.0,0
52.9,2.577,0.532,15.5,11.506173,1.031,1.088,6241.0,1.0,0
181.3,3.5415,0.08,3.4,13.040112,0.912,0.943,5668.0,0.9645,0
433.1,1.1812,0.553,31.0,23.554861,0.823,0.79,4922.0,0.563,1
202.0,0.6871,0.787,20.2,14.718759,0.603,0.648,4353.0,0.853,1
73.7,1.6023,0.592,16.7,14.952725,0.889,0.828,5196.0,0.9976,1
81.5,1.723,0.287,15.8,14.200007,0.993,0.909,5755.0,0.2508,1
51.2,0.97,0.394,6.4,10.527928,7.146,2.303,6635.0,0.9066,0
145.0,5.434,0.988,57.6,9.0759325,5.302,2.05,6341.0,0.9985,0
172.0,0.801,0.036,40.3,8.7930565,1.114,1.038,6161.0,0.9918,0
275.4,5.053,1.192,78.0,17.122849,7.435,2.61,6611.0,1.0,0
44.7,2.1885,0.544,30.6,17.308855,1.31,0.867,5609.0,0.9282,0
8324.1,2.8244,1.282,259.3,142.41026,0.116,0.094,2661.0,-1.0,0
422.7,7.284,1.07,78.4,18.490742,12.08,3.479,6740.0,0.0,0
309.5,1.719,0.458,17.4,14.24367,0.717,0.802,5431.0,0.3435,1
1609.1,33.87,1.181,23.2,8.268613,0.96,1.047,5982.0,0.5344,0
159.5,2.918,0.267,25.3,14.654785,0.728,0.766,5041.0,0.9854,0
97.5,1.63,0.137,15.0,13.766089,0.863,0.96,5718.0,0.5747,1
256.3,18.84,1.187,21.2,15.342165,0.941,0.872,6109.0,0.8407,0
352.5,3.926,1.2,42.6,12.530478,0.921,1.003,6086.0,0.9241,0
141.7,1.8599,0.291,1.8,12.806742,1.069,1.161,6194.0,0.9578,0
839.6,22.321,1.235,55.9,21.433395,0.766,0.74,5607.0,0.9538,0
87.3,2.367,0.86,15.8,18.873734,1.191,1.204,6238.0,0.9993,0
60.9,2.566,0.374,20.4,16.379568,1.065,0.933,5574.0,0.5587,1
44.3,2.521,0.017,17.3,13.169284,1.065,0.933,5574.0,0.487,1
607.2,1.135,1.158,17.3,8.689728,1.862,0.977,5908.0,0.3818,0
105.8,4.415,0.198,20.8,16.35057,0.927,0.933,5285.0,0.0638,0
951.4,9.568,0.04,21.0,16.886051,0.801,0.861,5273.0,0.9378,1
424.4,5.42,0.556,13.1,10.66435,0.859,0.861,5225.0,0.4551,1
213.7,3.73,0.906,18.6,17.48083,3.53,1.786,6303.0,0.0443,1
24048.0,4.822,1.227,26.0,20.865814,1.0,1.0,5780.0,0.6432,0
614.4,6.582,0.083,15.3,14.800636,0.707,0.771,4798.0,0.4856,1
321.8,7.948,0.317,27.3,20.387798,0.95,0.802,5670.0,0.2852,1
106.5,5.115,0.615,22.6,18.20582,0.983,0.991,6084.0,0.5524,0
414.5,6.347,1.196,90.8,16.118591,0.648,0.718,5271.0,0.9925,0
162.3,4.701,0.559,20.7,13.921124,0.62,0.614,5157.0,0.0379,0
93.6,24.83,0.982,34.4,13.908455,1.632,0.832,5611.0,0.1414,0
136.8,2.252,0.38,20.4,14.307547,1.044,1.099,6273.0,0.0,0
486.0,3.092,1.187,12.0,16.561987,0.829,0.928,5569.0,0.9563,0
1344.5,8.866,1.247,184.5,29.789963,0.855,0.762,5445.0,1.0,0
495.6,1.326,0.608,14.8,14.689704,2.858,1.964,8855.0,0.8319,0
1582.0,14.55,1.149,253.1,18.228155,1.623,1.365,6770.0,-1.0,0
202.3,4.374,0.439,17.6,17.892231,0.633,0.618,4476.0,0.8614,0
1440.0,2.239,0.41,7.4,7.43973,1.162,1.232,6392.0,0.1191,0
60.5,2.088,0.471,14.9,12.08656,3.247,1.579,6501.0,0.0642,0
106.7,3.828,0.649,15.1,11.627528,1.028,1.098,6099.0,0.259,0
496.5,11.461,0.317,12.9,9.6717615,1.047,1.094,6373.0,0.3729,0
388.3,5.06,1.198,23.0,16.604038,1.142,1.013,6419.0,0.6997,0
92.2,3.361,0.719,30.2,21.015509,1.157,0.934,5872.0,0.0,0
67.9,5.415,0.677,24.8,18.424814,0.927,0.805,6569.0,0.5061,0
508.6,3.376,1.185,22.6,18.872547,0.893,0.974,5880.0,0.707,0
242.6,6.654,0.907,16.6,14.921383,1.209,1.147,6056.0,0.9772,1
45.5,9.625,0.617,59.6,13.220459,3.367,2.228,7872.0,0.6318,0
186.7,4.326,0.163,18.8,14.60874,0.971,0.895,5688.0,0.6639,1
52.6,2.587,0.622,20.3,8.656139,2.338,1.232,5837.0,0.9999,0
184.6,6.154,0.112,26.7,20.036823,1.076,1.13,6249.0,0.6,1
187.6,2.582,0.201,15.9,14.401643,0.825,0.822,5072.0,0.0405,1
4774.7,5.8101,0.969,112.7,16.822853,1.0,1.0,5780.0,1.0,0
119.8,3.044,0.464,18.1,13.857493,0.819,0.84,5465.0,0.9943,0
208.4,6.415,0.508,42.6,23.780445,0.77,0.863,5270.0,0.985,0
2381.2,1.6381,1.261,117.8,33.980343,0.872,0.775,5432.0,0.9818,0
1414.1,21.877,0.957,13.7,8.797298,0.696,0.722,4723.0,0.041,0
1138.0,6.853,0.028,21.0,15.790156,0.843,0.8,4999.0,0.6784,1
319.5,6.258,0.974,69.2,14.98531,0.798,0.899,5932.0,0.9905,0
238.8,3.83,0.057,9.9,7.28567,4.525,1.628,5267.0,0.1479,0
1027.7,7.955,0.633,18.0,16.278463,0.969,0.855,5275.0,0.3424,1
115.3,4.788,0.168,14.4,12.989895,0.736,0.709,4965.0,0.4325,0
60.9,1.429,0.644,8.1,14.809012,1.035,0.968,5925.0,0.9622,1
640.7,8.931,0.754,24.5,16.663416,0.801,0.82,5171.0,0.5652,1
29.6,2.206,0.415,7.5,16.059803,1.587,1.336,6454.0,0.9978,0
405.7,1.0582,1.217,23.9,16.476116,0.899,0.845,5570.0,0.1469,1
139.2,4.919,0.954,17.0,14.254301,1.209,1.147,6056.0,0.5642,1
133.9,6.24,0.715,36.8,17.301676,2.308,1.446,6486.0,0.4897,0
99.0,3.099,0.863,13.3,10.917804,0.67,0.748,4657.0,0.3087,1
209.9,4.459,0.353,16.5,14.54065,0.989,1.058,6201.0,0.7949,1
368.6,2.019,0.249,11.1,13.88664,0.878,0.972,5550.0,0.6937,1
618.1,10.424,1.017,17.4,16.925945,1.06,0.882,6007.0,0.7051,0
110.1,3.1886,0.043,7.1,13.727301,4.099,1.907,6729.0,0.8942,0
181.9,3.876,0.657,23.9,17.658834,0.734,0.815,5448.0,0.8561,0
160.2,2.942,0.634,20.2,14.90462,0.78,0.875,5390.0,0.862,0
130.9,1.514,0.009,21.1,16.070698,0.759,0.727,5437.0,0.9085,0
164.1,12.434,0.741,16.9,7.2107873,1.106,1.148,6370.0,0.5791,0
204.8,3.006,0.013,33.0,14.453146,0.821,0.791,4754.0,0.9428,0
26.4,5.658,0.991,23.0,14.388791,2.909,2.081,7843.0,0.0794,0
45.0,1.0628,0.017,24.6,12.552448,1.66,1.116,6234.0,0.9872,0
112.5,0.9994,0.161,15.7,12.032685,0.845,0.933,5931.0,0.8694,0
99.4,10.515,0.973,16.9,13.391458,1.305,0.922,5973.0,0.4362,1
66.3,3.601,0.353,13.9,11.675163,1.291,1.049,5825.0,0.6782,1
90.6,3.103,0.381,12.0,11.880028,1.873,1.324,6292.0,0.1856,1
29.1,2.274,0.485,15.3,13.883184,2.106,1.151,6060.0,0.3878,0
87.9,18.15,0.733,10.9,7.7716475,2.183,1.19,5792.0,0.086,0
84.4,2.417,0.348,22.0,16.084717,0.75,0.84,5325.0,0.6298,0
86.7,1.098,0.644,21.4,16.881485,0.782,0.746,5418.0,0.7343,0
51.1,1.161,0.547,7.0,8.472941,0.951,0.936,5645.0,0.9791,0
104.6,16.551,0.579,21.8,11.435852,2.295,1.399,6237.0,0.3468,1
43.6,2.983,0.559,19.1,16.312979,0.825,0.831,5774.0,0.6439,0
379.2,5.847,0.08,19.1,13.255269,0.839,0.952,5497.0,0.3232,0
41694.0,1.6788,1.111,143.0,33.47528,1.0,1.0,5780.0,0.334,0
73.0,1.5676,0.47,4.8,7.8703976,14.678,1.854,4971.0,0.9415,0
144.0,3.571,0.104,15.7,13.71391,0.819,0.922,6021.0,0.6848,1
478.6,4.1198,1.973,4.3,10.994687,0.941,1.038,5798.0,0.8065,0
116.4,2.011,0.409,13.9,9.202116,1.131,1.079,6241.0,0.666,0
177.3,3.156,0.651,21.2,14.234054,0.864,0.959,5792.0,0.8744,0
164.8,1.3885,1.124,33.4,13.569939,0.929,1.014,6032.0,0.9952,0
120.8,3.194,0.985,19.7,9.871748,0.867,0.958,5904.0,0.4327,0
118.5,3.474,0.896,17.7,13.564364,1.318,1.109,6174.0,0.7878,1
500.1,5.786,0.909,13.1,7.6691337,0.443,0.452,3751.0,0.8183,1
181.3,4.129,0.644,17.9,13.129711,1.114,1.084,6006.0,0.5737,0
67.1,2.246,0.507,21.3,13.0947695,1.072,1.12,6335.0,0.9614,0
27.5,3.429,0.242,13.3,10.522793,3.05,1.771,6619.0,0.8212,0
731.0,7.648,1.24,31.6,19.39219,0.794,0.767,4883.0,0.9339,0
98.3,5.412,1.147,21.3,11.545547,1.077,1.029,6110.0,0.8477,0
38.2,4.712,0.504,25.8,11.633117,1.056,0.886,5642.0,0.6418,0
56.0,7.083,0.73,16.7,13.70344,0.881,0.97,5968.0,0.9775,0
40.6,1.212,0.099,11.0,12.149057,0.909,0.924,5640.0,0.7948,0
142.0,7.968,0.21,15.3,13.208161,2.154,1.074,5456.0,0.0265,1
1107.6,0.894,0.957,62.0,17.868801,0.718,0.693,4971.0,0.9215,0
2801.0,9.479,0.903,26.7,7.1756616,1.0,1.0,5780.0,0.3812,0
73.8,3.045,0.057,8.8,10.926394,0.974,1.073,6609.0,0.0053,0
265.5,3.1648,1.263,43.3,12.351057,0.787,0.684,6112.0,0.9761,0
35.7,4.291,0.101,14.9,11.0283785,1.227,1.036,5888.0,0.6561,1
1530.0,6.689,0.024,14.8,10.974714,0.452,0.496,4367.0,0.3938,1
641.1,79.8969,0.97,254.3,10.389656,0.963,1.026,6328.0,0.2776,0
82.4,4.054,0.01,12.7,10.416963,1.062,1.115,6274.0,0.9532,1
84.2,10.18,0.671,32.8,16.612164,0.798,0.863,5709.0,0.0,0
120.9,3.302,0.513,12.1,19.903236,0.863,0.93,5851.0,0.1452,0
339.6,1.3911,0.389,57.0,14.948492,0.871,0.81,5356.0,1.0,0
162.2,7.881,0.644,18.7,15.7946825,0.927,0.932,5804.0,0.4271,0
259.5,6.079,0.064,8.3,11.645167,0.664,0.657,4236.0,-1.0,0
1112.5,4.724,0.701,14.2,12.023532,0.697,0.734,4652.0,0.8457,1
1544.0,1.096,0.014,11.3,10.980496,0.2,0.18,3187.0,0.189,1
45.2,3.991,0.044,13.7,11.1252775,0.888,0.939,5525.0,0.2723,1
14.7,1.263,0.365,9.4,10.47228,2.059,1.375,6739.0,0.3752,0
98.5,1.744,0.44,13.1,10.225331,1.041,1.119,6011.0,0.0842,1
155.2,6.74,0.092,7.2,7.387054,1.014,1.08,6095.0,0.1449,0
115.6,1.188,0.942,14.3,9.093621,1.112,1.157,6325.0,0.9992,0
121.9,1.879,0.129,13.1,13.11794,1.48,0.936,5718.0,0.2281,1
76.3,1.513,0.559,15.1,13.105136,1.744,1.185,6401.0,0.8336,0
141.7,3.22,1.143,25.5,12.700641,1.129,1.112,5708.0,0.8606,0
120.0,5.16,0.607,11.9,12.17469,0.802,0.78,5480.0,0.6138,0
1021.6,1.2569,1.236,90.4,14.703573,1.062,1.115,6274.0,0.9982,0
167.3,3.534,0.375,13.6,11.532616,1.15,1.183,6401.0,0.3268,1
396.0,1.288,0.047,25.8,8.88225,0.865,0.957,5861.0,0.9925,0
115.6,3.639,0.351,17.1,14.451205,0.799,0.727,5428.0,0.1849,0
201.8,2.271,0.365,9.9,10.996368,0.861,0.848,5408.0,0.5471,1
152.7,5.77,1.141,8.1,13.064489,0.951,1.027,6039.0,0.634,0
285.6,1.1554,0.957,70.1,12.533853,0.747,0.817,5016.0,0.9704,1
76.1,0.998,0.059,8.9,7.7024026,1.145,1.193,6238.0,0.8883,0
369.6,3.069,0.339,16.1,13.784205,0.963,1.038,6137.0,0.3549,0
2022.9,2.6441,1.341,176.1,26.073826,1.597,1.429,7381.0,0.29,0
85.8,2.461,0.202,14.2,12.555114,1.392,1.02,6157.0,0.8423,1
426.6,1.4068,1.206,51.5,10.411073,1.059,0.963,5794.0,0.9477,0
89.5,10.229,0.834,17.9,11.743124,3.324,1.136,4938.0,0.149,1
360.5,1.523,0.143,11.6,12.543833,0.872,0.912,5448.0,0.7252,1
73.4,4.543,0.715,15.3,13.681894,1.706,1.11,6254.0,0.3729,1
472.9,28.203,0.928,19.9,9.814416,0.784,0.85,5526.0,0.8449,0
84.7,20.756,0.171,36.6,14.324436,2.557,1.202,6156.0,0.4841,0
44.0,2.259,0.037,10.1,8.372605,0.969,0.905,6052.0,0.3778,0
263.7,3.797,0.783,12.9,10.419537,0.84,0.797,5009.0,0.9922,1
120.4,2.777,0.25,15.1,13.108171,0.958,0.934,6088.0,0.7701,1
160.8,3.491,0.485,14.7,13.314711,1.03,1.132,6108.0,0.6243,1
79.5,4.882,0.397,13.2,11.544636,1.268,1.02,5855.0,0.8119,1
56.3,3.028,0.171,29.7,8.138594,2.087,1.285,6316.0,0.2499,0
370.4,1.013,0.632,14.1,10.934171,0.747,0.779,5203.0,0.9179,0
415.0,8.559,0.021,13.7,9.944483,0.976,1.027,6143.0,0.79,1
95.5,7.617,0.112,31.6,19.547382,1.499,1.282,6170.0,0.9981,1
212.0,2.459,0.594,11.9,10.802183,0.707,0.786,4858.0,0.6646,1
98.2,1.715,0.326,15.1,12.137012,0.859,0.948,5959.0,0.4895,0
138.3,0.864,0.034,9.8,10.903141,1.03,1.132,6108.0,1.0,0
105.4,3.245,0.914,18.1,16.144938,1.655,0.949,5051.0,0.5118,0
186.6,3.15,0.241,24.1,17.870142,4.856,1.66,5178.0,0.8466,0
175.1,1.1434,0.57,17.1,11.146722,1.005,1.108,6039.0,0.0001,0
116.3,1.839,0.503,14.1,13.60048,1.098,1.139,6258.0,0.0214,0
2111.5,1.7846,1.272,117.2,30.665737,1.058,1.11,6304.0,-1.0,0
305.1,1.713,1.168,11.3,11.367813,0.793,0.881,5883.0,0.662,0
799.9,4.054,0.957,23.3,18.941614,0.77,0.805,5132.0,0.5223,1
286.8,0.3028,0.904,25.8,10.45597,0.824,0.922,5073.0,-1.0,0
1223.4,6.182,1.216,25.7,17.580442,0.707,0.734,4700.0,0.5378,0
122.7,4.679,0.719,9.5,8.219182,0.716,0.8,5297.0,0.691,0
301.0,1.847,0.197,13.2,11.131982,0.682,0.671,4391.0,0.8127,1
159.1,5.695,0.713,16.9,12.739108,2.213,1.083,5037.0,0.851,1
122.3,1.585,0.828,14.2,11.575606,0.772,0.745,4904.0,0.9326,1
203.7,4.477,0.768,21.4,17.98645,1.018,1.086,6137.0,0.9978,0
185.3,1.849,0.32,15.4,12.37913,0.908,0.996,5970.0,0.0449,1
279.6,1.8952,0.863,20.1,17.808668,0.909,0.795,5455.0,0.2748,1
37.4,3.848,0.662,10.6,12.403124,2.237,1.355,6613.0,0.9292,0
185.6,2.616,0.069,11.3,11.672962,0.852,0.759,5455.0,0.3472,1
321.0,0.9425,0.011,23.7,9.612406,0.833,0.926,5655.0,0.9904,0
68.2,3.747,0.107,12.6,11.458898,0.99,0.828,5678.0,0.3956,1
620.1,13.98,0.892,13.2,13.047004,0.752,0.841,5492.0,0.0848,0
69.3,1.889,0.011,10.3,11.114742,1.015,0.984,5921.0,0.3998,0
72.8,2.222,0.66,16.4,14.013821,1.884,1.371,6443.0,0.1196,0
164.9,8.345,0.972,11.0,11.1211195,0.737,0.709,5555.0,0.4081,0
57.0,3.155,0.01,12.7,10.979312,1.171,1.194,6481.0,0.1837,1
150.5,1.551,0.477,14.8,13.674689,0.931,0.861,5746.0,0.3066,0
169.5,4.008,0.505,17.6,15.042333,0.971,1.057,5952.0,0.0307,0
670.8,23.49,0.424,12.1,7.556082,0.904,1.003,5743.0,0.8232,0
245.0,2.445,0.32,17.9,15.298426,0.7,0.775,5357.0,0.9336,0
152.7,2.705,0.206,18.7,15.888233,0.83,0.883,5118.0,0.0,0
10083.0,6.4616,1.378,230.7,762.1595,0.639,0.627,5233.0,-1.0,0
66.5,5.321,0.72,13.6,8.5462675,1.0,1.0,5780.0,0.7822,0
90.7,2.724,0.451,11.7,10.99175,1.227,1.044,5839.0,0.8436,1
34.6,1.591,0.36,16.4,12.025125,1.145,1.154,6577.0,0.7479,0
127.7,4.364,0.574,27.8,12.076894,0.804,0.891,5335.0,0.2418,0
233.7,3.733,0.402,17.7,13.289248,1.058,0.982,5926.0,0.7883,0
2538.0,4.92,0.903,24.4,30.511448,0.727,0.812,5269.0,0.0,0
73.3,2.598,0.118,10.6,10.541721,1.09,1.032,6164.0,0.3012,1
352.8,10.768,0.255,12.2,11.05848,1.139,0.998,5998.0,0.4679,1
370.5,3.024,0.411,13.6,12.195742,0.834,0.818,5119.0,0.3593,1
421.1,3.179,0.719,14.7,11.85051,0.734,0.815,5242.0,0.2418,1
44.2,1.446,0.343,18.9,14.651165,1.549,1.019,5814.0,0.969,0
71.5,1.155,0.409,14.8,10.689971,0.72,0.735,4518.0,1.0,0
104.2,3.293,0.207,18.4,15.633154,0.95,1.031,6089.0,0.8426,0
273.2,4.702,1.175,117.8,13.106018,0.881,0.884,5819.0,0.9999,0
1131.5,11.76,0.883,15.3,13.715718,0.768,0.714,5313.0,0.0026,0
115.8,2.686,0.553,15.4,13.85082,0.932,0.849,5584.0,0.8911,0
296.3,1.938,0.395,17.9,14.516187,0.796,0.771,4838.0,0.9007,1
173.5,2.294,0.312,13.0,11.720894,0.557,0.585,3872.0,0.3678,1
149.6,2.661,0.781,16.2,12.747314,1.235,1.09,5887.0,0.7337,1
98.2,8.798,0.188,14.1,11.361593,1.306,0.923,5468.0,0.776,1
186.6,1.773,0.26,15.2,12.128616,0.87,0.987,5629.0,1.0,0
536.9,3.732,0.041,11.7,8.06936,6.897,1.553,4832.0,0.0976,0
71.8,1.683,0.043,9.1,9.395596,0.989,0.944,5974.0,0.4881,0
8591.9,29.435,0.052,1134.3,192.35223,2.817,1.402,5529.0,0.0004,0
150.2,11.312,0.074,14.0,10.778026,1.529,1.205,5883.0,0.0484,1
43.8,3.892,0.996,17.4,12.791189,1.375,1.233,6963.0,0.9148,0
184.0,1.308,0.254,17.7,14.505004,0.804,0.767,4991.0,0.3531,1
696.9,0.6182,0.965,19.1,14.005139,0.873,0.887,5505.0,0.7879,1
807.8,21.71,0.151,13.3,10.44288,0.947,1.025,6117.0,0.5207,0
116.1,3.874,0.672,27.9,12.464282,0.83,0.733,5921.0,0.8047,0
26.9,1.812,0.093,24.1,18.400127,2.052,2.036,8473.0,0.4769,0
193.1,2.619,0.601,9.5,10.946526,1.756,0.952,4934.0,0.7334,1
182.0,7.39,0.438,13.3,13.517901,0.839,0.934,5590.0,0.1581,0
35.6,5.918,0.556,11.0,9.09204,2.179,1.16,6245.0,0.3126,0
170.6,1.7921,1.154,50.4,9.846193,0.937,1.011,6187.0,0.9676,0
77.3,2.215,0.765,13.5,11.122064,1.244,1.17,6117.0,0.5901,1
380.9,22.74,0.993,13.1,12.778866,0.792,0.776,5017.0,0.0001,0
79.4,0.8136,0.226,21.9,13.341784,3.266,1.478,5665.0,0.9535,0
123.0,2.587,0.331,16.9,14.338832,1.259,1.005,6313.0,0.3709,0
68.1,3.192,0.09,17.4,11.156775,1.686,0.984,6040.0,0.3827,1
1213.9,12.136,0.908,27.4,19.254738,1.299,1.165,6341.0,0.6058,1
63.2,4.001,0.703,15.3,12.523014,0.881,0.974,5757.0,0.3814,1
93.2,2.555,0.566,10.4,12.364011,2.324,1.529,6845.0,0.1056,0
130.3,1.441,0.085,14.4,12.605807,7.906,0.898,4643.0,0.851,0
24.9,2.75,0.565,26.4,13.434129,1.693,1.211,6287.0,0.9675,0
135.7,1.753,0.333,15.7,13.255708,1.023,1.011,6046.0,0.824,1
310.9,2.23,0.447,16.0,12.83305,0.796,0.771,4838.0,0.9903,1
265.4,0.8541,0.427,20.3,10.266926,0.848,0.938,5901.0,0.9758,0
1820.5,0.9324,0.111,26.0,18.237106,0.328,0.328,3464.0,0.6128,1
283.1,4.587,0.175,19.3,15.734565,0.909,0.955,5505.0,0.1094,1
16445.0,8.7622,1.245,1823.0,2599.6948,1.44,1.273,6428.0,0.7492,0
1104.4,7.345,0.955,15.6,14.03039,1.0,1.155,6997.0,0.2644,0
277.2,1.683,0.7,15.2,14.818893,0.723,0.794,5107.0,0.0676,1
56.7,4.284,0.642,24.0,17.033213,0.79,0.882,5687.0,0.1814,0
43.7,2.274,0.597,15.3,13.403226,1.079,1.107,6444.0,0.128,0
85.9,1.83,0.577,23.8,18.271677,2.244,1.276,6028.0,0.8629,0
252.6,5.759,0.388,6.4,7.266772,1.253,1.305,6186.0,0.9985,0
69.7,4.103,0.721,13.8,13.799748,0.786,0.871,5808.0,0.9429,0
975.6,0.5421,0.962,96.8,10.537706,0.568,0.57,4898.0,-1.0,0
167.0,5.004,0.276,17.2,12.696019,0.771,0.744,4965.0,0.3872,0
85.4,3.545,0.234,13.4,11.84842,1.072,1.05,6202.0,0.7145,1
59.8,2.392,0.11,14.3,11.010214,1.092,1.032,5991.0,0.6776,1
217.7,2.556,0.362,11.9,11.783633,0.849,0.942,5840.0,0.2289,1
64.1,1.527,1.024,13.5,10.943097,2.16,1.237,6425.0,0.9967,0
127.0,3.222,0.422,14.4,10.165717,1.086,1.129,6384.0,0.2813,0
97.0,1.1466,0.291,17.6,15.009405,0.837,0.811,5102.0,0.5997,1
87.9,2.841,0.205,12.0,11.012017,1.454,1.194,6028.0,0.1362,1
124.3,1.141,0.64,12.0,11.667964,0.505,0.503,4296.0,0.8593,1
163.4,4.954,0.686,18.8,11.714887,3.062,1.373,5159.0,0.1826,1
97.6,4.673,0.601,12.5,11.022991,0.906,0.993,5984.0,0.3181,1
233.6,1.408,1.18,15.6,12.220875,3.515,1.48,5575.0,0.6668,0
71.2,2.341,0.811,11.2,8.874426,1.135,0.91,5767.0,0.4411,1
166.0,4.639,0.536,31.0,11.398456,0.64,0.628,5277.0,0.8518,0
135.7,3.343,0.419,17.4,15.26167,0.967,1.045,6091.0,0.7022,0
226.2,2.129,1.172,25.4,13.164155,1.006,1.074,6181.0,0.9997,0
141.7,2.624,0.295,17.4,8.456129,0.752,0.835,5296.0,0.6443,0
792.5,9.028,0.036,16.1,14.797884,0.903,0.944,5858.0,0.5581,1
213.5,1.814,0.439,6.5,8.892335,16.823,2.666,4673.0,0.9731,0
480.1,8.075,0.908,16.4,11.664873,1.112,1.157,6325.0,0.6077,1
83.2,12.13,0.74,69.3,10.947229,3.339,1.865,6911.0,0.1222,0
109.0,6.783,0.201,15.5,11.433498,1.21,1.025,5821.0,0.0827,1
106.8,2.851,0.495,12.5,9.569488,0.769,0.793,5168.0,0.5169,1
78.6,1.033,0.061,10.5,11.339991,0.961,0.953,6077.0,0.8764,0
101.1,3.63,0.147,8.1,7.389189,0.891,0.983,5897.0,0.8356,0
266.1,6.93,0.461,7.9,13.887757,3.276,1.676,6732.0,0.9801,0
83.2,7.5,0.008,12.3,11.102872,1.707,1.046,5432.0,0.8533,1
95.4,5.144,0.57,10.3,8.381532,0.862,0.948,5513.0,0.8708,0
96.9,3.056,0.022,13.8,10.633178,0.927,0.798,5496.0,0.985,0
80.3,1.275,0.804,16.6,14.030767,1.46,1.351,6380.0,0.369,0
618.7,15.67,1.262,10.8,9.62688,0.932,0.986,6256.0,0.8795,0
116.5,3.658,0.093,12.8,11.61852,0.996,1.07,6122.0,0.987,0
111.6,2.61,0.372,13.8,12.124529,0.855,0.945,5910.0,0.5362,0
567.7,6.576,0.323,11.9,9.639611,0.788,0.765,4821.0,0.4542,1
174.4,0.915,0.609,13.9,11.769917,0.388,0.406,3585.0,0.9545,0
40.5,2.2053,0.722,30.2,8.602466,1.447,1.111,6508.0,0.8265,0
809.2,6.159,0.21,13.2,9.708954,0.553,0.573,4339.0,0.865,1
69.9,1.699,0.944,8.6,15.230945,0.972,0.954,5721.0,0.9766,1
90.7,3.402,0.308,6.9,9.391261,1.089,1.142,5984.0,0.0867,0
509.5,0.968,1.253,14.4,10.968486,0.698,0.752,4803.0,0.7715,1
57.0,6.852,0.369,11.4,9.463604,1.393,0.999,6144.0,0.0308,1
166.0,1.921,1.422,11.1,9.527074,1.072,1.12,6335.0,0.0827,0
33.6,4.807,0.257,12.4,7.6391106,0.824,0.764,5233.0,0.4199,0
114.3,1.498,0.116,17.1,12.5058,0.999,1.077,6077.0,0.8819,0
83.2,2.84,0.108,12.2,11.046987,1.072,1.117,6371.0,0.6694,1
76.5,1.756,0.563,24.4,27.623426,0.721,0.692,5051.0,0.41,1
47.6,13.734,0.036,17.3,8.667734,1.342,0.915,5601.0,0.4696,0
1546.4,3.0869,1.252,100.4,13.5561075,0.804,0.896,5728.0,0.9965,0
117.4,12.277,0.532,11.1,8.885191,0.853,0.952,5632.0,0.2182,0
76.3,3.979,0.499,9.5,8.515034,1.041,1.013,6175.0,0.0246,0
49.2,0.9942,0.194,17.6,10.790549,0.898,0.816,5400.0,0.9943,0
239.8,14.077,0.529,13.0,10.437255,1.316,1.044,5802.0,0.0246,1
308.0,1.2067,1.377,97.5,9.187865,1.204,1.224,6607.0,0.9973,0
188.3,1.7499,0.628,34.9,18.141047,0.982,0.893,6106.0,0.2254,0
196.8,2.842,0.561,15.9,11.434397,1.269,1.063,6302.0,0.878,1
104.8,1.677,0.53,15.4,9.332697,0.687,0.757,5367.0,0.0565,0
23.3,5.396,0.384,11.4,9.8879,1.458,0.934,6018.0,0.2636,0
4.5,1.686,0.692,11.8,11.084182,2.773,1.941,9005.0,0.9986,0
152.5,5.991,0.084,10.3,10.029045,1.054,1.028,6210.0,0.786,1
100.5,2.727,0.145,10.1,8.917967,0.534,0.545,4623.0,0.8219,0
78.4,3.572,0.043,11.4,8.523661,0.662,0.727,4926.0,0.7061,1
14.0,17.354,0.796,21.8,9.249161,2.206,1.719,7523.0,0.2272,0
309.4,2.705,0.278,12.7,10.508349,0.806,0.897,5376.0,0.609,1
99.5,3.05,0.46,17.5,15.130614,0.819,0.907,5406.0,0.1919,0
51.8,2.148,0.109,9.3,8.471894,1.441,1.224,6434.0,0.8479,0
83.2,2.3316,0.334,26.8,29.604118,0.721,0.692,5051.0,0.8166,1
304.1,3.048,0.045,11.8,10.92455,0.8,0.825,5295.0,0.3205,1
30.9,4.798,0.541,26.7,14.474333,2.174,1.134,5574.0,0.4539,0
226470.0,17.487,0.0,106.8,1594.3699,1.568,1.401,7078.0,-1.0,0
217.4,11.444,0.967,17.6,11.626737,1.876,1.288,5749.0,0.3317,1
61.1,3.493,0.63,10.8,9.715869,1.289,1.261,6720.0,0.5383,1
115.6,9.48,0.025,9.0,9.492277,1.176,1.056,5963.0,0.0052,0
19.5,6.343,0.201,15.2,10.100188,1.918,1.713,7758.0,0.0442,0
22.2,4.0329,0.625,13.4,9.776427,1.376,1.039,5788.0,0.369,1
143.8,1.508,1.183,18.4,10.337506,0.938,1.028,5942.0,0.9523,0
111.6,1.723,0.956,14.4,10.944285,1.806,0.996,4970.0,0.8284,1
142.0,3.549,0.399,11.6,10.421622,0.975,1.058,6018.0,0.9801,0
617.8,4.164,0.664,12.7,10.686714,0.8,0.825,5295.0,0.1853,1
160.9,3.645,0.927,12.6,11.537556,1.041,0.968,5949.0,0.4716,0
137.5,4.176,0.203,13.3,11.035789,0.775,0.839,5529.0,0.6552,0
86.7,2.936,0.359,13.4,10.707642,0.987,1.049,5964.0,0.2162,0
34.3,1.6123,0.28,31.6,15.76335,0.855,0.971,5570.0,0.9802,0
501.7,6.39,1.254,16.4,13.89461,1.063,1.118,6260.0,0.0793,0
84.4,2.953,0.377,13.3,11.240246,0.999,1.077,6077.0,0.8872,0
75.4,2.704,0.466,10.8,10.118235,1.213,1.233,6667.0,0.298,0
77.8,2.7878,0.018,24.4,30.191341,0.721,0.692,5051.0,0.4567,1
210.0,2.885,0.221,11.9,10.654026,0.777,0.871,5401.0,0.3653,1
80.2,3.487,0.711,14.2,9.975319,1.092,1.18,6246.0,0.0271,0
309.2,2.837,0.689,11.3,9.624987,0.94,1.032,5910.0,0.8184,0
95.6,3.289,0.388,10.6,8.620149,0.554,0.541,4289.0,0.9145,0
41.2,8.006,0.115,7.7,7.532163,1.163,0.964,5960.0,0.6664,0
20.2,3.325,0.424,15.5,9.655829,1.182,1.087,6473.0,0.2216,0
487.4,7.547,0.03,9.7,8.589387,0.82,0.917,5595.0,0.6867,0
78.7,5.261,0.097,13.4,11.398058,1.497,1.001,5578.0,0.2254,1
158.4,0.8278,0.086,17.3,12.007606,0.776,0.722,5286.0,0.911,0
116.5,2.549,0.337,13.5,11.472025,0.87,0.974,5500.0,0.0867,1
12.1,3.943,0.62,19.8,13.363202,2.152,1.803,7624.0,0.5544,0
88.5,3.157,0.39,14.4,10.836572,1.111,1.154,6341.0,0.386,0
162.9,5.664,1.186,12.9,9.805393,0.74,0.828,5288.0,0.8334,0
121.4,1.6993,0.89,25.8,31.814764,0.721,0.692,5051.0,0.3835,1
78.2,2.592,0.119,16.4,15.657688,1.86,1.208,6123.0,0.6733,0
112.2,4.487,0.778,25.3,11.923215,0.43,0.443,3754.0,0.2153,0
50.9,6.204,0.553,14.6,10.407427,1.63,1.289,6547.0,0.6131,1
45.0,1.528,0.727,15.1,11.741793,2.391,1.233,6403.0,0.9142,0
238.3,15.7,0.678,8.2,7.846843,0.748,0.838,5348.0,0.2332,0
30.2,4.279,0.536,17.8,13.470228,3.339,2.06,8046.0,0.7301,0
150.7,5.783,0.923,12.5,10.880907,0.837,0.928,5852.0,0.4179,1
43.4,1.256,0.222,12.0,9.70669,0.87,0.968,5730.0,0.89,0
154.9,2.713,0.059,11.3,10.712676,0.84,0.797,5009.0,0.6408,1
56.6,2.898,0.206,14.7,12.345101,2.243,0.808,5242.0,0.2066,0
631.9,8.556,0.019,14.4,11.060613,0.946,0.924,5462.0,0.427,1
45.6,3.471,0.315,17.2,11.699092,0.758,0.832,5776.0,0.9233,0
92.0,2.492,0.233,11.4,10.463333,1.09,1.134,6355.0,0.4539,0
203.2,3.92,0.02,9.5,7.671934,0.868,0.961,5853.0,0.6108,0
133.5,1.772,0.328,13.9,10.579472,0.897,0.992,5838.0,0.8626,0
158.3,0.5051,0.408,16.2,11.549787,0.898,0.982,6038.0,1.0,0
13.5,4.363,0.645,17.9,10.33584,1.863,1.378,6652.0,0.0225,0
79.5,29.1267,0.996,41.6,10.448241,1.002,1.081,6047.0,0.7453,0
68.4,1.295,0.044,11.4,8.556156,1.051,0.851,5602.0,0.8508,0
46.3,2.057,0.519,16.4,12.784962,3.096,1.88,6858.0,0.6021,0
145.0,3.639,0.94,12.8,10.7262335,1.006,1.003,5700.0,0.6298,1
13.1,10.542,0.686,32.0,11.910183,3.05,2.29,7846.0,0.2344,0
1087.0,3.627,0.002,11.3,8.0025835,8.123,0.988,4687.0,0.2386,0
68.1,0.69,0.012,10.3,7.5278573,0.421,0.432,3925.0,0.9863,0
52.0,2.31,0.125,16.3,13.259307,0.941,1.033,5893.0,0.1705,0
345.0,0.7794,0.891,13.0,10.633059,0.771,0.864,5521.0,0.0,0
666.1,2.503,0.825,11.5,10.44007,0.918,0.908,6056.0,0.3228,0
80.9,3.632,0.49,19.1,14.703155,0.971,1.083,5957.0,0.3201,0
47.8,0.4931,0.286,10.2,7.5868635,1.049,1.013,5923.0,1.0,0
55.0,4.023,0.243,13.0,11.676298,1.055,1.003,6202.0,0.0732,0
66.2,1.6192,0.584,21.9,12.366543,1.031,0.861,5427.0,0.8998,0
208.1,2.839,1.171,39.7,10.716698,0.883,0.929,5977.0,0.9831,0
467.9,1.0377,0.946,44.3,8.160799,0.854,0.968,5561.0,0.9974,0
33.0,4.227,0.992,7.1,8.318092,1.485,1.046,5631.0,0.9274,0
215.8,2.485,0.322,9.9,8.323881,0.946,0.953,5743.0,0.3922,0
3452.0,90.95,1.256,323.1,8.180656,5.915,1.059,4766.0,0.6296,0
33.4,2.429,0.148,9.9,8.427803,1.106,0.968,5750.0,0.9584,0
109.7,1.244,0.289,9.9,9.864657,0.132,0.107,2900.0,0.9469,0
3027.0,2.085,1.235,19.0,140.75116,1.666,1.47,6785.0,0.3885,0
54.8,3.253,0.564,27.8,15.547416,1.629,0.845,5412.0,0.8941,0
264.5,4.407,0.971,63.2,12.710965,1.0,1.0,5780.0,0.999,0
108.2,2.988,0.253,10.7,8.339693,0.749,0.727,4840.0,0.3891,0
100.8,2.601,0.344,10.4,9.10183,0.805,0.903,5426.0,0.1007,0
92.7,2.783,0.104,7.8,9.329948,0.918,0.994,6063.0,0.2614,0
60.5,3.67,0.013,14.3,11.496414,0.854,0.752,5568.0,0.046,0
26.9,3.337,0.483,13.3,11.098419,1.463,1.103,6088.0,0.8896,0
143.3,4.409,0.694,26.1,8.189543,7.762,3.253,8247.0,0.6302,0
509.2,2.4463,1.224,82.4,9.720036,3.07,1.639,6218.0,0.9972,0
86.2,0.8302,0.162,16.9,10.8925905,0.736,0.771,4982.0,0.9699,0
54.7,1.519,0.56,11.1,9.742727,1.311,0.972,6495.0,0.7566,0
141.9,3.079,0.127,9.7,8.013927,0.748,0.717,5289.0,0.9417,0
12.3,3.909,0.2,10.4,10.97827,1.353,1.202,6476.0,0.9191,0
111.0,1.728,0.415,10.4,9.700011,0.66,0.701,4856.0,0.5929,0
88.1,2.854,0.186,12.9,11.38409,1.834,1.162,6200.0,0.5941,0
122.7,8.491,0.952,11.6,9.683857,1.038,1.004,6058.0,0.8837,0
153.4,4.183,0.09,13.6,12.029421,0.777,0.871,5340.0,0.0847,0
247.5,4.5838,1.2,78.3,8.278829,1.053,0.864,6018.0,-1.0,0
86.4,1.397,0.176,13.0,10.303943,0.818,0.915,5561.0,0.9126,0
35.9,2.994,0.399,15.3,12.522235,1.263,1.15,6323.0,0.8935,0
59.2,2.808,0.812,11.5,10.998812,1.741,1.016,6148.0,0.0001,0
1321.4,2.886,1.252,19.6,19.476349,1.0,1.0,5780.0,0.0156,0
773.5,2.4875,1.222,92.4,9.244672,1.022,0.96,5755.0,0.9881,0
131.4,6.998,0.359,12.3,10.821349,0.694,0.789,5404.0,0.2875,0
539.2,1.1658,0.153,29.2,11.927238,0.693,0.681,4499.0,0.82,0
144.1,5.471,0.974,32.2,10.400198,0.358,0.364,3453.0,0.9525,0
75.0,8.331,0.617,14.7,9.935193,1.382,0.89,5771.0,0.2806,1
470.5,4.201,0.014,13.0,9.811624,0.754,0.702,5364.0,0.286,1
242.6,3.45,0.544,16.3,14.438917,0.826,0.926,5514.0,0.0114,0
74.9,2.469,0.447,18.0,12.516827,0.736,0.824,5383.0,0.9896,0
691.0,12.35,0.432,8.2,7.3005877,0.772,0.867,5218.0,0.4648,0
76.2,2.743,0.29,10.4,11.607047,0.881,0.822,5087.0,0.0,0
613.6,1.882,0.393,10.8,9.636493,1.0,1.0,5780.0,0.7867,0
68.4,0.6969,0.986,21.2,20.359848,1.173,0.85,6109.0,0.1921,0
352.8,3.279,0.148,11.4,9.889003,0.87,0.968,5730.0,0.9797,0
68.3,1.45,0.169,12.9,10.950456,0.979,0.915,5726.0,0.9654,1
102.7,2.833,0.204,13.2,10.810935,1.076,1.13,6249.0,0.1744,0
89.5,0.918,0.458,5.0,9.864814,0.959,1.045,5999.0,0.6765,0
238.1,0.652,0.439,7.6,9.391753,0.851,0.948,5713.0,0.7731,0
76.9,2.026,0.329,14.6,12.967635,0.914,0.781,5812.0,0.6125,0
50.2,2.396,0.025,21.6,22.75066,0.721,0.692,5051.0,-1.0,1
354.4,1.572,0.035,12.7,11.328061,0.864,0.961,5749.0,0.7208,1
223.7,1.201,0.015,11.6,12.649473,0.811,0.768,5071.0,0.1409,1
899.0,10.55,3.655,17.6,15.727349,1.276,1.334,6521.0,0.4678,0
125.8,7.023,1.142,28.5,11.382366,0.975,0.973,6056.0,0.4871,0
1023.4,22.99,0.938,27.0,13.719552,0.881,0.97,5968.0,0.3698,0
246.8,1.753,0.077,21.0,9.373571,0.624,0.614,4205.0,0.9345,0
67.8,11.6411,0.945,7.6,7.6200647,1.922,1.006,5109.0,0.6055,0
42.2,1.284,0.057,11.2,8.051929,1.589,0.898,5925.0,0.9998,0
341.7,6.842,0.954,16.2,11.619394,0.781,0.762,4762.0,0.6984,1
9936.0,9.0006,1.265,121.6,190.64745,0.853,0.889,5735.0,0.641,0
893.2,2.6,0.855,17.7,14.39127,0.638,0.624,4463.0,0.9034,1
36923.0,4.164,1.122,123.5,504.85516,0.666,0.653,4438.0,0.0173,0
292.3,5.466,0.053,18.4,16.881424,1.548,1.019,5570.0,0.8182,1
76.8,2.627,0.896,9.5,9.172276,1.196,1.119,6025.0,0.6176,1
180.8,1.336,0.039,10.6,8.235205,0.923,1.005,6072.0,0.7722,0
394.7,2.5404,0.321,4.2,7.4140954,1.0,1.0,5780.0,0.4613,0
326.6,2.0472,1.19,44.5,9.760975,0.777,0.71,5470.0,1.0,0
144.7,0.909,1.835,18.9,10.347239,1.043,0.933,5981.0,0.9365,0
132.1,1.525,0.148,6.7,8.309123,0.661,0.647,4544.0,0.0981,0
53.8,3.085,0.389,8.3,7.43796,1.006,1.074,6181.0,0.1515,0
118.1,2.8464,0.088,40.7,16.20387,4.928,1.443,4898.0,0.8725,0
465.5,2.703,0.82,11.3,10.754355,0.904,1.002,5763.0,0.5002,0
323.4,5.137,0.069,10.8,10.909596,0.904,1.002,5763.0,0.154,0
530.4,3.807,0.539,16.8,15.726012,0.874,0.943,5806.0,0.5109,0
659.2,4.313,0.75,20.3,16.218212,0.722,0.784,4987.0,0.0236,1
51.4,7.602,0.911,22.9,15.809989,1.788,1.127,6033.0,0.2312,1
313.6,0.753,0.28,13.4,8.082049,0.515,0.522,4607.0,0.9801,0
534.8,8.752,0.588,9.3,7.33337,1.038,1.1,6184.0,0.0618,0
110.6,3.618,0.272,17.9,14.449545,1.574,1.343,6615.0,0.0871,0
6608.7,5.7076,1.269,114.4,147.59172,0.794,0.883,5463.0,0.0,0
983.9,7.298,0.038,20.5,15.467764,0.819,0.919,5436.0,0.7666,1
358.1,5.198,0.035,13.1,11.736576,0.935,1.024,5973.0,0.3663,1
262.0,8.093,0.29,25.9,18.454851,0.928,0.773,5638.0,0.3361,1
24.1,3.755,0.751,29.1,19.896204,1.081,1.097,6620.0,0.5781,0
72.0,2.087,0.451,13.0,9.770187,0.886,0.989,5537.0,0.962,0
94.8,2.365,0.048,12.6,10.92875,0.891,0.974,6077.0,0.7317,0
29.2,2.014,0.673,15.2,13.972461,1.316,0.948,6033.0,0.1572,0
174.7,34.7564,0.993,137.3,16.721495,1.21,1.064,6017.0,0.3495,0
190.4,22.48,0.097,12.7,7.634995,2.38,0.825,5127.0,0.6146,0
51.3,12.319,0.489,13.5,9.878687,1.617,1.127,6195.0,0.8264,0
154.2,1.365,0.438,11.7,25.28146,0.962,0.977,5734.0,0.9287,1
36.3,4.865,0.399,9.8,8.201232,1.573,1.305,6206.0,0.0043,1
336.7,4.709,0.826,11.8,9.732154,1.548,1.019,5570.0,0.1198,1
87.2,4.696,0.116,15.9,11.237086,0.928,0.773,5638.0,0.6717,1
520.0,1.639,0.785,16.4,14.016273,1.954,0.959,4774.0,0.3747,1
43.6,1.78,1.009,13.6,10.444366,2.08,0.967,5951.0,0.9055,0
124.0,4.077,0.672,16.9,8.295463,0.938,1.028,5942.0,0.2415,0
414.1,0.9077,1.092,26.4,40.250225,0.842,0.778,5615.0,0.1338,0
15.2,4.22,0.556,15.7,8.988491,0.941,1.038,5798.0,0.3801,0
92.3,1.125,0.351,11.0,7.8171096,1.131,1.13,5861.0,0.0001,0
46.8,2.144,0.016,13.4,16.160461,1.239,1.135,6258.0,0.7565,1
436.6,5.307,0.789,8.9,30.597952,1.066,0.977,5731.0,0.4233,1
1266.8,22.482,1.246,75.0,24.313354,3.006,1.472,5896.0,0.1805,0
43.4,1.255,0.563,9.0,14.391156,1.433,0.964,5717.0,0.9796,0
4856.7,3.7591,0.958,71.0,752.5731,0.818,0.915,5561.0,0.3392,0
200.2,3.79,0.016,17.0,14.219389,0.921,1.003,6086.0,0.9427,1
205.2,1.169,0.44,17.4,8.076806,0.878,0.975,5799.0,0.9685,0
1531.2,5.2232,0.027,38.0,24.130754,0.74,0.828,5288.0,0.7305,1
172.8,2.255,1.144,26.0,10.553514,0.686,0.747,5345.0,0.9952,0
216.0,1.184,0.364,13.8,12.293265,0.653,0.646,4440.0,0.2938,0
71.3,3.582,0.749,15.5,12.513006,1.012,1.117,6063.0,0.2934,0
38.1,2.566,0.649,26.5,17.994131,2.477,1.352,6106.0,0.4752,0
159.1,1.958,0.681,9.6,7.7715592,1.038,1.1,6184.0,0.9009,0
70.7,3.099,0.667,19.7,15.9753275,1.869,1.138,6277.0,0.399,0
21.8,6.698,0.228,20.9,11.464872,2.804,1.976,7382.0,0.4899,0
89.1,2.441,0.82,19.7,21.36198,1.132,1.104,6353.0,0.2372,0
60.9,4.509,0.729,17.4,13.720245,1.303,1.009,6035.0,0.0117,1
871.0,3.542,0.502,9.9,13.710323,0.789,0.885,5383.0,0.1264,1
1175.1,6.534,1.28,20.5,18.536129,1.024,1.086,6208.0,0.9405,0
983.0,3.651,0.029,13.0,9.098771,0.383,0.394,3526.0,0.9458,1
10774.0,5.395,1.258,123.1,149.51245,1.046,1.102,6258.0,0.0,0
34356.0,6.6957,1.171,186.0,531.08655,0.829,0.928,5569.0,0.282,0
37.0,2.115,0.731,10.0,8.826652,1.225,1.068,6356.0,0.6484,0
118.7,1.459,0.008,16.1,14.5684395,0.932,0.976,6098.0,0.845,0
301.6,2.03,0.057,9.2,8.372781,1.077,1.062,6309.0,0.4538,0
23.6,5.73,0.691,7.6,8.147197,4.146,1.893,6700.0,0.4308,0
122.9,1.1688,0.119,28.7,41.325726,0.726,0.814,4872.0,0.9931,1
16.0,5.607,0.709,14.8,11.433507,2.106,1.987,8482.0,0.7145,0
56.7,3.533,0.656,40.3,11.755376,1.434,1.098,6210.0,0.2626,0
131.2,1.4932,0.69,37.5,8.488568,5.769,1.639,5261.0,0.8564,0
818.0,4.961,0.94,10.3,11.331908,1.057,1.03,6020.0,0.1768,1
100.7,1.368,0.213,6.6,7.193181,1.55,1.107,6253.0,0.5905,0
297.0,6.745,0.529,24.9,19.653181,1.496,1.072,5794.0,0.8802,1
251.0,5.619,0.012,29.4,24.592001,1.496,1.072,5794.0,0.3054,1
92.8,2.259,0.309,7.6,8.809391,0.838,0.917,5559.0,0.9734,0
158.4,2.257,0.085,10.2,8.877176,0.66,0.731,5300.0,0.9931,0
38.6,3.172,0.487,14.1,8.183369,1.04,1.014,5864.0,0.9308,0
32.3,4.491,0.514,24.6,18.915369,3.46,2.01,7919.0,0.5993,0
20.6,3.89,0.456,18.8,14.64569,0.998,0.979,5655.0,0.1561,0
536.9,5.744,0.433,27.1,21.087347,0.679,0.713,4550.0,0.2339,1
119.2,4.143,0.143,18.1,13.711848,1.496,1.072,5794.0,0.9672,1
16630.0,5.4674,1.199,265.2,914.6935,0.715,0.694,4946.0,0.0,0
73834.0,5.1942,1.069,1669.4,1690.7906,0.883,0.972,5955.0,0.5582,0
214.7,2.32,0.429,33.5,17.219824,1.143,1.195,5970.0,0.737,0
182.5,1.169,0.392,13.1,10.820939,0.806,0.763,5088.0,0.9791,0
80.6,5.232,1.106,10.6,8.5912485,1.065,1.048,6332.0,0.0353,0
113.2,0.871,0.427,10.6,8.88228,1.121,1.025,6143.0,0.508,0
43.6,3.052,0.297,10.0,8.488446,0.911,1.001,5941.0,0.3714,0
28.9,3.371,0.57,17.4,16.33675,1.049,1.022,6238.0,0.7432,0
61.9,2.746,0.248,13.9,12.187006,0.853,0.838,5528.0,0.3159,1
905.8,6.351,0.959,18.1,12.094103,0.559,0.587,4371.0,0.984,0
883.1,5.516,0.626,22.7,18.09785,1.295,0.945,5541.0,0.7669,1
17097.0,8.2789,1.194,110.8,201.59709,0.634,0.624,5204.0,0.8527,0
197.9,3.678,0.494,13.0,11.3997345,0.812,0.781,4915.0,0.9931,1
69911.0,10.9113,0.674,1820.5,2094.087,0.86,0.955,5799.0,0.0997,0
7647.4,5.9303,1.254,127.1,176.78581,0.784,0.873,5656.0,0.0,0
41.0,1.575,0.055,9.5,7.5872216,1.715,1.219,6406.0,0.7011,0
101.1,2.089,0.182,7.3,7.7108054,0.924,0.995,6026.0,0.1058,0
35.7,3.721,0.069,12.5,9.113226,1.086,1.127,6403.0,-1.0,0
295.5,3.002,0.026,18.7,15.709525,0.969,1.048,6075.0,0.7994,1
229.8,6.356,0.803,16.4,13.492519,1.155,1.237,6269.0,0.0146,1
57.9,0.596,0.328,12.7,8.648073,1.309,1.153,6462.0,0.9998,0
12568.0,6.4327,1.362,179.3,165.75145,0.897,0.992,5838.0,0.5984,0
105.2,2.071,0.137,18.0,15.057617,0.841,0.874,5471.0,0.9604,0
333.8,2.716,0.1,11.5,10.5991125,0.788,0.844,5008.0,0.2578,1
101.7,1.2399,0.176,15.3,7.936796,0.846,0.941,6123.0,0.9971,0
189.2,2.174,0.374,10.7,10.114161,0.873,0.972,5520.0,0.1302,1
67.5,1.785,0.393,8.0,7.2918854,0.888,0.836,5158.0,0.4381,0
42.4,3.287,0.242,12.5,8.984928,1.087,1.125,6445.0,0.9031,0
23.1,0.783,0.332,6.8,7.3705826,1.0,1.0,5780.0,0.8308,0
304.2,6.19,0.766,11.5,8.896265,0.696,0.775,4895.0,0.3022,0
622.2,5.125,0.94,17.0,14.125189,0.603,0.621,4406.0,0.6686,1
196.2,3.605,0.786,14.1,11.448122,1.076,1.169,6214.0,0.7954,1
577.6,1.724,1.205,16.2,13.620056,0.892,0.862,5592.0,0.2564,0
6287.9,3.8198,4.652,147.9,149.6703,1.055,0.867,6006.0,0.4097,0
582.5,3.5065,1.219,79.1,8.571441,1.098,1.126,6055.0,0.9673,0
59.7,2.3181,0.517,3.3,20.986528,1.0,1.0,5780.0,0.0229,0
70.4,2.457,0.183,11.1,8.805404,0.853,0.95,5699.0,0.0045,0
35.2,1.6053,0.214,31.1,16.076143,80.529,1.678,3715.0,0.815,0
327.7,5.14,0.23,12.2,9.905458,3.04,0.881,4927.0,0.7747,0
66.1,2.633,0.027,9.2,8.511584,1.145,0.976,5571.0,0.0854,0
1015.7,8.616,1.249,37.3,62.200512,0.747,0.827,5205.0,0.8744,0
523.8,1.78,0.83,12.6,11.059722,0.732,0.776,5549.0,0.7102,1
1660.7,4.661,0.897,49.3,51.554775,0.639,0.704,5216.0,0.0214,0
651.1,4.845,0.261,9.6,15.579355,0.878,0.975,5799.0,0.8296,1
112.1,5.891,0.786,11.8,10.650661,1.016,1.067,6354.0,0.0003,0
62.1,2.553,0.554,10.3,8.86209,1.187,0.986,5823.0,0.0732,0
502.1,5.869,0.248,13.1,12.923793,0.595,0.613,4401.0,0.7284,1
740.6,2.238,1.223,10.3,10.238926,0.747,0.835,5683.0,0.9976,0
28.4,3.87,0.182,8.2,7.412496,0.914,1.0,5896.0,0.8588,0
591.7,3.083,0.241,16.2,9.673146,13.777,1.928,4894.0,0.5421,0
361.1,3.664,0.378,10.0,9.2408285,0.98,0.972,5440.0,0.1625,0
239.6,1.7407,1.2,27.7,10.57951,0.894,0.884,5458.0,0.9999,0
47.8,4.386,0.654,33.3,10.916952,2.638,1.358,5858.0,0.92,0
4989.2,6.9676,1.263,155.6,192.70526,0.79,0.81,5306.0,0.621,0
2340.2,20.585,1.266,131.4,93.7909,1.046,1.152,5889.0,0.9355,0
160.6,5.227,0.403,18.2,14.554175,2.483,1.419,6049.0,0.1087,1
1138.6,5.033,0.026,17.5,23.183668,0.839,0.952,5497.0,0.182,0
901.4,9.298,0.772,12.7,9.156626,0.701,0.74,4721.0,0.4843,1
105.7,0.919,0.446,8.8,9.519009,0.722,0.71,4861.0,0.9931,0
296.9,8.605,0.273,12.2,10.347039,1.283,1.167,6084.0,0.8394,1
289.3,1.961,0.235,12.4,11.341888,1.007,1.111,6046.0,0.9733,1
232.9,5.476,0.625,19.3,11.197976,1.0,1.0,5780.0,0.7824,0
112.6,0.8928,0.089,19.9,8.107988,0.781,0.701,6150.0,0.8441,0
7.7,6.61,0.635,7.3,8.955095,2.485,2.1,8431.0,0.9861,0
762.3,14.175,0.911,54.3,32.46188,1.401,1.323,6352.0,0.2034,1
137.0,3.463,0.098,9.6,8.748134,0.707,0.684,4914.0,0.6107,0
152.5,9.12,0.636,11.1,7.494789,1.312,1.109,6131.0,0.1324,0
641.3,4.214,0.023,13.9,13.308066,0.96,1.047,5982.0,0.6208,1
723.2,4.003,0.028,13.6,10.610574,0.965,1.075,5936.0,0.2932,1
1132.9,3.787,0.022,17.8,14.733009,0.529,0.528,3899.0,0.6594,1
352.8,3.674,0.139,14.5,11.920323,0.524,0.554,3749.0,0.612,1
1001.6,3.826,0.085,15.3,13.70746,0.643,0.638,4266.0,0.9999,0
2127.0,4.495,0.016,14.8,7.3217716,8.811,0.805,4893.0,0.714,0
23.0,2.699,0.523,14.3,11.082045,1.03,1.03,6084.0,0.8433,0
86.5,3.741,0.044,11.1,9.872231,0.842,0.938,5693.0,0.6784,0
170.7,5.791,0.004,14.7,15.17209,0.728,0.695,5415.0,0.9965,0
310.8,3.844,0.945,11.3,9.948514,0.602,0.589,4257.0,0.2531,1
330.0,7.712,0.029,21.9,19.658266,0.881,0.97,5968.0,0.4541,1
859.3,5.342,0.873,25.7,24.939644,0.981,0.899,5641.0,0.5438,1
5622.7,16.637,0.002,91.1,144.07951,1.048,0.889,5609.0,0.0,0
1046.5,3.107,1.237,17.9,15.679331,0.827,0.767,5223.0,0.103,0
219270.0,7.9657,0.568,1766.7,7422.2627,0.844,0.856,5775.0,-1.0,0
87.8,2.614,1.046,15.2,10.306368,1.169,1.191,6499.0,1.0,0
366.5,4.112,0.612,7.9,7.907231,0.86,0.977,5591.0,0.4833,0
216.7,44.0504,0.984,56.4,10.1395855,2.02,1.228,6085.0,0.0,0
19.6,2.186,0.187,10.8,10.476792,1.73,1.021,6011.0,0.1523,0
1024.9,5.045,0.953,19.7,16.493217,1.615,1.216,6384.0,0.3185,0
4094.1,7.4672,0.919,136.5,977.96655,1.054,0.763,6161.0,0.3122,0
484.0,7.251,0.965,36.9,24.618546,1.121,1.071,6133.0,0.0163,0
5103.3,14.602,1.269,125.0,100.61897,1.035,1.083,6363.0,0.1674,0
2896.9,20.813,1.375,90.5,150.76508,0.904,1.005,5659.0,0.869,0
263.1,2.326,0.046,20.3,16.457384,0.988,1.05,6072.0,0.1393,0
145.4,4.198,0.142,14.2,11.416615,0.931,0.857,5906.0,0.7229,0
158.2,26.34,1.088,11.9,8.4071045,0.881,0.959,6139.0,0.8063,0
347.3,46.356,1.204,225.1,24.316656,3.746,2.385,8753.0,0.9927,0
390.9,90.01,1.185,85.7,7.3230476,3.598,1.462,5165.0,0.4748,0
143640.0,9.1151,22.28,768.9,1541.0045,1.148,0.968,5997.0,-1.0,0
1230.4,28.5357,0.945,89.9,21.91319,0.851,0.948,5713.0,0.3722,0
71.7,3.69,0.777,8.5,8.747018,0.849,0.925,6355.0,0.3214,1
458.9,23.9402,0.96,40.8,19.314213,0.893,1.01,5713.0,0.8363,0
460.9,14.992,1.208,27.1,26.186584,3.558,0.758,5367.0,0.9259,0
1840.5,8.1218,1.237,374.1,570.84406,0.991,0.848,5838.0,-1.0,0
348780.0,3.21373,0.558,608.9,5347.0596,1.616,1.026,5503.0,-1.0,0
102290.0,18.4332,0.625,1597.3,1391.742,0.647,0.632,5011.0,0.0,0
190900.0,4.4761,1.121,879.2,2976.9692,0.715,0.706,4478.0,-1.0,0
83326.0,4.7439,1.039,154.4,1948.7997,0.988,1.054,6233.0,-1.0,0
500.0,7.343,0.026,15.4,11.898367,1.069,1.161,6194.0,0.2235,1
146.8,4.725,0.153,15.1,7.322376,0.749,0.742,4796.0,0.161,0
81428.0,7.48907,0.195,301.4,3876.0752,0.787,0.832,5385.0,0.2806,0
418.2,4.472,0.956,12.6,17.11139,1.445,0.963,5312.0,0.2284,1
201.0,2.307,0.271,9.4,8.515262,0.797,0.893,5459.0,0.3641,0
207990.0,3.36626,0.775,950.0,2233.0818,0.863,0.959,5764.0,0.4596,0
322.2,4.359,0.207,13.6,11.282671,0.885,0.849,5659.0,0.1228,0
235.6,4.949,0.348,18.6,11.951437,0.753,0.723,5002.0,0.4597,1
132.2,6.326,0.896,14.9,12.399577,1.601,1.114,5849.0,0.7539,1
39413.0,3.163,1.151,32.5,464.89328,1.844,1.278,6878.0,0.7362,0
240900.0,7.5608,0.542,332.8,7997.279,0.941,0.97,5887.0,0.55,0
283.6,2.4599,0.805,12.7,18.159763,0.724,0.783,4914.0,0.8685,0
299050.0,32.1928,0.527,5357.7,44243.574,3.251,2.053,8275.0,0.6265,0
376770.0,5.21981,0.245,4322.4,20957.074,0.935,0.868,6133.0,-1.0,0
83115.0,7.46159,0.235,5219.5,15362.555,2.21,1.571,7059.0,0.4483,0
45362.0,12.7591,0.433,2426.9,940.81506,2.079,1.25,6429.0,0.3982,0
147140.0,4.1376,0.381,922.1,2126.426,0.895,0.967,6021.0,0.0533,0
98.6,2.833,0.508,9.4,8.45173,1.171,1.241,6418.0,0.5676,0
53782.0,9.7436,0.436,1331.0,1430.8284,1.1,0.995,5903.0,0.0,0
243410.0,4.82219,0.526,1539.9,2326.2273,1.127,0.928,6153.0,0.0118,0
95697.0,2.4494,0.455,319.1,2870.13,1.271,0.972,5914.0,0.6271,0
250.0,2.169,0.097,7.5,14.317958,0.805,0.776,4891.0,0.8668,1
455.3,5.858,0.407,17.7,11.109822,1.052,1.111,6215.0,0.9448,1
66168.0,7.463,0.194,751.5,753.2953,0.863,0.953,5931.0,0.0,0
103.8,4.554,0.031,17.1,13.034477,1.061,1.163,6065.0,0.2951,1
268.9,2.104,0.071,13.9,9.6464815,0.797,0.776,4748.0,0.8841,0
1242.8,1.0869,1.251,170.0,28.57795,1.134,1.174,6353.0,1.0,0
330.0,8.567,0.671,24.3,15.734998,1.138,1.169,6434.0,0.0985,1
507.1,6.032,0.044,12.2,11.127428,0.99,1.049,5819.0,0.094,1
150580.0,5.9556,0.86,2206.5,3024.5012,1.024,1.086,6208.0,0.3652,0
317000.0,40.5992,0.531,4594.8,7372.316,0.806,0.808,5662.0,-1.0,0
210770.0,6.11904,1.221,3583.1,9588.551,2.012,1.183,6395.0,0.0,0
59.9,2.545,0.675,10.1,9.113384,1.01,0.993,5878.0,0.5582,0
440150.0,19.9438,0.461,1161.1,15926.939,1.138,1.027,6461.0,-1.0,0
416740.0,20.0614,0.486,1866.7,10382.682,0.857,0.778,5583.0,-1.0,0
357830.0,6.19136,0.558,2427.5,15561.399,2.225,1.266,6461.0,0.0,0
363130.0,5.54241,0.549,6788.8,6199.928,1.301,1.304,6401.0,-1.0,0
380200.0,7.4782,0.524,551.3,1397.698,0.796,0.893,5334.0,-1.0,0
113530.0,2.48633,0.69,559.2,1623.0415,0.78,0.742,5069.0,0.9372,0
134090.0,7.9331,0.471,1033.2,3504.847,1.166,1.166,6462.0,-1.0,0
105950.0,2.96723,1.747,997.8,2761.372,1.094,0.97,6384.0,-1.0,0
190.2,1.5045,0.334,46.6,32.086765,1.207,0.932,5539.0,0.9533,1
35830.0,8.3559,1.17,846.1,918.84827,1.02,0.853,5940.0,0.0108,0
16.2,1.561,0.382,7.6,8.025462,1.116,1.001,6143.0,0.8407,0
97.9,4.372,0.143,13.3,11.572553,1.668,1.296,6144.0,0.2781,1
762.0,4.807,0.361,12.1,14.08191,0.924,0.967,5889.0,0.4893,1
894.5,7.496,0.049,20.0,17.21297,0.702,0.783,5340.0,0.4084,1
11.3,3.028,0.817,11.8,8.886386,2.968,1.969,7612.0,0.9606,0
737.0,15.404,0.859,22.3,16.528004,1.425,0.997,5602.0,0.9578,1
345940.0,7.14981,0.58,3766.3,4448.3086,2.182,0.905,4916.0,-1.0,0
73.4,1.734,0.417,9.0,7.950458,0.811,0.788,4776.0,0.9572,0
142.7,6.25,0.976,18.8,15.124316,1.775,1.182,6426.0,0.1825,1
70292.0,9.88863,0.418,4257.4,2746.6414,2.777,2.148,9414.0,0.101,0
164740.0,10.4168,0.718,7056.8,4857.7856,1.141,0.852,6038.0,0.0032,0
410270.0,18.9869,0.492,1113.2,6016.8013,1.023,0.99,5713.0,-1.0,0
181790.0,8.3777,1.777,1178.0,8773.91,0.976,0.979,6074.0,0.5291,0
217070.0,7.1351,0.459,2270.6,5826.99,0.897,0.805,5324.0,-1.0,0
65936.0,6.2625,0.486,2048.7,4905.8604,1.935,1.179,6313.0,0.5268,0
45754.0,5.86461,1.135,961.4,1105.5472,0.696,0.668,5126.0,0.2856,0
85407.0,4.41739,1.261,1548.2,3068.0718,1.246,1.218,6584.0,0.0,0
319080.0,3.0518,0.618,932.1,9024.938,2.55,1.015,5242.0,-1.0,0
40206.0,4.37001,1.047,733.5,1007.85223,0.993,0.997,6105.0,0.0,0
472.1,6.896,0.929,17.3,14.594358,0.984,1.047,6283.0,0.7585,1
254.6,3.879,0.663,18.8,16.00222,0.98,1.006,5774.0,0.1776,0
188.5,6.149,1.155,16.2,14.66577,0.909,0.795,5455.0,0.501,0
672.2,5.218,0.026,14.4,14.600046,0.818,0.868,5513.0,0.7729,1
424.5,3.129,0.576,12.4,11.281433,1.046,1.143,6142.0,0.2892,0
37430.0,5.25005,1.158,990.3,830.7088,0.807,0.74,5344.0,0.3067,0
158.6,8.872,0.716,15.6,12.304457,0.811,0.898,5811.0,0.9842,0
255710.0,16.8109,0.703,1638.0,1980.3479,0.851,0.948,5713.0,0.0023,0
229160.0,5.16249,0.728,2314.5,3952.4019,0.774,0.865,5654.0,0.0,0
66402.0,13.6363,1.091,4958.6,3143.7156,2.185,0.999,6061.0,0.202,0
323610.0,6.33708,0.612,1804.1,4634.1714,0.824,0.777,5075.0,-1.0,0
489000.0,6.40303,0.395,1246.3,7982.978,0.905,1.021,5754.0,-1.0,0
2208.6,1.5586,1.251,137.7,23.79851,0.757,0.841,5239.0,0.9342,0
150930.0,8.81169,0.882,2424.0,4710.9443,0.904,0.98,5973.0,0.8633,0
172400.0,6.57901,0.843,1467.6,4274.583,1.94,1.07,5949.0,0.0,0
31353.0,2.8592,1.189,259.4,2023.0347,0.823,0.841,5731.0,0.005,0
145290.0,3.94077,0.707,842.1,1660.1578,1.005,0.972,6137.0,0.9083,0
933.0,2.35,0.019,6.4,8.947078,180.013,3.735,3486.0,0.704,0
256440.0,4.59379,0.692,1018.8,1510.6034,0.851,0.897,5349.0,0.0008,0
79.2,2.4592,0.006,22.4,21.7057,1.149,1.226,6243.0,0.7701,1
143.2,6.191,0.748,28.3,22.333456,1.092,1.059,6047.0,0.2512,1
79684.0,4.48223,1.336,1012.2,1085.162,1.112,0.937,5786.0,0.253,0
67161.0,4.47294,1.087,1008.1,1830.6681,1.049,0.999,6123.0,0.0955,0
224.9,2.068,0.012,8.7,8.448912,0.726,0.744,5374.0,0.17,0
433820.0,3.63893,0.454,1256.8,8837.927,0.845,0.933,5931.0,-1.0,0
233450.0,8.03365,0.743,3506.5,5248.3135,1.072,1.12,6335.0,0.0,0
128.9,4.216,0.852,17.8,11.603067,0.833,0.902,5627.0,0.8404,1
119.4,1.5132,0.086,6.0,7.158429,0.831,0.777,5213.0,0.5913,0
3104.0,4.1553,1.267,81.6,92.45162,3.289,1.521,6552.0,0.1278,0
98.0,5.252,0.983,16.6,12.489515,1.775,1.182,6426.0,0.9457,1
328540.0,16.1025,0.598,765.3,2969.994,0.946,0.966,5904.0,-1.0,0
151820.0,26.8612,0.857,2163.4,3395.6633,0.989,1.056,6217.0,0.2356,0
74.6,1.2536,0.056,17.3,12.59456,1.633,0.888,5277.0,0.9891,0
354380.0,7.26916,0.559,1349.8,3602.28,0.704,0.785,5303.0,-1.0,0
362900.0,4.71655,0.547,1210.8,8608.961,1.821,0.774,5702.0,-1.0,0
216060.0,5.17212,0.398,1419.0,1979.4828,1.345,1.097,6781.0,0.0877,0
24852.0,6.4774,1.209,625.1,4399.1655,0.786,0.88,5546.0,0.7816,0
54592.0,3.57049,1.131,879.0,1033.9763,0.756,0.687,5772.0,0.0019,0
221.7,3.471,0.088,20.0,19.099873,0.721,0.774,4955.0,0.7901,1
223620.0,2.9527,1.566,249.5,738.8554,0.483,0.504,3695.0,0.0,0
1312.3,21.569,1.259,63.7,42.05814,1.078,0.918,5753.0,0.4132,0
53726.0,4.04427,1.161,1003.7,1346.1093,0.78,0.73,5222.0,0.9057,0
23.9,2.1,0.647,9.2,8.892041,2.184,2.272,9464.0,0.8715,0
107140.0,5.51863,0.159,1219.4,1914.6945,0.965,1.075,5936.0,0.2418,0
210.9,6.684,0.044,11.8,10.012854,1.001,1.079,6063.0,0.0618,1
261.7,4.337,0.943,12.6,11.174874,0.863,0.953,5931.0,0.9064,1
70.9,3.281,0.036,9.9,9.985249,1.987,1.475,6573.0,0.9303,0
487.4,4.795,0.936,11.2,9.503792,0.715,0.723,4808.0,0.9714,0
113340.0,12.2259,0.995,2016.1,2722.2307,1.084,0.969,6002.0,0.0,0
158640.0,3.37701,0.869,796.5,13049.263,0.757,0.704,5353.0,-1.0,0
445610.0,14.3447,0.395,1952.3,3772.7717,0.673,0.651,5067.0,-1.0,0
61.2,2.458,0.449,11.5,8.017105,0.966,1.043,6106.0,0.6663,0
153930.0,21.9232,0.888,1386.8,1935.9791,0.989,1.056,6109.0,0.0,0
23417.0,3.62939,0.767,699.9,1192.1765,0.991,1.06,6185.0,0.8109,0
20084.0,3.9954,1.225,389.8,599.1376,0.991,1.06,6185.0,0.8064,0
101270.0,3.4594,1.001,362.1,2233.577,1.303,1.087,6408.0,-1.0,0
277.6,1.267,0.975,14.7,13.494022,1.305,0.993,5857.0,0.9453,1
432.5,7.962,0.018,15.1,12.118849,1.282,1.028,5751.0,0.1088,1
1778.8,8.39,0.676,36.7,30.88894,0.977,0.856,5301.0,0.7547,1
73.2,1.701,0.008,10.2,7.6857986,0.903,0.981,5730.0,0.802,0
643.5,3.549,1.211,37.5,27.56991,3.456,1.443,5220.0,0.9365,0
94.4,3.171,0.135,14.6,10.279693,0.853,0.971,5428.0,0.4555,1
146.6,0.887,0.082,9.8,8.425233,1.1,1.188,6268.0,0.994,0
268720.0,6.62584,0.207,1725.6,4499.233,0.922,0.988,5831.0,-1.0,0
96654.0,8.60447,0.356,3162.0,2353.8933,1.708,1.152,6235.0,0.0,0
541.2,3.0287,2.623,67.1,33.81817,0.942,1.054,5869.0,0.9426,0
198400.0,3.31903,0.708,2060.3,8185.3516,1.088,0.92,6015.0,0.9796,0
333800.0,20.5357,0.596,2000.2,6095.637,1.44,1.234,6517.0,-1.0,0
42.5,3.252,0.497,13.7,10.337952,1.007,1.111,6046.0,0.9721,0
555380.0,4.0639,0.29,445.7,6682.481,3.579,1.53,5062.0,-1.0,0
401890.0,2.97608,0.488,1160.6,15114.678,0.576,0.566,4556.0,-1.0,0
52880.0,3.22884,1.11,661.4,2040.3453,0.714,0.792,5414.0,-1.0,0
113700.0,2.5258,0.001,296.8,2288.0679,1.837,0.94,4927.0,0.7505,0
11360.0,3.773,1.254,272.6,1195.9324,1.215,0.838,5699.0,0.0,0
33.0,1.0613,0.578,1.5,10.583577,1.363,0.881,6092.0,0.9999,0
252640.0,2.57621,0.691,1361.5,10405.198,0.534,0.556,4748.0,0.0001,0
234580.0,4.92134,0.731,858.8,7331.0435,2.451,2.05,8285.0,-1.0,0
166.8,4.881,0.112,16.3,13.295371,3.955,1.801,5745.0,0.7679,1
417.4,8.219,0.043,25.0,15.342841,3.955,1.801,5745.0,0.5701,1
70.8,2.794,0.185,12.3,10.599495,0.808,0.807,5427.0,0.0219,0
21653.0,4.115,1.199,23.9,563.86554,0.661,0.65,4352.0,0.9559,0
32990.0,11.1677,1.979,1112.0,5193.9497,1.066,1.07,6220.0,0.2797,0
115.9,9.678,0.922,13.5,11.643734,2.437,1.338,5668.0,0.3198,1
52.1,9.557,0.8,9.8,7.5423293,0.927,1.011,6046.0,0.3541,0
1286.6,5.348,0.951,66.0,46.58143,0.72,0.822,4920.0,0.0968,1
173360.0,2.6422,0.544,397.1,5723.9014,0.591,0.587,4206.0,0.1063,0
225770.0,12.0525,0.761,1836.8,3444.8755,0.734,0.756,5207.0,0.0,0
144640.0,4.36126,0.191,970.9,5171.72,1.079,1.091,6519.0,-1.0,0
40.4,3.164,0.515,12.0,9.187053,0.805,0.902,5398.0,0.0611,0
411370.0,17.5623,0.49,884.9,2607.3408,0.806,0.903,5553.0,-1.0,0
457840.0,2.94091,0.424,619.8,13139.942,0.672,0.657,4694.0,0.0,0
142950.0,8.52961,0.896,1887.7,2771.4924,0.725,0.686,5232.0,0.1221,0
5025.4,2.2163,1.269,245.2,728.43475,2.852,1.505,6137.0,0.0001,0
121990.0,2.1344,1.014,140.0,2383.76,0.711,0.712,4387.0,0.0,0
178.3,2.372,0.251,7.0,7.848803,0.818,0.907,5774.0,0.2785,0
25884.0,3.6373,1.236,419.0,2581.0017,1.893,1.621,7564.0,0.0,0
403730.0,4.61686,0.421,1905.1,6172.312,1.16,1.046,6389.0,-1.0,0
224230.0,4.088,0.864,434.9,998.9513,0.896,0.91,5876.0,0.8569,0
2012.1,37.217,0.47,173.7,17.110765,0.555,0.572,5192.0,0.5088,0
34.5,4.415,0.119,13.3,8.804077,2.409,1.283,5766.0,0.203,0
314.8,2.066,1.127,16.8,12.93635,0.42,0.45,3638.0,0.383,1
111620.0,6.48255,0.133,1701.1,2339.201,1.0,1.066,5811.0,0.9502,0
199.1,10.757,0.6,29.4,20.434702,1.524,1.003,5710.0,0.9304,1
302.0,6.514,0.232,14.3,12.159048,1.158,1.024,5806.0,0.0199,1
7062.8,8.9387,1.01,205.4,408.99457,2.191,0.93,4847.0,0.9865,0
203.7,8.202,0.102,15.3,12.531937,1.294,1.109,5881.0,0.7982,1
2094.8,8.638,0.026,62.1,44.26747,0.8,0.825,5180.0,0.0471,1
208360.0,8.0429,3.454,978.2,5661.377,1.895,1.056,5622.0,-1.0,0
242400.0,5.01216,0.72,1649.5,3078.5808,0.666,0.721,5516.0,0.0,0
253380.0,6.05443,0.708,1500.7,2223.4897,0.83,0.803,5780.0,-1.0,0
62705.0,23.0078,0.234,3433.7,2281.4678,2.58,0.887,5022.0,0.0001,0
176340.0,16.5339,0.248,2084.3,2123.3396,0.895,0.931,5753.0,0.0001,0
128580.0,3.60125,0.761,2279.1,3152.2512,0.653,0.641,4523.0,0.0007,0
438.0,5.662,0.019,14.7,12.085419,1.092,1.18,6246.0,0.6267,1
58703.0,9.745,0.681,1421.7,1553.7749,0.876,0.97,5830.0,0.0,0
145.3,4.427,0.675,16.4,9.958855,1.101,0.929,5931.0,0.0842,1
88.1,4.472,0.905,10.1,12.1275425,2.599,1.714,6900.0,0.984,1
57.7,6.329,0.595,16.4,12.567676,1.524,1.003,5710.0,0.7006,1
92.1,0.7275,0.137,4.8,7.7490234,0.785,0.865,5862.0,0.2419,0
371.1,7.048,0.195,13.0,11.753131,0.957,0.977,5626.0,0.3457,1
955.2,6.432,0.943,17.8,13.0419855,0.741,0.808,5595.0,0.4802,1
601.2,6.23,0.966,51.3,32.28799,2.196,0.831,5125.0,0.0271,0
95884.0,8.50818,1.004,1221.2,7395.937,1.0,0.903,5559.0,-1.0,0
122.2,5.675,1.139,13.4,11.119324,1.213,1.028,5806.0,0.9817,0
122370.0,20.8729,0.487,3625.5,2783.8623,0.729,0.747,5365.0,0.0031,0
56799.0,10.9312,1.029,2804.3,2228.4626,1.316,1.064,6370.0,0.3365,0
192690.0,5.08666,0.795,1870.0,3094.552,0.795,0.905,5297.0,0.0,0
387900.0,5.85519,0.518,2624.0,23665.348,1.29,1.257,6327.0,0.0,0
110920.0,4.0116,15.329,446.1,4482.8667,1.039,1.116,6022.0,0.0,0
1175.0,1.4346,0.951,28.5,44.417595,0.572,0.575,4402.0,0.6242,1
370550.0,7.5945,0.486,672.7,3654.8508,2.058,0.925,5408.0,-1.0,0
1685.8,3.7889,1.274,102.9,203.52951,1.157,1.136,6553.0,0.7568,0
1456.9,5.0403,0.924,100.4,415.9402,1.157,1.136,6553.0,0.9016,0
231.3,7.043,0.167,14.6,12.6143675,1.389,0.991,5626.0,0.0339,1
338.3,3.174,0.763,18.2,17.22608,1.802,0.955,4807.0,0.6646,1
130460.0,7.07603,0.929,2070.3,2892.7864,1.031,1.088,6241.0,0.0843,0
179.2,5.467,0.802,13.3,11.514287,1.285,1.018,5726.0,0.8265,1
655.7,10.393,0.01,17.0,13.789443,1.634,1.271,6085.0,0.5902,1
250030.0,5.02374,0.732,2158.5,11467.141,1.19,1.211,6592.0,-1.0,0
72792.0,17.8951,0.944,3573.1,2230.059,1.062,1.058,6309.0,0.0594,0
192900.0,8.2904,0.845,1184.8,2436.5774,0.673,0.744,5294.0,0.0019,0
225590.0,3.3727,0.507,421.6,5320.655,0.708,0.7,4868.0,0.0,0
169660.0,5.9626,1.107,1471.6,6294.272,0.953,1.071,5639.0,0.0,0
218070.0,8.73607,0.294,2441.7,4309.3545,1.134,1.128,6444.0,0.0,0
241.6,3.695,0.066,9.4,8.682215,0.973,1.044,5881.0,0.3544,0
242410.0,31.8273,0.523,1374.0,3843.2417,2.463,1.769,7426.0,0.0813,0
205990.0,18.3609,0.336,2261.9,3030.4233,0.962,1.036,6153.0,-1.0,0
267.6,3.409,0.118,14.5,11.719749,1.166,0.934,5533.0,0.0335,1
67898.0,1.96698,0.949,541.3,734.839,0.534,0.555,3900.0,-1.0,0
96.9,5.068,0.96,7.4,11.037565,1.382,1.011,5831.0,0.7176,1
738.6,10.304,0.901,20.8,12.420644,1.008,1.014,5915.0,0.8623,1
767.8,13.31,0.965,18.9,15.209522,1.057,0.911,5922.0,0.1785,1
410.3,29.1701,0.973,63.7,18.938568,0.971,1.057,5952.0,0.6069,0
81096.0,3.26371,1.026,296.0,2204.884,0.747,0.832,5777.0,0.0,0
43252.0,19.7301,0.099,3571.6,2006.473,2.343,1.371,6523.0,0.3708,0
57.4,2.824,0.583,12.9,9.619701,0.815,0.914,5481.0,0.9623,0
178.1,8.479,1.225,15.9,13.239297,1.449,1.043,6200.0,0.9997,0
398640.0,6.7631,0.507,359.7,2809.2122,1.103,1.165,6137.0,-1.0,0
34086.0,2.76441,0.802,1109.2,2156.087,0.73,0.729,4842.0,0.1629,0
176740.0,4.25512,0.845,1833.7,8903.347,0.941,0.76,6413.0,0.0,0
423280.0,4.80188,0.465,1909.2,9728.602,1.279,1.055,6516.0,-1.0,0
1157.2,23.27,0.909,22.8,10.60594,0.894,0.951,5800.0,0.1434,0
586.7,1.622,0.751,20.2,29.473917,0.572,0.575,4402.0,0.2097,1
58858.0,2.4032,13.376,159.3,1855.2726,1.119,0.839,6124.0,0.0731,0
209.6,2.252,0.32,16.0,12.672195,1.166,0.934,5533.0,0.2152,1
180.4,6.53,0.562,11.6,10.370681,1.106,1.148,6370.0,0.5743,1
117.0,4.857,0.977,21.5,17.863062,1.04,1.0,5929.0,0.4231,1
354.4,2.446,0.382,15.7,13.867703,0.788,0.882,5530.0,0.4505,1
406.8,4.388,0.25,16.2,12.819838,1.099,0.938,5566.0,0.642,1
75468.0,3.5939,1.309,656.5,3454.9365,1.994,1.222,6379.0,0.0,0
1040.7,10.28,0.956,18.1,15.090573,1.005,0.875,5792.0,0.6488,1
49.4,7.998,0.503,56.6,18.785212,1.073,1.026,5611.0,0.1756,0
2177.6,11.919,0.899,169.5,2966.3462,1.467,1.35,6860.0,0.0104,0
100.9,3.188,0.709,13.6,12.06953,1.392,1.183,5915.0,0.869,0
345.5,7.259,0.266,15.4,12.313621,1.092,1.057,5856.0,0.3724,1
51325.0,3.6873,1.295,163.6,1590.8586,1.216,1.091,6411.0,0.9873,0
39943.0,9.9776,1.149,464.2,1705.5354,0.868,0.874,5420.0,0.6451,0
265410.0,5.58652,2.79,1731.4,2969.3948,1.041,1.104,6173.0,-1.0,0
42.7,4.575,0.559,10.8,8.707376,1.249,1.07,6398.0,0.3063,0
325450.0,8.3476,0.603,305.2,2263.9436,1.557,1.032,6049.0,0.0001,0
49269.0,15.3564,0.886,1759.1,1568.6637,0.776,0.718,5341.0,0.0,0
546.4,8.664,0.015,20.8,14.928787,0.954,1.022,6247.0,0.8359,1
71432.0,7.19844,12.223,1268.8,3503.7432,0.941,0.841,5783.0,0.801,0
96586.0,12.1317,0.995,1246.3,1495.8511,0.79,0.848,5359.0,0.0619,0
443.1,4.514,0.718,8.5,7.565425,1.953,1.135,6054.0,0.9989,0
273.7,2.577,0.074,15.1,12.548059,1.02,1.005,5893.0,0.1145,1
576.3,2.134,0.122,12.3,18.625946,1.161,1.239,6277.0,0.2976,1
134140.0,7.20617,0.915,1524.8,4531.588,0.708,0.769,5431.0,-1.0,0
124.4,6.49,0.193,22.9,16.491846,2.0,1.251,6120.0,0.2456,1
49.7,3.762,0.001,17.4,13.838663,2.0,1.251,6120.0,0.4541,1
161.2,8.432,0.355,15.5,13.55673,1.685,1.333,6602.0,0.7332,1
216.3,4.79,0.522,7.0,9.025216,4.763,1.811,6190.0,0.5369,0
345.7,2.1521,0.925,26.8,19.605627,0.344,0.346,3419.0,0.9164,1
290.4,6.401,1.182,26.1,28.471138,2.227,1.259,5611.0,0.9187,0
58381.0,5.28476,0.871,1241.0,1395.5817,1.669,0.932,5102.0,0.0126,0
204150.0,5.65214,0.79,1526.2,6040.3384,1.548,1.408,6386.0,-1.0,0
142500.0,9.72673,0.88,1411.3,1587.215,0.708,0.673,5359.0,0.8697,0
419210.0,5.0746,0.471,469.5,2751.434,0.743,0.721,4856.0,-1.0,0
142.7,1.8846,0.681,24.5,28.915668,0.834,0.948,5201.0,0.5023,1
196110.0,7.66397,0.78,1179.7,1799.2993,0.737,0.729,4412.0,0.0,0
250.0,3.499,0.96,16.1,14.371882,0.803,0.755,5149.0,0.8452,1
259.7,6.141,0.092,13.8,12.720123,0.835,0.933,6083.0,0.1543,1
52110.0,5.6184,1.473,1238.8,1409.5593,0.901,0.918,5835.0,0.0318,0
186980.0,6.24701,0.81,1274.3,3046.483,0.861,0.95,5945.0,0.0498,0
235.4,7.71,0.083,13.9,13.318464,1.395,1.054,5821.0,0.9277,1
266.8,4.234,0.071,14.4,7.1115317,3.224,1.051,5123.0,0.0779,0
295.7,4.235,0.025,18.5,14.513961,1.145,0.95,5596.0,0.3372,1
131.4,6.79,0.33,9.4,16.704443,0.729,0.819,5940.0,0.6256,0
126.4,5.3181,0.761,47.8,30.458616,1.073,1.026,5611.0,0.9802,1
233.1,13.309,0.127,33.9,22.613316,2.481,1.408,6056.0,0.1413,1
46455.0,6.68665,1.155,1081.7,1570.8746,2.017,1.665,7591.0,0.0179,0
71479.0,3.47103,1.099,1320.5,2061.6868,0.922,0.987,5749.0,0.1606,0
94342.0,3.44204,0.989,728.8,2650.4487,0.892,0.818,5891.0,0.6096,0
210.6,23.71,0.418,15.3,7.8686557,1.759,0.964,6077.0,0.1104,0
15647.0,3.7369,1.238,287.6,1405.5465,1.043,0.839,5778.0,0.9613,0
124500.0,2.40749,0.898,444.7,5147.8896,8.747,1.522,4884.0,-1.0,0
65496.0,19.5818,0.736,1018.4,1155.9072,0.774,0.816,5263.0,0.0034,0
580.4,7.776,0.332,19.8,16.05288,0.96,1.047,5982.0,0.2335,1
284.2,9.554,0.428,12.7,8.936985,1.141,1.095,6217.0,0.8323,0
130570.0,17.9728,0.92,236.2,2849.2102,0.787,0.874,5913.0,0.0,0
328.9,2.4212,0.112,29.0,23.430363,0.932,1.019,6003.0,0.2915,1
388.0,12.205,0.261,12.7,10.015179,1.08,0.964,6127.0,0.5695,1
525.1,6.947,0.971,14.0,10.050466,1.923,1.562,7196.0,0.0293,0
274.5,7.999,0.186,15.1,13.686489,1.453,0.932,5332.0,0.4305,1
1211.9,6.3064,1.217,81.1,73.392555,2.664,1.265,5092.0,0.9893,0
14259.0,1.41864,1.243,374.5,343.63428,1.084,0.869,5758.0,0.9946,0
218.9,4.169,0.015,26.9,14.754033,2.471,2.294,9174.0,0.5357,0
120.7,0.86,0.331,9.4,7.3205924,0.733,0.706,5575.0,0.7849,0
97653.0,4.8783,0.987,587.9,2868.123,1.276,0.911,5510.0,-1.0,0
2911.5,23.626,0.869,94.7,82.23204,0.811,0.91,5985.0,0.723,0
867.2,1.7704,0.111,36.6,31.945244,0.653,0.639,4518.0,0.242,1
942.8,4.77,1.227,12.9,11.563074,1.049,1.107,6228.0,0.9944,1
316.4,2.3135,1.186,33.4,30.03405,1.053,1.094,6444.0,0.764,0
25450.0,5.355,6.282,56.3,46.517216,1.0,1.0,5780.0,0.787,0
195.4,6.596,0.025,14.4,17.739975,0.896,0.825,5646.0,0.6692,0
2829.7,2.4345,1.33,160.6,396.29745,1.406,0.991,6184.0,0.0,0
47.8,2.9122,0.942,24.1,17.542873,1.369,1.247,6297.0,0.9,1
3159.6,5.257,1.268,286.7,503.56778,2.318,1.258,5758.0,0.3956,0
44612.0,5.6803,0.63,221.1,3001.4485,1.029,1.031,5761.0,-1.0,0
12668.0,2.6395,0.873,79.8,480.2866,9.278,1.808,4839.0,0.9161,0
67.9,5.02,0.007,13.9,12.769484,1.402,1.259,6388.0,0.9443,1
60135.0,2.7904,1.138,190.7,215.86069,1.0,1.0,5780.0,0.3095,0
15498.0,1.6271,1.231,31.8,35.2648,0.591,0.589,4970.0,0.7176,0
46552.0,4.7617,10.337,84.3,193.36987,1.0,1.0,5780.0,0.3508,0
83918.0,7.102,1.025,374.6,603.6497,1.0,1.0,5780.0,0.7339,0
40380.0,2.9516,1.215,100.5,110.34857,0.624,0.689,5188.0,-1.0,0
585600.0,3.5028,0.444,229.6,1253.3416,1.705,1.43,7174.0,-1.0,0
1572.9,1.8827,1.263,73.4,59.187557,0.766,0.857,5465.0,0.964,0
96384.0,3.1427,0.988,251.6,803.92737,0.972,1.053,6046.0,-1.0,0
577.4,3.3613,0.431,27.5,21.18267,0.971,0.895,5688.0,0.0397,1
12457.0,6.606,1.229,311.7,620.25037,0.657,0.644,4651.0,0.0001,0
167720.0,4.25304,0.839,716.6,829.69495,1.0,1.0,5780.0,-1.0,0
1102.9,16.949,1.201,26.5,20.785936,1.108,1.151,6355.0,0.7739,0
1183.0,13.775,0.791,32.4,26.539745,1.759,1.283,6092.0,0.6631,1
185.2,3.785,0.54,35.4,29.1052,1.051,0.871,5418.0,0.1885,0
1680.1,9.835,1.258,100.5,41.06985,0.986,1.093,5993.0,0.9994,0
118810.0,4.19829,0.941,483.9,829.4651,0.855,0.964,5553.0,0.2737,0
226850.0,3.6845,0.739,268.7,577.5288,0.644,0.696,5051.0,0.008,0
96593.0,6.0751,0.477,316.1,1054.6343,1.0,1.0,5780.0,0.313,0
45134.0,4.5181,1.149,320.6,406.4278,0.819,0.922,6021.0,0.0121,0
177510.0,2.3321,0.894,197.6,418.7972,0.812,0.741,5378.0,0.6546,0
443400.0,5.0701,0.444,314.9,812.7111,1.0,1.0,5780.0,-1.0,0
7765.3,8.0122,1.275,445.8,905.6847,0.825,0.779,5440.0,0.0,0
15847.0,5.2005,1.246,273.5,1762.9677,0.876,0.794,5884.0,-1.0,0
50253.0,3.5903,1.128,353.0,2156.5364,1.281,1.055,6211.0,0.018,0
265.3,2.8059,0.017,23.9,18.971493,1.116,0.924,5509.0,0.844,1
557740.0,13.0719,0.126,829.1,3708.9365,1.776,1.021,5641.0,-1.0,0
1688.1,25.08,1.262,132.5,98.99085,0.85,0.944,5641.0,0.964,0
1161.5,8.9793,1.249,107.8,67.17444,0.892,1.004,5697.0,0.5594,0
347.9,5.449,1.182,17.9,14.532708,1.054,1.06,6212.0,0.7307,0
607.0,3.194,1.218,70.0,21.38519,0.566,0.552,4304.0,0.7848,0
738.0,3.4382,1.187,63.9,28.488192,1.107,1.2,6167.0,0.5412,0
624.3,1.2246,0.968,23.1,33.57907,1.767,1.145,6507.0,0.1034,0
938.0,2.488,0.442,8.8,8.581076,9.529,1.563,4895.0,0.091,0
63521.0,5.3367,1.134,510.8,555.56177,1.165,1.152,6441.0,0.0279,0
196.5,3.536,0.985,22.0,14.993833,1.369,1.247,6297.0,0.1992,1
7590.4,10.8771,0.284,526.1,288.8604,1.044,0.818,5650.0,0.6479,1
360180.0,3.22222,0.529,483.9,1041.8031,1.0,1.0,5780.0,-1.0,0
12990.0,6.7645,0.12,380.9,336.2867,1.017,0.941,5705.0,0.5417,1
9148.7,21.306,0.004,1244.4,326.3096,1.167,1.21,6259.0,0.72,1
1849.5,5.6316,0.933,159.3,240.55913,1.068,0.864,5977.0,-1.0,0
340460.0,1.9874,0.633,534.0,2833.3157,0.591,0.584,4768.0,1.0,0
163380.0,1.4283,0.785,169.4,247.74356,1.0,1.0,5780.0,0.8877,0
65280.0,3.1396,1.074,380.6,389.50278,0.764,0.755,4848.0,0.8428,0
6472.7,7.1964,0.267,94.5,246.1576,1.685,1.242,6318.0,0.2787,0
129160.0,2.9759,0.293,178.5,689.0536,0.752,0.841,5666.0,-1.0,0
284380.0,3.47133,0.634,1490.3,1226.3086,1.0,1.0,5780.0,-1.0,0
3122.5,8.367,0.985,50.7,64.5447,0.849,0.94,5858.0,0.1136,0
1022.0,3.7271,1.184,87.2,116.30082,0.724,0.7,4911.0,0.4295,0
1113.8,3.1347,0.668,54.5,57.135143,0.734,0.746,4975.0,0.9479,1
181.1,2.376,0.13,18.9,14.726074,1.116,0.924,5509.0,0.577,1
233.6,13.972,0.001,51.5,27.835306,1.471,1.006,5786.0,0.3346,1
777.4,6.11,1.22,56.2,30.493568,0.791,0.838,5310.0,0.9743,0
167.5,2.0917,0.028,24.3,22.395866,0.999,1.07,6040.0,0.7827,1
286.9,5.272,0.317,18.9,16.2223,0.993,1.101,6014.0,0.0,0
85.4,3.877,0.877,21.6,19.77687,1.167,1.21,6259.0,0.8107,1
258240.0,5.9738,0.692,437.2,631.0477,1.0,1.0,5780.0,0.1449,0
4523.4,16.2938,0.016,562.8,221.83395,1.357,1.303,6471.0,0.6586,1
138370.0,3.6097,0.481,1338.1,4196.6616,0.962,1.024,6344.0,-1.0,0
21307.0,4.5707,1.056,413.8,363.81302,0.987,0.938,5914.0,0.1247,0
247.5,6.1394,0.366,40.1,33.093586,0.987,0.938,5914.0,0.0538,1
63156.0,4.7585,1.105,193.0,1035.9279,2.619,2.349,9191.0,0.1993,0
28869.0,4.9406,0.985,137.6,218.22884,0.927,0.798,5496.0,0.94,0
10223.0,2.3665,1.253,177.0,227.33113,0.815,0.931,5402.0,0.23,0
6791.4,1.8764,1.272,205.1,681.10565,0.865,0.957,5861.0,0.1628,0
637.1,11.959,0.018,13.8,7.7376785,7.797,1.742,4852.0,0.1109,0
1317.3,11.01,0.953,107.0,24.011011,0.543,0.556,4969.0,0.2228,0
2234.0,2.8754,1.286,66.4,58.16568,1.183,1.066,6540.0,0.8006,0
1191.0,3.6752,1.247,68.5,54.201195,0.815,0.91,5452.0,0.1913,0
877.9,3.7085,1.205,120.8,133.6375,0.853,0.95,5699.0,-1.0,0
24392.0,11.9327,1.213,488.6,1104.776,0.96,1.047,5982.0,0.454,0
215.0,5.34,0.034,9.1,7.126412,2.02,0.85,5109.0,0.547,0
1522.8,28.1949,0.935,113.1,23.167418,0.684,0.71,4624.0,0.8104,0
1027.1,5.2094,1.238,78.3,26.96102,0.777,0.871,5401.0,0.9503,0
755.5,1.6415,0.02,28.9,29.560184,0.704,0.676,5057.0,0.5457,1
77.7,5.898,0.772,11.1,8.861929,0.971,1.083,5957.0,0.5684,0
210.4,2.744,0.913,16.9,13.971096,1.374,1.054,5808.0,0.1905,1
54546.0,2.8758,0.011,192.4,652.76215,1.033,0.995,5984.0,0.1284,0
65620.0,5.6736,0.592,404.9,636.406,0.894,0.771,5753.0,0.0,0
124650.0,7.5384,0.933,347.3,1967.3052,1.423,1.055,6381.0,0.6508,0
37.3,1.644,0.419,20.8,9.018583,2.491,1.348,5500.0,0.8497,0
905.4,8.75,0.015,13.7,11.702783,0.846,0.91,5642.0,0.797,1
5022.9,16.666,0.647,170.1,151.85294,1.385,1.029,5758.0,0.3101,1
412710.0,2.25012,0.453,691.2,2790.9668,0.616,0.604,4324.0,-1.0,0
291270.0,1.9058,3.068,620.8,2205.7588,0.469,0.492,4561.0,0.0586,0
33546.0,7.9136,1.164,298.6,1187.2838,0.595,0.581,4273.0,0.3038,0
42.1,4.049,0.633,23.8,11.934326,0.827,0.845,5724.0,0.4697,0
358050.0,1.93053,0.506,806.5,1587.1338,0.663,0.656,4509.0,-1.0,0
2598.4,25.322,0.912,54.7,32.588753,0.803,0.88,5570.0,0.0,0
90282.0,1.7423,0.736,88.6,88.41796,1.0,1.0,5780.0,0.0,0
2617.7,1.8156,1.247,38.2,66.15947,19.695,3.546,4993.0,0.0043,0
1243.1,3.365,0.898,43.4,28.964092,1.303,1.015,5678.0,0.0407,1
330.9,2.088,0.725,18.3,13.11783,1.303,1.015,5678.0,0.8169,1
342.4,2.714,0.804,14.6,10.384745,1.303,1.015,5678.0,0.543,1
1231.1,2.297,1.298,110.9,21.833668,1.14,1.213,6343.0,0.784,0
224.4,19.45,0.978,93.0,25.984766,0.981,0.846,5472.0,0.6184,0
16033.0,3.30029,1.241,453.0,431.18408,1.408,1.086,6387.0,0.364,0
34953.0,3.2864,1.183,175.6,784.31744,1.281,1.148,6306.0,0.505,0
12302.0,2.16452,1.258,552.8,708.00183,1.382,1.009,6200.0,1.0,0
10803.0,2.7194,1.224,150.9,250.14325,9.433,2.572,4969.0,0.7484,0
40143.0,3.5632,0.629,145.7,587.48706,0.89,0.934,6063.0,0.8986,0
119.4,3.452,0.143,9.6,8.607123,0.823,0.79,4922.0,0.5432,0
19675.0,14.557,0.473,221.4,297.58325,0.567,0.56,4594.0,0.0992,0
8054.4,5.0834,1.281,309.1,1653.2706,1.155,0.909,6040.0,0.0,0
22143.0,3.9551,0.478,118.1,202.84846,0.921,0.826,5687.0,0.7306,0
312730.0,3.2849,0.611,195.3,298.1359,1.0,1.0,5780.0,-1.0,0
592.6,5.238,1.223,58.1,43.417957,0.917,0.976,6192.0,0.7757,0
223.8,2.4404,0.774,37.8,49.369427,1.602,1.142,6338.0,0.5562,0
323.3,1.8904,0.036,53.3,43.869167,0.842,0.937,5763.0,0.2861,1
38731.0,1.0423,1.197,236.8,131.51672,0.427,0.439,3569.0,-1.0,0
1651.3,12.918,1.415,38.2,49.50129,1.66,1.459,6943.0,0.9095,0
257620.0,2.22035,0.67,453.9,1495.327,1.0,1.0,5780.0,-1.0,0
318.1,1.469,0.103,8.5,12.32094,1.425,1.303,6737.0,0.9508,0
458460.0,4.3809,0.959,437.1,1036.2004,1.0,1.0,5780.0,-1.0,0
653.2,2.2466,1.2,38.4,28.78788,4.335,1.783,5321.0,0.9028,0
1235.3,7.455,1.027,41.9,29.385788,9.043,1.549,4735.0,0.0,0
1478.0,1.4247,0.979,93.8,30.504457,0.827,0.899,5636.0,0.8546,0
56.1,2.1689,0.005,18.9,16.726923,1.34,0.92,5855.0,0.9984,1
8611.0,1.9204,1.185,42.6,183.29909,0.802,0.745,5256.0,1.0,0
27559.0,5.7725,1.189,293.8,272.41782,1.012,1.117,6063.0,0.0001,0
11539.0,8.9683,1.266,224.5,275.98407,1.056,0.993,6211.0,0.7942,0
273310.0,6.4524,0.522,206.3,764.9111,1.374,1.313,6517.0,0.0,0
85.3,2.214,0.489,8.1,11.155626,0.772,0.796,5208.0,0.9903,1
452.3,2.217,0.02,8.3,7.341654,10.363,1.725,4893.0,0.7857,0
37879.0,2.42733,1.157,510.0,1295.1615,2.221,1.255,5770.0,-1.0,0
3007.6,11.0659,1.306,193.4,215.0185,1.018,1.086,6137.0,0.5895,0
1392.4,12.506,1.312,129.3,27.583647,0.817,0.913,5602.0,0.6619,0
1583.8,77.983,2.441,171.5,63.583965,3.318,1.294,5088.0,0.925,0
182.3,5.509,0.634,7.1,7.448767,1.081,1.132,6278.0,0.6068,0
1391.1,1.3738,1.257,46.1,45.96657,0.693,0.666,5089.0,0.0047,0
114530.0,2.1081,0.946,263.1,266.62195,1.0,1.0,5780.0,-1.0,0
408.1,3.792,1.24,36.3,47.821247,3.348,1.635,5904.0,0.089,0
6951.0,5.896,0.873,57.7,1173.9052,0.999,1.077,6077.0,0.1629,0
4863.0,2.1881,1.323,34.5,31.495008,0.572,0.557,4340.0,0.986,0
234.9,2.9403,0.37,30.7,24.820826,0.971,0.895,5688.0,0.0162,1
645.4,8.282,0.746,16.6,12.916696,1.013,0.869,5330.0,0.3872,1
155160.0,8.9488,0.877,1207.6,3630.369,1.768,1.317,6574.0,-1.0,0
94567.0,4.2349,0.633,124.6,356.52017,0.849,0.864,5528.0,0.0453,0
216440.0,7.8462,1.117,541.7,1437.7357,1.0,1.0,5780.0,-1.0,0
6861.2,7.708,5.106,289.1,1472.018,1.119,1.147,6377.0,0.8024,0
112500.0,4.50334,0.964,537.2,883.0695,1.0,1.0,5780.0,0.4473,0
74112.0,4.0221,1.046,286.4,545.42145,0.853,0.949,5743.0,0.0,0
195070.0,5.9083,0.41,174.4,792.79065,0.866,0.804,5311.0,0.1536,0
1229.7,1.5372,1.091,163.5,179.43181,2.629,1.447,7021.0,0.6212,0
3509.8,2.6078,3.38,83.5,129.729,0.813,0.909,5608.0,0.1244,0
85.3,4.367,0.027,25.1,8.469695,0.917,0.842,5115.0,0.9301,0
6268.2,3.8741,1.02,106.0,111.612656,1.361,1.204,6770.0,0.251,0
5752.4,3.1968,0.972,126.9,105.792076,2.99,1.421,5018.0,0.6099,0
5664.0,2.1145,1.251,56.8,99.170364,1.935,1.69,7214.0,0.9341,0
510370.0,3.45028,0.279,1069.5,1011.09174,1.0,1.0,5780.0,-1.0,0
898.4,2.7952,1.258,45.5,39.1408,0.741,0.825,5139.0,0.996,0
293500.0,3.96401,0.337,1571.6,1777.0056,1.0,1.0,5780.0,-1.0,0
662.6,3.5302,1.223,89.2,43.467255,0.712,0.785,5515.0,0.5607,0
1370.5,1.576,1.244,21.5,34.991142,1.021,0.816,5750.0,0.9909,0
2015.8,32.16,1.263,35.3,30.153585,0.834,0.873,5715.0,-1.0,0
66.2,2.1482,0.545,31.5,25.864851,1.713,1.094,6520.0,0.2034,1
1563.0,3.112,1.2,16.6,31.867895,60.688,1.696,3942.0,0.0918,0
31.8,1.509,0.103,12.0,8.377069,0.948,1.012,6328.0,0.9901,0
292.8,8.9,0.967,68.2,24.32057,0.82,0.837,5741.0,0.4055,0
471.0,5.433,0.972,94.7,25.113312,1.016,0.9,6095.0,1.0,0
263.7,10.963,0.742,25.6,18.859211,1.262,1.011,6429.0,0.5421,1
229.2,2.491,0.125,16.0,13.530321,0.821,0.868,5159.0,0.0085,1
894200.0,7.4997,0.771,1585.2,9631.165,2.115,1.79,8344.0,-1.0,0
605710.0,4.66082,0.26,1837.9,5796.7534,1.425,1.228,6510.0,-1.0,0
38418.0,10.5638,0.576,449.1,387.69925,1.126,0.915,5907.0,0.0011,0
428560.0,6.2205,0.382,599.8,2507.0483,1.959,1.442,7311.0,-1.0,0
6386.3,3.4812,1.293,114.8,106.91688,1.166,1.007,6022.0,0.4508,0
40.0,3.011,0.773,14.9,12.520057,1.533,0.853,5496.0,0.9777,0
1413.0,7.941,0.989,103.3,197.13326,3.798,1.705,6635.0,-1.0,0
34976.0,2.1088,1.169,224.0,435.6346,0.786,0.87,5688.0,-1.0,0
842.7,29.33,1.221,27.1,19.132133,0.834,0.873,5715.0,0.6723,0
3963.0,16.18,0.879,22.1,43.35713,3.618,2.082,7643.0,0.9912,0
159.1,1.434,0.597,41.6,29.148912,0.756,0.756,5014.0,0.8458,1
174.8,1.5,0.531,12.6,10.515363,0.77,0.864,5081.0,0.1812,1
273.8,4.947,0.034,20.7,13.950242,0.721,0.774,4955.0,0.0079,1
131260.0,3.33515,0.912,631.5,1151.6815,0.798,0.852,5585.0,0.9222,0
394410.0,4.58143,0.509,508.4,1816.9331,1.0,1.0,5780.0,-1.0,0
7559.8,3.3394,1.272,257.4,848.8877,1.117,1.051,6141.0,0.0,0
357700.0,3.4297,0.002,324.0,1986.1531,1.0,1.0,5780.0,0.6817,0
61574.0,3.35773,1.04,1413.9,4258.92,2.408,2.485,9954.0,0.0,0
24872.0,6.0353,1.215,216.1,275.90085,0.915,1.0,6328.0,0.1257,0
23647.0,2.21,1.993,82.0,295.8657,0.789,0.761,4897.0,0.2598,0
52.6,2.673,0.738,7.7,7.8202724,0.895,0.99,5853.0,0.7057,0
9356.2,25.751,0.851,201.9,520.8559,0.777,0.71,5470.0,0.0,0
129090.0,7.2897,0.665,197.0,767.7464,23.673,2.799,4599.0,0.0042,0
129530.0,2.3804,1.409,262.2,1002.6385,1.0,1.0,5780.0,0.0,0
11701.0,1.6038,1.258,44.9,48.711205,0.898,0.742,5821.0,0.6042,0
727.6,4.1178,1.174,60.7,711.0138,116.965,0.935,3306.0,0.9917,0
81996.0,26.25,1.051,261.1,25.107641,1.138,0.953,5891.0,0.5664,0
18.5,3.17,0.117,11.1,7.2643948,1.121,1.046,6318.0,0.2444,0
120030.0,1.9215,0.599,239.6,393.88556,1.0,1.0,5780.0,-1.0,0
2579.0,21.693,0.424,181.0,79.50336,1.393,1.031,6340.0,0.2929,1
5497.0,1.4313,0.913,23.8,170.29684,0.733,0.728,4416.0,0.0025,0
147610.0,1.9827,0.872,317.1,1293.5813,1.0,1.0,5780.0,-1.0,0
119.2,2.7117,0.447,38.3,27.806814,1.256,0.977,5807.0,0.9443,0
11786.0,20.399,1.249,304.2,19.587814,0.75,0.84,5325.0,0.3993,0
280.7,1.3568,0.013,47.4,38.891384,0.886,0.964,5497.0,0.1124,1
361.1,1.2585,0.647,39.9,35.13885,3.915,1.755,5908.0,0.8931,0
2336.0,2.824,1.159,17.5,37.423534,1.667,1.46,7245.0,0.822,0
25805.0,8.5116,1.278,153.3,1857.7231,0.661,0.656,4188.0,0.5729,0
415860.0,5.0201,0.477,1037.3,2132.9998,1.0,1.0,5780.0,-1.0,0
255240.0,24.872,0.0,101.9,742.61383,3.484,0.883,4905.0,-1.0,0
50424.0,2.5276,4.203,247.2,1089.3527,1.416,1.185,6585.0,0.4123,0
30246.0,10.1995,1.263,208.6,916.9888,4.61,0.812,5073.0,0.9565,0
211.2,11.757,0.368,18.9,11.233441,1.812,1.212,5878.0,0.7957,1
279.6,4.836,0.983,14.9,11.854798,1.451,1.0,5592.0,0.8682,1
22012.0,5.7425,1.25,236.6,213.81245,1.31,1.198,6938.0,0.5741,0
13895.0,5.5072,1.25,227.5,199.18625,1.007,0.959,6124.0,0.0806,0
6367.1,2.6715,0.882,174.9,448.16425,0.947,0.855,5080.0,0.0795,0
30192.0,1.40392,1.137,867.8,1162.0043,0.639,0.632,4330.0,0.8952,0
4595.9,1.63,1.226,217.4,156.91629,0.66,0.666,4550.0,0.7783,1
224.8,1.666,0.003,7.0,9.094969,0.868,0.963,5668.0,0.7958,1
92.4,4.714,0.06,40.4,13.638375,138.056,1.291,3420.0,0.8556,0
538720.0,10.1083,0.27,1513.7,8548.616,1.171,0.96,5992.0,-1.0,0
5444.0,9.1328,0.883,223.1,706.30725,5.721,0.949,4740.0,0.9758,0
273.2,2.916,1.194,29.0,33.801666,0.919,1.014,5849.0,0.4688,0
8433.0,11.481,1.096,78.4,65.850716,0.857,0.805,5305.0,0.9747,0
932.5,0.7466,1.182,47.6,33.366905,2.742,0.811,5173.0,0.0293,0
631.7,5.1297,1.225,87.9,43.34529,1.112,1.157,6325.0,0.6305,0
11515.0,47.0744,0.003,619.6,58.87434,5.198,0.938,4919.0,0.0,0
3628.7,12.4124,0.244,93.8,55.7129,1.012,1.117,6063.0,0.9405,1
11312.0,14.502,1.001,844.7,571.74677,0.99,0.866,5637.0,0.3423,0
37510.0,2.9298,0.936,535.1,616.24414,1.148,1.064,6078.0,0.0,0
99583.0,3.075,1.003,298.7,1443.7096,0.687,0.765,5306.0,0.0,0
126190.0,3.9037,0.733,448.0,1564.6682,0.969,0.91,5791.0,0.8683,0
148440.0,4.3708,0.895,563.0,4624.7104,2.911,1.979,8749.0,-1.0,0
13930.0,6.5043,0.981,370.9,272.5018,1.83,1.435,6960.0,0.5372,0
7784.1,2.9288,1.287,108.2,220.94595,1.194,1.017,6261.0,0.6547,0
14328.0,4.9844,0.836,209.2,1250.0057,32.244,1.104,3982.0,-1.0,0
25079.0,3.4636,0.634,131.0,375.24503,1.194,0.868,6078.0,0.9541,0
1356.9,7.4319,0.95,160.2,175.87105,0.839,0.747,5750.0,0.1991,0
5673.8,5.2334,0.897,218.7,451.7497,0.777,0.727,5232.0,-1.0,0
19.9,2.637,0.068,9.4,8.568271,1.121,0.961,6277.0,0.5146,0
134760.0,2.6779,25.224,92.4,1831.0682,9.67,1.373,4770.0,0.2274,0
1651.1,8.2163,1.247,195.7,300.82666,1.078,1.129,6292.0,0.3547,0
1346.4,0.8222,0.824,86.1,37.948864,1.02,0.924,5888.0,0.3603,0
873.1,1.2864,1.206,43.8,39.57395,1.514,0.888,6022.0,0.5157,0
25.8,4.721,0.467,10.3,7.7066283,2.429,1.303,6014.0,0.4753,0
432.6,1.9857,0.694,37.2,31.900154,0.884,0.971,5620.0,0.0307,1
272.6,9.568,1.159,67.0,34.67213,0.818,0.91,5627.0,0.7973,0
784.7,6.9623,0.545,69.3,31.67353,0.986,1.032,5818.0,0.8771,1
245680.0,5.116,0.469,508.6,1942.4447,1.0,1.0,5780.0,-1.0,0
69072.0,4.83729,1.073,834.3,1197.7502,0.895,0.99,5853.0,0.0262,0
121810.0,3.46429,5.499,526.6,823.66846,1.121,1.032,6167.0,0.488,0
1366.9,9.39,0.371,42.3,31.695293,1.136,1.01,5741.0,0.5242,1
191070.0,4.4301,0.17,352.3,1234.3845,1.078,1.028,6024.0,0.258,0
126640.0,4.36797,0.928,904.0,3417.2737,1.343,1.057,6282.0,-1.0,0
66.2,2.722,0.526,18.4,15.672577,1.176,1.071,5700.0,0.4274,1
2213.2,3.2035,1.295,76.7,365.53564,11.82,3.083,5314.0,0.0,0
37571.0,2.4136,0.028,102.4,245.62495,0.735,0.725,4530.0,0.6357,0
1088.6,5.6067,1.214,71.2,70.884125,5.922,1.41,5032.0,0.8135,0
3836.0,2.1551,1.373,39.3,116.50082,1.098,0.929,6313.0,-1.0,0
63.7,1.22,0.399,11.5,12.593084,0.934,0.981,5594.0,0.9864,1
5824.7,7.0706,1.264,76.3,43.611156,13.547,2.1,4727.0,0.9748,0
2185.9,23.467,0.892,84.1,65.52295,0.811,0.762,5555.0,0.0,0
2651.8,6.323,1.27,157.1,467.77933,1.056,1.013,6220.0,0.9743,0
379060.0,4.7501,0.489,241.0,1577.2134,0.897,0.844,5455.0,-1.0,0
25044.0,2.0835,5.25,83.1,789.36035,0.557,0.552,4577.0,0.0,0
217140.0,5.2063,0.75,204.9,585.96,1.0,1.0,5780.0,0.0,0
65927.0,3.44467,1.066,639.8,811.5932,1.415,0.95,5642.0,0.0,0
231450.0,9.5545,0.743,1215.2,5194.2383,2.649,1.119,5510.0,-1.0,0
116120.0,5.603,0.965,250.9,1191.1282,1.296,1.059,6366.0,0.0,0
289810.0,3.2833,0.642,274.2,1337.8289,1.0,1.0,5780.0,0.3308,0
2211.0,2.717,0.902,56.4,154.73193,4.037,2.054,7358.0,0.1774,1
9766.9,7.0845,0.958,143.2,304.21152,0.805,0.899,5662.0,0.7898,0
722770.0,2.4129,0.773,334.3,1359.3583,1.0,1.0,5780.0,-1.0,0
9886.5,4.2844,1.269,284.0,577.5421,0.653,0.723,4628.0,0.1057,0
151.1,3.4842,0.646,94.5,23.688828,3.938,1.707,5596.0,0.6681,0
27247.0,4.5036,1.282,551.7,2119.8972,0.954,1.022,6247.0,-1.0,0
262580.0,7.2492,0.681,463.4,2031.7355,2.324,1.634,7479.0,-1.0,0
7224.8,37.1871,0.637,751.1,82.679184,3.866,1.594,5145.0,0.7223,0
527.4,2.0179,1.212,118.6,34.659485,1.157,1.042,6397.0,0.9981,0
2215.3,6.548,0.001,25.2,18.9777,0.641,0.651,4243.0,0.7292,1
489.0,2.5845,1.207,42.2,72.62495,0.756,0.845,5562.0,0.5208,0
642.6,1.8432,1.193,37.4,30.388378,1.086,1.129,6384.0,0.0,0
694.9,10.931,0.935,103.6,35.452194,12.701,2.156,4694.0,0.9947,0
62.4,3.737,0.164,9.7,7.6686325,0.818,0.917,5520.0,0.0833,0
141.0,2.195,1.227,32.0,20.814898,1.053,1.001,6140.0,0.8646,0
159580.0,3.1713,0.851,367.3,1453.2574,2.761,1.306,5299.0,0.0,0
262600.0,2.7714,1.285,243.2,1719.1823,1.0,1.0,5780.0,0.6159,0
177.9,6.091,0.149,10.5,24.633482,1.846,1.421,6642.0,0.7595,1
32296.0,1.9767,1.198,129.5,898.2408,0.544,0.539,3979.0,0.0,0
165480.0,3.7357,0.334,617.7,1399.5994,0.931,0.94,5977.0,0.1446,0
68139.0,2.3569,1.036,100.4,483.7699,0.804,0.897,5704.0,0.0,0
178870.0,5.3541,0.815,154.0,231.59431,1.0,1.0,5780.0,0.5458,0
6641.6,19.6214,4.676,366.4,655.13794,2.433,1.495,6327.0,0.9699,0
142890.0,2.8833,0.786,177.9,327.84207,1.418,1.19,6572.0,0.1516,0
39597.0,2.1184,0.966,231.7,857.9018,0.791,0.814,5441.0,-1.0,0
2290.9,4.165,1.258,90.4,146.04045,1.685,0.915,5770.0,0.1452,0
1733.1,6.2233,1.262,123.1,91.08538,1.228,1.211,6505.0,0.8366,0
2183.6,3.8588,0.932,81.6,72.52251,1.207,1.226,6586.0,0.9156,0
761.8,5.6,0.881,71.9,75.78237,9.828,2.707,5122.0,0.01,0
846.1,1.7405,1.193,67.3,34.482887,0.734,0.694,5319.0,0.9796,0
651.2,32.24,0.974,38.7,31.690815,0.892,0.98,5869.0,0.9089,0
2173.5,22.688,0.409,98.9,26.01456,7.506,1.761,4991.0,0.0038,0
83.6,1.9699,0.035,33.7,26.65567,1.026,1.069,5705.0,0.4768,1
8290.5,2.7543,1.268,254.8,379.7555,0.794,0.714,5802.0,0.8248,0
172740.0,4.5344,0.795,472.3,790.43805,1.142,1.015,6289.0,0.7412,0
9746.4,10.7965,0.248,696.0,471.11786,0.913,0.974,5725.0,0.9138,1
824390.0,6.60887,0.441,3176.9,4238.1704,1.235,1.06,6569.0,-1.0,0
93395.0,4.3194,0.692,247.0,687.5821,1.0,1.0,5780.0,-1.0,0
88327.0,7.0612,1.522,855.4,1274.0326,2.178,1.007,5516.0,0.0001,0
437860.0,4.8707,6.286,252.4,550.229,1.0,1.0,5780.0,0.1425,0
560970.0,9.7769,0.511,1598.3,9014.932,3.278,2.014,8796.0,-1.0,0
174860.0,4.17901,1.439,2065.8,9778.885,0.999,1.08,6025.0,-1.0,0
3089.9,9.661,3.651,262.4,602.1793,1.345,1.06,6432.0,0.0,0
175780.0,5.74859,0.846,1475.4,2907.8938,1.174,1.198,6690.0,-1.0,0
5794.8,6.822,1.273,74.1,226.24403,0.645,0.634,4401.0,0.0036,0
1724.4,12.3079,0.535,328.0,153.93245,1.073,1.026,5611.0,0.4502,1
80.0,2.1862,0.677,43.1,37.05557,1.295,1.082,6422.0,0.7608,0
913.0,3.239,0.021,9.9,7.4524474,0.859,0.948,5959.0,0.6397,0
1355.2,4.477,1.235,38.9,42.36293,0.705,0.786,5649.0,0.9883,0
307.9,5.856,0.228,26.1,25.799114,1.191,1.03,5940.0,0.7277,0
388.9,11.226,1.195,69.4,29.88787,1.091,1.137,6338.0,0.4402,0
470.9,2.076,1.212,20.7,18.340466,0.996,1.053,6347.0,0.8696,0
77.0,1.808,0.121,9.2,18.96893,1.324,1.281,6470.0,0.9832,0
55.8,2.205,0.57,19.2,16.932957,1.579,1.289,6184.0,0.3255,0
450.8,1.541,0.286,13.2,24.658587,0.796,0.875,5910.0,0.8191,0
286390.0,2.2137,0.623,273.8,1934.8656,0.578,0.574,4769.0,1.0,0
1131.0,57.2012,1.222,58.8,19.546108,0.743,0.765,4594.0,0.8924,0
530.2,10.611,0.195,28.0,21.363085,1.115,1.044,6014.0,0.633,1
582.1,27.7691,0.967,55.7,18.866179,0.817,0.908,5645.0,0.0949,0
468.6,30.1966,0.971,47.8,18.079721,0.817,0.908,5645.0,0.9449,0
66.9,3.1126,0.556,41.9,24.68217,0.948,0.788,5607.0,0.8103,0
1109.3,1.9745,1.244,277.9,267.62494,3.899,1.719,5500.0,0.0,0
601.7,2.1267,1.251,28.8,24.57394,0.867,0.95,6058.0,0.2224,0
60.5,2.486,0.058,21.3,18.595211,1.259,1.026,5897.0,0.1006,1
14759.0,2.3707,0.955,268.5,318.1878,0.88,0.903,5468.0,0.1672,0
966.8,3.4873,0.022,31.3,50.714653,0.928,0.821,5500.0,0.428,1
3692.4,9.627,0.92,70.5,61.071968,0.598,0.59,4796.0,0.0725,0
668.3,4.001,1.209,29.9,29.232168,0.695,0.691,5283.0,0.1478,0
176.1,4.414,1.2,18.3,26.47453,3.381,1.639,6689.0,0.8567,0
112.5,3.103,0.102,16.0,14.808974,0.774,0.826,5751.0,0.313,0
172.8,2.83,0.689,22.1,17.424297,0.872,0.811,5516.0,0.6531,0
313.2,5.404,0.03,30.1,22.418642,0.739,0.827,5058.0,0.3298,0
247.3,1.1148,0.689,27.2,19.574312,1.09,1.134,6355.0,0.9791,0
261.2,7.498,0.677,35.5,25.229647,0.555,0.556,3995.0,0.0164,0
293.5,3.619,1.181,58.4,19.120535,0.993,1.093,5997.0,1.0,0
222.2,2.2003,0.522,20.7,15.396135,0.997,0.981,6067.0,0.8804,0
335.5,1.5794,1.107,27.1,27.503302,0.971,0.753,6038.0,0.5826,0
243.1,1.672,0.602,66.7,53.09929,2.382,1.395,5959.0,0.3601,0
39268.0,3.7875,0.677,339.2,2804.6663,1.76,1.039,5716.0,0.4354,0
288.9,8.984,0.944,11.4,9.525673,0.966,1.013,6031.0,0.8101,0
480.5,5.323,1.238,73.0,19.87083,1.026,1.09,6174.0,0.5709,0
6923.8,2.151,0.075,99.2,580.36395,1.192,1.115,5833.0,0.1158,0
125.0,2.883,1.104,36.6,30.028416,1.093,0.998,6484.0,0.963,0
32622.0,6.0503,0.418,607.2,2089.7664,1.061,1.006,6214.0,0.4724,0
408.7,7.4918,0.97,147.1,101.209015,1.775,1.182,6426.0,0.0,0
5945.0,1.198,1.207,20.0,112.449,0.711,0.702,4491.0,1.0,0
493.8,1.4734,0.374,23.3,19.653214,0.793,0.792,5080.0,0.0002,0
351.4,6.552,1.188,49.1,20.651705,0.806,0.903,5553.0,0.6781,0
287.9,1.2496,0.009,57.2,22.166708,0.936,0.945,5529.0,0.8578,0
107.0,5.988,0.765,20.2,12.960483,2.43,1.291,6541.0,0.6177,0
3620.9,6.8106,0.968,70.6,14.061095,0.911,0.919,6168.0,0.8778,0
431670.0,1.7495,0.441,628.2,372.58832,0.53,0.556,3898.0,-1.0,0
1481.5,13.057,0.875,25.5,13.840163,0.63,0.616,4386.0,0.3776,1
2533.7,5.1498,1.258,194.9,42.543556,0.859,0.957,5681.0,0.6626,0
17575.0,3.6789,1.238,195.6,910.2304,0.908,0.95,5989.0,-1.0,0
2773.7,3.096,1.292,153.1,184.90883,0.818,0.826,5069.0,0.756,0
136.9,2.408,0.528,18.8,15.5107975,0.896,0.833,6065.0,0.0,0
49.3,2.353,0.04,10.2,7.4449325,0.76,0.793,5171.0,0.2615,0
6789.4,2.253,1.276,86.8,88.837845,0.783,0.801,5437.0,0.7006,0
465.5,1.3784,1.151,43.0,35.082287,1.054,1.003,6120.0,0.0518,0
2286.4,6.9988,0.322,51.8,35.39178,0.8,0.891,5327.0,0.1844,1
76.1,2.6717,0.408,35.5,28.60021,0.916,0.908,5668.0,0.0811,0
2052.1,2.0494,1.015,124.9,274.67276,1.891,1.006,6065.0,0.2376,0
78.6,3.739,0.742,8.3,7.3321085,1.494,1.091,6029.0,0.5979,0
429.6,6.962,0.012,47.5,49.102997,80.307,1.585,3837.0,0.9205,0
906.7,1.4195,1.207,39.1,56.467857,0.942,1.054,5869.0,0.0,0
89.3,4.048,0.728,43.2,21.895151,1.457,1.083,6443.0,0.3135,0
216.0,2.718,0.282,21.0,17.590113,0.9,0.998,5790.0,0.3208,0
1326.8,4.482,0.623,21.9,16.209805,0.476,0.484,3812.0,0.6195,0
301.6,12.408,1.188,45.3,22.687712,1.012,1.117,6063.0,0.5441,0
251.9,8.996,0.046,13.9,11.090614,0.921,0.794,5678.0,0.8195,1
158.3,4.69,0.741,35.3,24.163162,1.004,0.946,6150.0,0.7108,0
340.4,0.8864,0.95,49.1,17.380436,1.008,0.918,5888.0,0.996,0
690.8,3.137,1.187,17.1,21.778708,0.853,0.949,5743.0,0.8406,0
216.9,6.276,0.017,16.6,12.382159,1.488,1.094,6148.0,0.7015,1
116.6,3.503,0.741,38.0,28.858698,1.18,1.09,6221.0,0.4985,0
94.0,1.981,0.414,12.9,9.451874,0.704,0.695,4665.0,0.979,0
414.7,3.877,0.346,32.5,24.285072,0.529,0.528,4408.0,0.2629,0
173.2,2.661,0.63,25.3,21.6187,0.749,0.702,5266.0,0.0001,0
119.6,3.66,0.761,42.1,28.604504,1.426,1.226,6526.0,0.3367,0
251.5,1.072,0.466,21.5,22.85753,1.002,0.919,5265.0,0.9673,1
1287.3,4.2367,1.279,108.2,80.84418,0.843,0.945,5431.0,0.0,0
102.3,0.873,0.425,11.3,8.138825,0.87,0.913,5815.0,1.0,0
344.8,3.197,0.489,19.3,17.436922,0.707,0.681,5003.0,0.5621,0
7956.2,26.715,0.606,284.3,65.126045,8.121,1.812,5067.0,0.0007,0
322.5,1.7664,1.182,45.7,11.579143,4.034,1.668,4972.0,0.758,0
228.8,2.252,0.473,19.9,17.869236,1.023,1.132,5834.0,0.2753,0
26.7,2.324,0.322,14.1,8.214327,0.888,0.998,5403.0,0.9747,0
68.0,4.23,0.383,14.6,10.873741,0.816,0.911,5693.0,0.396,1
512.6,7.773,0.659,30.5,25.312183,2.632,1.535,6864.0,0.4048,1
215.1,0.9268,0.376,23.6,18.961164,0.622,0.61,4258.0,0.9092,1
6071.6,4.384,1.276,89.9,31.57188,1.0,1.0,5780.0,0.0364,0
145.6,27.24,1.159,44.5,16.960032,1.035,0.956,5751.0,0.7417,0
36.9,5.224,0.331,23.3,10.916473,0.87,0.987,5629.0,0.5766,0
200.7,0.9753,0.162,20.9,20.750189,1.449,0.939,5305.0,0.9506,1
202.5,8.7,0.712,23.1,20.388357,1.114,1.126,5950.0,0.9357,0
584.4,3.672,1.229,19.3,17.020536,1.158,1.225,6377.0,0.9547,0
76.6,3.9236,0.741,49.5,18.205542,2.187,1.502,6985.0,0.926,0
405.9,10.988,1.059,83.1,30.24658,0.996,0.945,5999.0,0.3949,0
29.7,2.0516,0.508,5.1,16.133057,89.806,1.847,3705.0,0.0,0
242.3,3.034,1.032,21.3,16.385414,3.301,1.463,5461.0,0.3293,0
908.9,3.0448,0.031,36.8,32.954334,0.913,0.881,5636.0,0.1788,0
39994.0,6.442,1.138,56.5,1006.3216,0.81,0.743,5334.0,0.2652,0
150.6,4.103,0.783,77.1,27.509867,1.602,1.195,6468.0,0.9958,0
513.5,15.37,0.475,9.3,7.5060034,0.951,1.027,6039.0,0.747,0
507.7,4.498,1.192,38.1,35.45106,3.05,1.456,5627.0,0.8309,0
5569.0,1.016,0.177,7.2,128.10664,0.69,0.667,4963.0,0.0,1
10143.0,2.346,0.763,52.9,488.81476,0.991,0.886,5944.0,0.0027,0
688.6,4.051,0.966,40.1,37.02943,0.509,0.538,3841.0,0.6267,0
57608.0,6.7282,1.112,701.1,686.34894,1.046,1.143,6142.0,0.0,0
1932.5,1.7306,0.018,37.0,31.10763,0.444,0.464,3698.0,0.6528,1
593.3,3.39,0.709,18.0,15.960322,0.804,0.778,4852.0,0.093,1
110.1,0.8552,0.412,21.4,13.519487,0.955,1.038,6045.0,0.0162,0
223.3,7.911,0.979,27.9,12.616539,1.714,1.545,7592.0,0.0,0
117.2,28.0218,0.98,43.0,18.679558,1.017,0.845,5478.0,0.5678,0
247.1,3.997,0.115,18.7,15.079349,1.021,1.037,6014.0,0.8725,1
86.9,1.62,0.383,11.1,14.231704,1.504,0.917,5340.0,0.0283,0
352.2,8.09,1.178,38.9,19.690487,0.662,0.732,5272.0,0.6631,0
597.3,15.855,0.228,11.5,7.478351,0.836,0.885,5988.0,0.3033,0
80917.0,4.48335,1.04,658.3,2088.401,0.943,1.061,5754.0,0.0,0
180.2,3.304,0.369,24.8,19.388746,0.82,0.908,5912.0,0.8425,0
1455.2,2.6391,1.022,83.5,108.224045,0.969,1.048,6075.0,0.6493,0
112.6,1.4736,0.267,23.5,13.384665,0.642,0.63,5220.0,0.7339,0
420.3,3.533,0.962,34.4,31.05401,1.721,1.474,6596.0,0.0084,0
83.9,3.114,0.986,14.3,11.680578,2.099,1.231,6640.0,0.8434,0
966.7,2.9283,0.636,38.0,34.33378,0.67,0.654,4702.0,0.084,0
44.8,1.5364,0.111,19.8,9.520501,2.935,1.42,5267.0,0.9631,0
106.0,2.967,0.47,34.0,20.899868,0.815,0.91,5452.0,0.8958,0
1379.7,70.405,1.218,214.5,25.782122,0.668,0.647,5128.0,0.9992,0
29.1,2.695,0.012,13.7,11.438283,0.961,0.932,5495.0,0.717,1
165.9,3.273,0.107,17.6,14.412554,1.542,1.007,5689.0,0.9887,1
61.2,1.959,0.213,8.3,8.422979,0.808,0.747,5341.0,-1.0,0
227.7,4.223,1.158,31.2,15.029811,0.837,0.927,5767.0,0.1706,0
2797.1,3.5252,1.261,136.6,47.03784,1.0,1.0,5780.0,0.542,0
83.3,1.4759,0.295,26.5,22.168465,1.406,1.287,6557.0,0.4713,0
736.5,1.4109,1.306,141.0,24.07097,2.18,0.985,5354.0,0.9975,0
248.0,4.396,1.143,49.1,19.928223,0.826,0.926,5514.0,0.7752,0
5386.3,2.2133,1.093,185.2,198.55354,0.805,0.753,5193.0,0.7081,0
8930.8,1.57912,1.265,954.2,2030.0591,5.618,1.942,5591.0,-1.0,0
273.8,3.1,1.205,23.5,14.961529,2.314,0.822,5148.0,0.3389,0
103.7,1.3699,0.627,61.3,17.413658,2.584,1.693,7089.0,0.8932,0
35221.0,6.2598,0.272,153.0,985.01385,0.86,0.798,5332.0,0.6179,0
75142.0,3.88771,0.223,1343.2,3249.144,0.693,0.666,5089.0,0.0,0
185.6,1.7478,0.297,23.1,19.829435,1.059,1.104,6382.0,0.0699,0
359.2,6.712,1.187,28.9,24.066193,0.951,1.065,5900.0,0.1114,0
211.7,7.28,0.656,83.9,26.98217,2.372,1.271,5557.0,0.6762,0
122.1,3.945,0.687,27.5,23.824995,0.87,0.875,5912.0,0.3041,0
462.1,1.1886,0.93,46.2,33.417465,0.837,0.774,5237.0,0.7378,0
33.1,2.849,0.739,12.0,7.905102,0.954,0.932,6147.0,0.9956,0
108.0,1.1108,0.266,19.6,15.997489,0.843,0.732,5670.0,0.9289,0
1957.9,7.037,1.277,23.3,21.566843,0.991,1.105,5895.0,0.0,0
119.9,0.8971,0.292,20.6,14.1411295,0.519,0.515,3945.0,0.5574,0
69.9,2.203,0.386,12.3,17.476732,2.124,1.113,6785.0,0.8893,0
134.3,1.1741,0.204,28.1,19.104475,0.812,0.9,5769.0,1.0,0
145.7,1.2887,1.045,30.0,21.230011,2.648,1.211,5132.0,0.8797,0
581780.0,4.56811,0.279,1560.5,3028.9863,1.83,1.483,7131.0,-1.0,0
652.2,5.574,0.327,17.7,12.341184,1.466,0.998,5596.0,0.844,1
152.2,4.509,1.121,6.3,10.047848,1.742,1.143,5854.0,0.3999,0
63.0,4.411,1.101,22.7,17.475616,3.44,1.694,6552.0,0.4995,0
787.5,2.058,0.959,38.4,32.580112,0.67,0.649,5075.0,0.4661,0
912.8,5.984,1.271,41.3,30.70073,0.71,0.792,5150.0,0.9834,0
24327.0,1.9694,0.83,145.8,338.30112,0.998,0.772,5811.0,0.0,0
61691.0,3.14624,0.986,1334.6,2790.9045,1.083,1.007,6319.0,0.0,0
444.2,6.738,1.215,45.4,34.208046,1.0,1.088,5917.0,0.0915,0
21.1,4.7,0.256,7.4,7.4602804,1.496,1.131,6134.0,0.1125,0
135.0,2.527,0.643,10.6,20.777372,3.049,1.541,6418.0,0.2808,0
325.6,2.569,0.004,23.6,19.914774,0.736,0.723,4620.0,0.0916,0
178.7,4.911,0.474,8.1,16.79538,1.092,1.18,6246.0,0.9079,0
238.6,5.238,1.141,26.5,20.97176,0.923,0.974,6106.0,0.0108,0
713.3,23.516,0.955,55.4,25.655313,0.586,0.623,4257.0,0.4859,0
39.4,4.124,0.686,19.6,9.704991,0.997,1.072,6108.0,0.9486,0
282.6,1.765,0.077,19.8,16.525421,0.843,0.82,4878.0,0.9897,0
331.3,1.0194,0.377,31.2,16.55898,0.786,0.758,4904.0,1.0,0
950.1,5.03,0.013,17.8,14.534495,1.024,1.086,6208.0,0.6076,1
346.9,0.8473,0.964,53.6,17.57243,0.782,0.787,5180.0,0.959,0
35.9,1.779,0.042,9.1,8.120108,0.708,0.806,5481.0,1.0,0
202.9,5.136,0.0,33.9,19.400124,0.718,0.697,4938.0,0.9248,0
236.8,0.7648,0.318,22.4,18.348974,0.815,0.911,5278.0,0.9619,1
82.0,5.294,0.699,29.8,22.035389,0.893,0.935,5806.0,0.0825,0
126.2,2.9334,0.928,27.7,18.537338,1.008,0.964,5661.0,0.7579,1
678.8,9.654,0.042,20.3,17.83006,0.879,0.881,5431.0,0.8037,1
63447.0,5.8962,1.51,1094.6,1709.3473,0.75,0.698,5385.0,0.0,0
173.4,1.6305,0.062,46.6,53.206104,0.735,0.771,4955.0,0.7775,0
662.3,4.402,1.232,19.7,21.098598,1.0,1.0,5780.0,0.6419,0
830.0,2.954,1.222,6.8,81.7864,0.777,0.852,5541.0,0.9896,0
5407.0,3.94,1.281,86.9,161.10974,0.6,0.604,5451.0,0.3295,0
378.0,3.29,0.272,51.7,26.73127,0.784,0.878,5150.0,0.4629,0
109.2,1.537,1.092,17.2,14.876369,1.122,0.959,6292.0,0.998,0
409.4,3.614,1.174,31.2,26.197315,1.096,1.193,6147.0,0.9085,0
158.3,5.174,0.936,21.9,14.483508,1.972,1.521,7121.0,0.0224,1
610.7,2.857,0.455,18.3,16.5857,0.788,0.884,5311.0,0.594,1
3113.0,5.467,1.281,25.7,26.491173,0.75,0.698,5385.0,0.5765,0
336.8,1.4513,0.116,32.7,20.017912,0.725,0.81,5496.0,0.8935,1
1006.0,1.891,1.29,11.6,27.289507,2.247,1.675,6831.0,0.2826,0
218.4,1.4399,0.174,33.5,21.155846,0.874,0.968,5845.0,0.9211,1
40.5,16.828,0.656,19.3,17.245289,2.193,1.27,6632.0,-1.0,0
858.1,6.198,1.24,24.1,18.261812,0.936,0.802,5771.0,0.0979,0
819.0,5.8,0.586,8.7,14.992003,0.981,0.936,5738.0,0.0502,1
634.5,10.767,0.07,17.9,16.485638,1.241,0.981,5497.0,0.4708,1
1046.1,1.8238,1.273,29.5,13.403687,2.783,1.941,7757.0,0.8481,0
39874.0,6.094,0.978,585.0,574.7336,0.832,0.921,5793.0,0.4114,0
42873.0,6.06772,0.296,1170.5,1331.0787,1.028,1.097,6124.0,0.1775,0
531.5,2.4779,0.966,100.3,301.5096,1.33,1.209,6496.0,0.4796,0
28.6,1.895,0.602,21.7,31.02485,2.245,1.789,8867.0,0.0005,0
5494.6,4.0632,1.28,238.7,302.2032,0.719,0.786,5552.0,0.3574,0
133.8,3.083,0.067,25.3,21.940441,1.005,1.072,6198.0,0.882,0
379.1,25.01,0.938,39.5,18.798174,1.016,0.985,6157.0,0.0261,0
341.8,0.9779,0.332,50.2,33.150772,1.022,1.079,6257.0,0.9326,0
387.7,5.268,0.046,30.1,32.201725,0.841,0.793,5061.0,0.7521,0
116.7,2.427,1.169,27.3,18.558928,1.883,0.894,5238.0,0.0612,0
133.4,3.995,0.427,24.9,11.191967,0.46,0.473,3725.0,0.9735,0
356.6,0.785,0.93,11.4,11.733149,0.844,0.844,5083.0,0.7395,1
676.1,1.8626,1.224,31.7,27.423042,0.779,0.712,5457.0,0.3402,0
236.4,1.6782,0.82,31.9,25.076906,58.325,1.846,3915.0,0.4412,0
2098.0,1.343,1.269,15.8,16.91024,1.249,1.005,6296.0,0.9984,0
1032.3,3.195,1.068,40.8,22.852627,5.855,0.824,4946.0,0.7633,0
99.1,3.819,0.776,24.0,18.389515,2.237,1.392,6701.0,0.0,0
66.3,4.41,0.594,44.1,21.233849,1.975,1.337,6208.0,0.7998,0
152.5,1.1171,0.473,18.0,9.405916,2.184,2.272,9464.0,0.9407,0
464.1,12.925,0.944,27.7,19.096905,1.248,1.055,5814.0,0.8034,1
386.0,5.12,0.087,6.9,7.394858,0.896,0.836,5327.0,0.1884,0
891.1,3.803,0.937,20.3,43.592884,1.31,1.354,6726.0,0.477,0
2282.5,3.545,1.273,42.3,40.305756,1.107,1.2,6167.0,0.8733,0
813.9,3.568,0.945,17.3,15.567653,0.54,0.543,4316.0,0.79,0
8372.5,5.1675,0.866,155.1,1109.2784,1.046,1.153,6033.0,-1.0,0
20209.0,2.4536,1.199,74.3,556.3814,0.485,0.498,4481.0,0.8281,0
76.5,2.326,0.594,11.7,9.326961,1.005,1.108,6039.0,-1.0,0
268.0,5.304,1.177,31.7,24.128134,1.003,1.064,6147.0,0.3273,0
232.5,2.4318,0.994,41.7,24.422718,0.688,0.682,5506.0,0.9767,0
113.9,10.174,0.981,28.2,20.126293,0.739,0.701,5437.0,0.2929,0
319.4,5.097,1.417,17.1,14.521496,1.045,1.095,6329.0,0.9881,0
30.7,3.072,0.232,22.5,11.117434,1.004,1.035,6063.0,0.9982,0
337.9,3.3177,1.19,101.2,22.69835,1.062,1.115,6274.0,0.9261,0
224.6,2.446,1.173,32.8,22.908281,0.727,0.699,5088.0,0.9982,0
282.1,19.861,0.015,76.3,22.407873,1.221,1.174,6167.0,0.3655,1
374.1,2.337,1.22,33.3,23.296267,2.978,1.408,5974.0,0.5883,0
1017.5,7.342,0.063,20.6,18.224667,0.864,0.811,5064.0,0.0751,1
1345.0,2.3241,0.822,22.6,18.003239,0.747,0.734,4641.0,0.2399,1
148.7,40.4,1.155,41.0,16.859093,1.628,0.93,6070.0,0.0006,0
197.1,1.4617,0.947,23.8,18.56189,1.046,0.855,5761.0,0.8309,0
153.7,5.7704,0.799,54.2,41.147057,1.292,1.14,5949.0,0.7205,1
150.3,5.49,1.166,70.6,15.810904,1.91,1.728,8468.0,0.5404,0
382.0,6.999,1.04,64.4,27.822397,0.863,0.901,5640.0,0.0,0
417.0,2.15,0.615,6.6,34.488934,0.91,0.944,6171.0,0.9442,0
1914.1,1.9078,1.262,43.5,39.760357,0.859,0.811,5830.0,0.1521,0
1849.5,7.18,0.948,34.1,38.988846,0.609,0.594,4338.0,0.5376,0
18.5,2.6079,0.606,11.1,8.666514,0.957,0.914,5544.0,0.998,0
353.5,8.809,0.974,36.2,30.733412,2.702,1.371,6739.0,0.2819,0
916.4,4.65,0.943,31.4,25.74383,0.935,1.024,5973.0,0.857,0
401.5,4.263,1.298,22.2,21.089045,0.838,0.938,6098.0,0.9799,0
219.0,2.531,0.757,15.9,14.0001135,1.058,1.117,6211.0,0.6726,0
1299.3,3.669,0.965,29.9,26.405203,0.912,0.934,5648.0,0.1433,0
242.7,2.125,1.148,17.7,25.473112,2.897,0.812,5160.0,0.7409,0
586.8,18.503,0.022,56.8,25.56327,1.349,1.252,6325.0,0.006,1
2299.0,2.1164,1.272,59.3,26.05576,1.0,1.0,5780.0,0.986,0
2311.0,42.435,0.665,69.4,16.067936,1.0,1.0,5780.0,0.0,0
12127.0,3.4411,1.264,454.0,1413.6042,1.106,1.148,6370.0,0.3787,0
231.0,2.643,0.078,26.1,19.507479,0.729,0.701,5026.0,0.7601,0
14966.0,2.0054,1.219,177.2,41.593784,0.674,0.652,5245.0,0.8048,0
41320.0,3.1229,1.134,294.8,420.6973,0.857,0.845,5328.0,0.8444,0
234.4,17.136,1.201,51.6,29.569283,0.867,0.777,5772.0,0.2405,0
28241.0,9.9816,0.201,3596.6,3019.4248,1.841,1.038,5623.0,0.8533,0
692.2,4.465,0.962,40.7,27.867413,3.581,1.658,5432.0,0.2608,0
50664.0,2.4342,0.818,108.2,1623.3705,0.892,0.908,5759.0,0.7783,0
345.3,2.7716,0.38,37.6,31.87324,1.637,1.109,6127.0,0.8087,1
17.1,3.596,0.079,17.5,9.616937,1.718,1.008,6194.0,0.4407,0
486.5,2.453,1.171,12.6,22.974052,0.917,0.832,5213.0,0.777,0
243.4,1.6208,0.432,24.9,21.247154,0.916,0.991,6075.0,0.3061,0
92.9,2.061,0.375,11.1,10.855893,2.327,1.458,6385.0,0.4198,0
161.1,13.877,0.889,37.6,22.071325,0.95,1.031,6089.0,0.7691,0
47.8,1.999,0.243,8.5,8.537784,0.849,0.94,5858.0,0.9259,0
110.8,5.267,0.009,21.1,17.808954,1.267,1.085,6178.0,0.5501,1
1871.5,5.1128,1.27,150.7,28.251326,0.966,1.043,6106.0,0.7307,0
70.6,4.07,0.746,27.1,22.606804,3.358,1.522,6103.0,0.6225,0
2456.5,7.335,0.826,70.4,919.6245,0.941,0.981,5893.0,0.2108,0
452.3,14.836,1.178,83.2,18.444157,0.896,0.904,5532.0,0.2749,0
13518.0,3.8439,1.25,127.7,400.20093,0.905,0.832,5582.0,0.0,0
3254.1,32.274,1.283,52.0,76.13904,0.969,1.048,6075.0,0.0227,0
11107.0,3.5964,1.264,147.3,127.23148,1.164,1.057,5813.0,0.2311,0
134480.0,6.20583,0.502,5518.2,14980.483,0.62,0.633,4451.0,0.0,0
223.2,6.172,1.179,45.6,31.895144,3.09,1.495,6106.0,0.9778,0
1119.5,12.71,1.217,45.6,36.876682,1.595,0.927,5209.0,0.3798,0
259.4,5.825,0.981,18.4,19.235224,2.163,1.164,6079.0,0.9934,0
307.5,7.2146,0.608,42.6,32.049522,19.53,3.573,4907.0,0.2994,1
230.8,1.7455,0.987,47.6,25.17076,1.567,1.024,5792.0,0.0,0
272.9,3.189,0.631,12.7,10.696462,1.05,0.998,6047.0,0.598,0
54.6,5.835,1.03,12.6,8.509156,0.784,0.863,5894.0,-1.0,0
126.4,6.213,1.077,24.6,20.492586,1.846,1.411,6712.0,0.6169,0
116.8,1.915,0.53,8.3,23.347992,1.348,0.862,5609.0,0.6437,0
242.1,3.242,0.366,12.7,12.49613,0.741,0.83,5266.0,0.9183,0
131.0,3.313,0.373,27.3,23.183445,0.981,0.871,5523.0,0.0,0
530.4,4.1536,0.586,17.8,15.945106,0.77,0.864,5081.0,0.9724,1
140.6,2.7597,0.511,2.5,10.370495,1.119,0.905,6078.0,0.7745,0
610.7,1.471,0.133,41.8,24.32191,0.883,0.875,5638.0,0.0,0
1049.5,5.9775,1.249,124.0,24.753668,0.972,1.053,6046.0,0.6803,0
426.2,0.9105,1.519,27.6,21.557814,0.847,0.908,5524.0,0.8169,0
231.6,5.894,1.173,103.3,18.997097,0.849,0.934,6024.0,0.9504,0
113.3,3.3865,0.708,42.0,16.17963,0.998,0.999,5979.0,0.7737,0
479.7,3.456,0.85,12.5,7.152132,1.653,1.056,6061.0,0.7773,0
111.6,1.8511,0.6,27.3,21.33362,0.997,0.867,5874.0,0.929,0
55.8,1.9163,0.646,27.1,34.55773,1.653,1.056,6061.0,0.8237,0
184.4,3.912,0.016,8.9,26.364002,1.366,0.946,5837.0,0.0883,0
58570.0,4.9041,0.006,639.3,1853.3771,0.795,0.876,5533.0,0.0,0
10984.0,2.5,8.467,85.4,806.1852,0.871,0.883,5514.0,0.5122,0
61953.0,2.25397,1.094,1227.6,8197.062,0.771,0.703,5592.0,-1.0,0
888.7,4.656,0.911,24.9,21.93725,0.888,0.92,5436.0,0.2574,1
345.5,2.8159,1.008,60.7,40.83907,1.028,1.091,6092.0,0.8549,0
117.6,2.67,0.547,11.4,24.388678,2.572,1.358,6168.0,1.0,0
286.2,2.748,0.134,18.0,21.422148,0.755,0.713,5193.0,0.0612,0
509.5,3.815,0.042,8.4,7.3859973,1.0,1.0,5780.0,0.907,0
401.3,6.3373,1.185,110.6,124.39423,1.223,1.045,6388.0,-1.0,0
126.9,1.889,0.754,9.7,8.887124,1.017,1.016,5757.0,0.0279,1
529.0,5.636,0.038,36.0,25.814392,0.863,0.96,5718.0,0.993,0
275.2,1.0726,0.415,38.4,22.82247,1.012,1.117,6063.0,0.9683,0
9094.6,4.3323,1.244,244.1,430.88116,0.695,0.768,5176.0,-1.0,0
919.1,22.982,1.246,160.1,18.696188,2.817,1.439,6487.0,0.9074,0
498.0,5.282,0.905,48.2,37.31789,1.384,0.981,5725.0,0.2208,0
761.7,20.491,1.223,119.0,376.58157,0.767,0.833,5798.0,-1.0,0
5817.3,1.43586,0.918,1109.7,1154.6663,1.412,1.15,6309.0,0.9144,1
519.3,3.219,0.964,27.4,23.523684,1.052,1.111,6215.0,0.2148,0
36830.0,3.04001,1.173,488.5,545.02,1.035,1.096,6197.0,0.0028,0
130.0,1.235,0.589,11.7,10.089086,1.1,1.188,6268.0,0.698,0
788.0,2.945,0.105,13.3,10.541692,0.383,0.394,3526.0,0.0957,1
191.6,0.8408,0.38,18.7,13.448081,1.076,1.13,6249.0,1.0,0
1679.0,1.1627,0.049,9.6,11.992775,0.118,0.096,2703.0,0.2931,1
160.4,3.7454,0.343,22.7,14.123186,1.2,1.089,5970.0,0.6734,1
116.4,3.812,0.156,19.2,14.816139,1.2,1.089,5970.0,0.337,1
1027.1,1.5942,1.242,151.7,22.64481,1.101,1.136,6455.0,0.9733,0
321.1,0.9394,0.329,23.0,14.745082,0.747,0.837,5072.0,1.0,0
80.6,1.7603,0.388,21.7,17.108883,0.907,0.968,5747.0,0.9181,0
119.2,0.5925,0.005,29.3,13.88336,0.741,0.762,5088.0,0.9825,0
211.3,1.9626,0.81,25.0,12.071014,1.083,1.045,6173.0,0.8069,0
745.4,4.4639,0.896,34.2,26.325363,0.675,0.748,4580.0,0.8482,1
1628.1,8.297,0.888,53.5,58.095493,1.336,0.996,5791.0,0.0517,1
160.8,1.52,0.871,17.0,13.953673,1.097,0.976,5754.0,0.3365,0
1291.9,1.23416,1.017,304.4,29.166555,0.777,0.858,5614.0,0.9464,0
104.7,1.8496,0.522,22.1,15.741236,1.084,1.181,6116.0,0.5713,0
264.5,0.63,0.652,14.5,11.980936,0.733,0.712,5334.0,0.9052,0
235.3,1.0198,0.449,33.3,15.108823,0.368,0.383,3553.0,0.9962,0
1433.7,1.2804,1.265,146.7,20.043053,0.964,1.048,5907.0,0.8913,0
846.8,1.216,0.989,58.9,19.532959,0.777,0.755,5390.0,0.6761,0
118.8,2.489,0.436,18.8,13.403321,0.988,1.05,6072.0,0.9083,0
150.2,1.16,0.235,13.6,11.064967,0.86,0.808,5231.0,0.8783,1
122.6,1.0183,0.134,18.9,13.662467,1.049,1.064,5862.0,0.9846,0
456.8,0.9621,0.86,53.8,12.247096,0.908,0.996,5970.0,0.9997,0
247.9,1.085,0.459,18.3,12.715554,0.639,0.713,5257.0,0.9865,0
114.6,0.998,0.067,17.0,10.262899,0.831,0.916,6024.0,0.996,0
405.5,1.704,0.752,11.9,10.540477,0.742,0.759,4791.0,0.9007,1
482.9,9.195,0.025,34.4,24.921076,1.2,1.089,5970.0,0.263,1
710.0,0.949,0.327,18.0,13.234282,0.497,0.526,3805.0,0.9937,1
79.7,7.183,0.522,17.2,13.224343,0.79,0.714,5559.0,0.5977,1
62.9,1.1144,0.515,21.7,14.513531,1.877,1.312,6143.0,1.0,0
2714.4,1.3292,1.165,73.2,10.905089,3.177,1.328,6287.0,0.9959,0
376.1,5.175,1.19,22.6,20.151438,0.972,1.02,5823.0,0.9295,1
1009.8,1.3345,0.066,26.7,21.649065,0.444,0.464,3698.0,0.4951,1
250.9,8.035,0.963,26.2,18.218315,1.189,1.005,6078.0,0.3529,1
109.7,1.2313,0.092,17.6,13.525597,0.888,0.808,5244.0,0.391,1
84.5,3.609,0.089,9.6,8.97522,0.94,1.032,5910.0,0.8617,0
174.5,2.359,0.218,10.2,7.8159933,1.703,0.95,4995.0,0.3648,0
200.9,4.018,1.012,35.3,16.712214,9.214,2.138,4877.0,0.069,0
65.4,12.472,0.489,19.2,14.571269,0.902,0.988,6011.0,0.6204,0
228.5,15.864,1.145,25.1,18.126625,0.722,0.822,5558.0,0.9268,0
1083.0,13.28,0.916,11.8,13.679681,1.02,1.075,6289.0,0.7971,0
328.7,6.309,1.235,10.8,9.451863,1.138,1.169,6434.0,0.0164,0
163.5,4.833,0.961,13.2,12.134801,1.688,0.962,4928.0,0.3419,1
1213.8,1.193,0.437,136.4,27.208904,0.95,0.952,5999.0,0.2903,0
29233.0,10.3088,1.227,854.1,906.7355,1.41,1.084,6401.0,0.0247,0
115.7,1.239,0.279,4.1,17.842422,20.237,1.939,4475.0,0.9121,0
371060.0,0.89164,0.4,234.3,384.06284,3.701,3.235,10921.0,-1.0,0
1068.8,1.991,0.02,14.8,12.443096,0.832,0.768,5256.0,0.2601,1
306.1,5.5,1.176,35.3,18.972626,7.746,1.975,5140.0,0.1135,0
67298.0,25.91,1.051,416.2,112.898735,8.058,1.101,4705.0,0.0,0
1796.4,19.528,0.023,121.2,56.63339,1.393,1.031,6340.0,0.0,1
78.3,0.9513,0.476,37.0,18.22112,2.432,2.718,10747.0,1.0,0
340.3,4.855,1.189,8.0,15.150946,1.334,1.032,6154.0,0.9959,0
393970.0,7.622,0.553,967.4,4579.5723,1.463,1.087,6160.0,-1.0,0
3127.0,11.5703,1.294,297.8,105.32726,10.154,2.093,4878.0,0.6897,0
157270.0,3.92227,0.878,2291.1,40705.562,1.006,0.896,6082.0,-1.0,0
374.7,2.814,0.98,13.9,12.361888,1.768,1.349,6606.0,0.8418,0
35653.0,5.4768,1.059,607.5,2278.632,1.158,1.154,6095.0,0.0,0
283.2,61.73,1.179,30.5,8.6079445,1.769,1.338,6198.0,0.7941,0
13553.0,1.7215,0.09,220.5,234.08769,0.427,0.43,3386.0,0.9289,1
300.4,16.89,0.115,22.2,16.066526,0.722,0.684,5242.0,0.873,0
2238.0,10.205,1.271,36.7,29.546896,12.613,3.511,6513.0,0.2306,0
147.0,18.56,0.303,12.6,9.539831,0.942,1.054,5869.0,0.9145,0
47.5,17.447,0.026,25.3,8.954319,1.193,0.985,5841.0,0.5547,0
106.7,3.31,0.344,11.6,11.426692,1.181,1.202,6535.0,0.6324,1
92642.0,7.6419,1.016,930.8,932.911,0.916,1.008,5896.0,0.0924,0
396400.0,6.08509,0.475,4630.1,25239.281,2.264,1.15,6047.0,-1.0,0
5832.0,4.42,0.792,20.1,100.06107,2.471,1.407,6235.0,0.9619,0
689.2,3.3996,1.198,133.3,10.655878,0.72,0.803,4994.0,0.964,0
506.4,29.96,0.978,31.1,9.972437,0.956,0.967,5977.0,0.0529,0
105190.0,2.7287,0.968,432.5,6145.9956,0.864,0.811,5872.0,-1.0,0
55368.0,2.5214,2.375,148.9,1533.95,0.799,0.811,5747.0,0.6088,0
110130.0,5.17207,1.181,6485.8,14262.637,1.613,1.27,6351.0,0.0,0
58605.0,5.39144,0.004,1107.1,788.595,1.777,1.357,6582.0,-1.0,0
19401.0,1.78462,0.813,368.9,888.6184,0.996,0.976,6267.0,0.0,0
22.0,4.848,0.731,22.8,12.79787,1.667,1.469,7479.0,0.5907,0
724.7,3.5979,1.219,103.6,54.168343,3.293,1.257,5088.0,0.8037,0
411.2,35.525,0.965,142.4,27.969324,1.913,1.63,7663.0,0.2855,0
227.7,1.796,0.173,14.3,12.670282,0.878,0.975,5799.0,0.3337,0
341.1,21.04,1.189,83.4,16.575697,1.114,1.033,6032.0,0.5853,0
12435.0,66.892,0.038,135.6,15.945324,5.303,1.366,4818.0,0.0006,0
1449.0,7.72,0.019,7.0,7.4330287,0.99,0.847,5398.0,0.681,0
924.2,3.813,0.026,78.5,23.37387,7.912,0.981,4477.0,0.2271,0
447.5,3.0072,0.112,61.3,27.35767,13.417,1.747,4745.0,0.5761,0
1221.2,3.418,0.002,53.6,42.473103,0.746,0.734,4608.0,0.2195,0
349.6,6.825,1.202,23.3,14.315593,1.0,1.0,5780.0,0.0352,0
90230.0,5.7615,1.032,2629.0,3018.7659,0.941,0.999,6185.0,0.0015,0
395.8,5.472,0.016,10.0,8.128105,0.469,0.48,3746.0,0.3641,0
1350.0,2.111,0.65,7.2,7.3534703,0.704,0.678,5013.0,0.2991,0
368000.0,6.1245,0.545,5494.6,36851.938,1.795,1.101,5853.0,-1.0,0
76.5,3.193,0.253,9.6,8.449499,2.715,1.807,7266.0,0.6495,0
557.6,9.52,1.222,12.4,11.01217,0.952,0.968,5504.0,0.9521,0
859.0,4.632,1.237,23.0,16.534456,13.652,2.031,4799.0,0.9948,0
47.9,2.752,0.308,8.3,9.013538,46.169,0.893,3861.0,0.8331,0
384.6,28.26,0.008,20.9,9.4273405,4.842,3.246,10134.0,0.0014,0
410.0,4.697,0.452,17.4,14.984715,0.589,0.579,4615.0,0.2969,0
274.5,4.656,0.013,15.3,14.156431,14.894,0.87,4449.0,0.8209,0
395.1,1.9278,0.727,42.7,29.80282,5.753,1.88,5161.0,0.4018,0
140330.0,23.5615,0.895,2386.6,1254.9728,1.207,1.058,5689.0,0.5024,0
104030.0,5.8768,1.005,525.4,2923.168,1.999,1.582,7542.0,-1.0,0
12960.0,3.98767,1.217,962.6,2027.9027,27.676,1.264,4217.0,-1.0,0
931.8,16.376,0.978,39.4,22.053621,2.882,1.332,5327.0,0.8955,0
86.4,1.669,0.263,8.4,13.762703,1.165,1.211,6237.0,0.8846,0
66244.0,8.93033,0.859,4607.4,4138.6924,1.072,1.061,6357.0,0.0,0
644.5,2.3753,1.262,37.1,22.50075,16.274,3.063,4893.0,0.0,0
86013.0,17.3985,1.033,1740.2,1842.4915,1.197,1.086,6461.0,0.0,0
4376.9,18.821,0.015,60.4,48.159397,1.793,1.079,5548.0,0.1794,1
106.7,6.82,0.304,10.7,9.803946,0.79,0.75,5514.0,0.0809,0
193980.0,6.70175,0.809,2666.0,4324.663,1.166,1.02,6188.0,0.0,0
34.7,2.619,0.001,10.8,9.173014,0.94,0.816,5428.0,0.7328,0
2568.8,4.5711,0.883,124.6,88.51406,8.052,2.096,4992.0,0.8173,0
284.6,5.67,0.547,9.8,9.805063,0.805,0.902,5398.0,0.3055,0
488.7,2.317,0.252,24.6,21.595844,18.427,3.402,4883.0,0.0,0
22178.0,9.7526,0.931,664.6,1243.4851,3.028,0.985,5001.0,0.7185,0
191240.0,3.8253,0.818,438.3,1577.1766,1.326,1.165,6615.0,-1.0,0
257.0,23.78,0.99,19.3,11.107973,1.135,1.02,6237.0,0.6536,0
213260.0,4.8691,0.759,601.5,4765.2236,1.937,1.564,7631.0,-1.0,0
968.7,2.702,0.002,47.5,141.94147,12.927,0.917,4403.0,0.0,0
54.0,0.9015,0.083,23.5,12.731151,2.455,1.357,6122.0,0.9942,0
53516.0,4.68919,0.734,4731.1,5081.11,1.155,1.009,5794.0,0.1588,0
384.8,1.0092,0.2,2.5,23.16145,1.223,1.24,6602.0,0.7609,0
803.8,5.743,1.222,55.3,19.138454,1.324,1.121,6556.0,-1.0,0
292.2,15.574,1.184,195.5,10.6122265,1.449,1.313,6770.0,0.9831,0
456.6,1.7237,0.108,64.6,33.87009,8.834,2.079,4965.0,0.9669,0
449090.0,6.52033,0.444,3630.4,120049.68,1.08,1.088,6572.0,-1.0,0
402550.0,4.88602,0.496,4679.3,31474.16,5.059,0.757,5297.0,-1.0,0
356.4,2.5167,0.98,87.5,29.878023,1.143,1.022,5974.0,1.0,0
731.0,3.549,0.035,7.8,9.08259,0.387,0.406,3552.0,0.8421,0
70.5,24.74,0.505,13.5,12.309573,1.987,1.213,5562.0,0.1965,0
1381.8,13.3898,1.231,223.5,107.869865,1.302,0.926,5893.0,0.9281,0
409710.0,7.29719,0.488,5312.7,18593.936,0.988,1.054,6233.0,-1.0,0
2067.0,2.4385,1.26,166.0,241.96284,0.898,0.743,5808.0,0.5522,0
421.9,20.67,0.332,14.2,9.276943,1.059,1.104,6382.0,0.1059,0
166.2,32.21,0.666,18.6,8.894224,1.498,1.08,5858.0,0.1387,0
15350.0,8.3881,1.006,202.3,178.61836,1.65,1.17,6033.0,0.1143,0
80258.0,4.0678,1.049,272.2,1348.2816,2.216,1.2,6337.0,0.1535,0
1832.6,2.8305,0.028,49.4,67.59442,0.717,0.681,5388.0,0.4341,1
204.1,4.742,0.005,15.3,11.905612,0.985,0.994,5870.0,0.852,0
40789.0,4.13997,1.172,488.7,685.2717,0.884,0.784,6477.0,0.9024,0
301.0,2.24,1.209,7.7,21.636007,1.333,1.168,6318.0,0.9768,0
68.2,1.069,0.514,6.2,18.478756,150.091,3.686,3711.0,1.0,0
5447.0,3.6768,0.984,52.1,49.07978,1.427,1.251,6669.0,0.9979,0
37.8,8.552,0.52,14.7,11.622619,0.819,0.904,5898.0,0.8077,0
65.2,10.57,0.896,18.6,13.249312,0.48,0.492,3724.0,0.3414,0
39.7,2.166,0.348,12.5,11.650159,1.019,0.975,6006.0,0.6566,0
34.3,14.807,0.676,27.8,10.6775055,1.308,1.085,6356.0,0.4151,0
471.9,7.788,0.378,19.3,14.287686,0.662,0.727,4926.0,0.2215,1
346.3,3.408,0.471,11.5,8.681903,0.706,0.704,4650.0,0.4391,1
57.6,1.63,0.106,14.8,12.733556,0.784,0.738,5160.0,1.0,0
485.7,1.8325,0.136,48.6,39.893795,15.155,3.055,4964.0,0.5545,0
526.2,1.75,0.343,72.1,46.5175,0.946,0.813,5466.0,0.9465,0
90.6,2.1961,0.491,26.6,17.512733,2.087,1.285,6316.0,0.3418,0
9304.4,12.9395,0.855,1070.3,634.3075,5.132,1.734,4888.0,0.6275,0
78104.0,4.65559,0.828,2384.6,2191.9983,0.985,0.947,5938.0,0.0254,0
49.7,2.892,0.568,17.9,12.332084,1.9,1.097,6475.0,0.9777,0
355.8,4.163,0.927,11.8,9.773106,0.87,0.813,5094.0,0.9338,1
3097.3,5.968,1.208,39.1,22.960577,1.501,0.897,6911.0,-1.0,0
60715.0,3.9071,1.11,262.6,445.83286,1.501,0.897,6911.0,0.9019,0
62160.0,23.88,1.1,468.4,19.950048,1.229,1.025,5948.0,-1.0,0
29.3,0.8463,0.144,3.2,7.928145,2.396,1.327,6215.0,0.8812,0
5211.2,34.146,0.981,161.3,58.328133,5.826,1.421,5022.0,0.7078,0
548.2,7.96,1.173,27.7,28.107641,0.959,0.936,5877.0,0.8374,0
3658.0,14.04,1.28,11.2,11.839645,0.696,0.688,4596.0,0.4361,0
367100.0,3.45121,0.549,1948.2,8814.739,0.745,0.694,5407.0,-1.0,0
8.1,1.99,0.738,13.9,16.608084,3.518,2.225,8277.0,0.9792,0
6824.0,3.4075,1.341,51.0,49.642525,1.006,0.887,5455.0,0.9699,0
73.5,2.246,0.512,9.7,7.7701044,0.976,0.936,5967.0,0.004,0
28325.0,4.43333,9.666,671.1,4066.1853,1.501,1.255,6657.0,0.0,0
106.8,11.137,0.778,20.1,15.496712,0.735,0.823,5430.0,0.3223,0
367.8,5.892,0.161,13.7,10.485104,1.055,0.881,5370.0,0.139,1
2004.1,3.6641,1.276,71.6,342.46252,0.837,0.728,6335.0,0.1033,0
500.0,2.131,0.113,17.3,15.838327,0.882,0.98,5750.0,0.8617,0
456780.0,5.25334,0.431,1363.9,4289.296,0.748,0.79,5436.0,-1.0,0
376650.0,5.46939,0.528,2402.0,9157.428,0.941,0.997,6022.0,-1.0,0
51.0,1.498,0.54,9.4,10.789661,1.116,0.891,5818.0,0.8521,0
287.7,3.297,0.077,11.2,9.322831,0.723,0.706,4733.0,0.9444,0
114900.0,9.029,0.978,155.5,120.4085,1.321,1.342,7276.0,0.7928,0
127960.0,8.3582,0.723,304.2,2402.216,1.406,0.848,5619.0,0.0,0
354.5,12.17,0.655,13.1,10.015496,0.526,0.578,4835.0,0.3231,0
512.0,48.182,0.178,33.5,10.411855,15.517,2.688,5229.0,-1.0,0
229.4,2.395,0.089,10.5,8.096771,0.849,0.904,5654.0,0.0008,0
185130.0,5.79293,0.831,8755.2,47222.754,1.619,1.32,6791.0,-1.0,0
3364.7,2.6311,1.281,108.6,106.86032,1.332,1.072,6363.0,-1.0,0
250910.0,10.0389,0.823,3295.6,3250.9448,1.024,1.005,6130.0,0.0,0
24418.0,4.65625,1.04,2148.6,2822.729,0.966,1.022,6081.0,0.7069,0
611.2,25.93,1.225,57.0,18.189226,0.941,1.033,5893.0,0.021,0
87057.0,5.68713,1.046,2858.1,3279.635,1.044,1.099,6273.0,0.0,0
9471.7,4.2546,1.267,124.1,102.64325,1.321,0.901,5696.0,0.8368,0
156140.0,4.8732,0.876,584.6,911.7493,0.842,0.937,5763.0,0.7054,0
1282.0,4.8361,1.265,142.7,53.247917,0.801,0.892,5762.0,0.7691,0
264.8,3.211,1.181,70.9,22.867847,0.868,0.961,5853.0,1.0,0
706.7,1.881,0.028,12.4,10.684114,0.569,0.57,3705.0,0.7146,0
603.3,7.229,0.981,19.0,11.215458,0.911,1.028,5778.0,0.0698,0
153.2,4.89,1.102,26.2,17.314856,1.027,1.094,6140.0,0.9895,0
8476.0,7.257,0.916,36.8,43.374767,0.724,0.718,4889.0,0.1592,0
11004.0,4.809,0.577,38.6,39.134,0.584,0.587,3869.0,0.2077,1
205670.0,5.15147,0.785,3452.5,4942.5054,1.012,1.117,6063.0,0.5177,0
937.0,2.061,0.979,18.3,23.761446,18.266,3.366,4989.0,0.267,0
680400.0,10.4143,0.473,682.9,3916.634,1.705,1.428,7072.0,-1.0,0
3446.0,2.666,1.287,31.8,37.694702,1.678,0.813,5515.0,0.9568,0
315910.0,5.43155,0.611,6944.9,23949.96,2.056,1.244,6456.0,-1.0,0
1528.9,86.05,1.227,38.3,12.640693,2.087,1.049,5485.0,0.9814,0
4398.5,1.54684,1.271,327.4,213.51083,1.064,0.885,5934.0,0.8656,0
384480.0,2.54719,0.505,1583.7,12698.2295,0.604,0.591,4612.0,-1.0,0
6012.3,12.8653,1.305,347.6,23.830833,0.919,1.0,6099.0,0.9358,0
23193.0,3.94247,1.227,2360.6,2201.6882,1.151,0.914,6327.0,0.9958,0
3000.4,3.9097,1.252,195.7,255.21222,12.623,1.588,4630.0,0.5675,0
57.6,10.796,0.005,24.3,14.159852,1.551,1.028,5966.0,0.1646,0
152.2,2.655,1.17,23.1,26.014217,3.134,2.032,8237.0,0.0895,0
67.7,3.461,0.235,16.5,13.32675,0.851,0.952,5587.0,0.0003,0
159.0,10.701,0.186,17.7,9.3792715,0.986,1.052,6250.0,0.3496,0
156.7,10.67,0.663,13.0,10.540383,0.82,0.916,5665.0,0.265,0
29825.0,6.1014,1.19,395.7,381.0583,1.362,0.946,5544.0,0.9297,0
147.5,8.711,0.827,10.6,9.631921,4.912,2.006,5889.0,0.1921,1
545.5,1.5931,0.052,50.2,38.033276,6.72,0.94,4678.0,0.9091,0
190.8,4.02,0.728,13.1,15.35067,1.0,1.0,5780.0,0.1044,0
144960.0,5.62958,0.911,959.6,1696.3828,1.23,0.9,6201.0,0.1241,0
886.0,4.649,0.035,7.4,8.758779,0.763,0.738,4885.0,0.0741,0
687450.0,12.7364,0.622,3867.7,4391.914,2.433,1.868,8105.0,-1.0,0
63022.0,4.76313,1.208,5902.4,7212.2847,1.136,1.021,6486.0,0.0106,0
72.7,3.943,0.348,21.0,14.726216,0.958,1.071,5791.0,0.9734,0
160.3,14.241,0.561,26.2,17.458336,0.609,0.597,4347.0,0.324,0
9782.2,1.98818,1.252,451.7,1225.5574,0.976,0.854,5313.0,0.1052,0
45.4,2.762,0.684,15.0,11.423046,1.126,0.998,6201.0,0.1369,0
914.6,10.556,0.626,21.9,14.203887,1.354,1.103,5636.0,0.1008,1
2019.5,3.148,1.379,28.2,38.42689,1.631,1.255,6176.0,-1.0,0
996.6,17.856,0.03,19.6,12.365484,1.022,1.133,5977.0,0.0052,1
18157.0,3.42771,0.869,723.3,2128.392,1.4,0.976,5615.0,0.1733,0
270.0,4.29,0.626,61.4,14.199102,0.75,0.84,5325.0,0.8081,0
60.3,5.735,0.108,18.6,14.628814,1.009,0.756,6024.0,0.0112,1
1741.0,7.089,0.94,98.6,62.36157,1.619,0.944,5116.0,-1.0,0
499920.0,17.8024,0.146,2345.1,4489.0986,2.064,0.804,5323.0,-1.0,0
347.5,138.54,0.957,139.4,21.385672,0.85,0.773,5906.0,0.8841,0
46677.0,3.986,1.026,890.3,5283.6787,1.072,1.118,6352.0,0.0,0
83303.0,3.7368,1.388,112.6,189.05971,1.0,1.0,5780.0,0.0,0
367.9,21.79,1.275,24.2,8.635228,1.296,0.924,5780.0,0.3884,0
58776.0,9.6022,0.68,1159.5,2972.954,2.293,1.209,6025.0,-1.0,0
239.3,15.541,0.324,12.7,7.565493,2.717,1.449,6126.0,0.8439,0
2046.1,15.47,0.924,662.9,22.628069,1.513,1.206,6712.0,0.8453,0
1660.6,2.2272,1.253,66.9,64.58276,1.355,1.028,5657.0,-1.0,0
181.7,2.462,0.97,11.6,9.745558,0.963,1.056,5858.0,0.7989,1
81.5,3.932,0.699,22.0,14.565984,0.863,0.959,5764.0,0.8804,0
1335.3,5.161,0.936,17.5,10.215344,0.76,0.748,4611.0,0.0104,0
544.2,4.103,0.571,9.7,8.587905,1.14,1.213,6343.0,0.0956,0
24372.0,3.13331,1.025,449.0,639.65686,0.945,1.023,6131.0,0.7311,0
133.7,6.134,0.008,12.0,9.068564,1.067,1.127,6193.0,0.7229,0
51.8,2.253,0.157,18.4,15.523944,30.882,1.636,4024.0,0.4305,0
101230.0,3.95004,0.858,3096.9,3918.9077,0.812,0.898,5840.0,0.0069,0
90028.0,3.16989,1.127,1406.9,2200.5942,0.832,0.924,5487.0,0.1049,0
348.6,12.455,0.019,34.2,20.549334,1.286,0.818,6072.0,0.0796,1
134630.0,11.2066,0.712,1002.8,1005.8648,0.914,1.006,5911.0,0.0012,0
28831.0,3.06,0.822,26.6,26.004807,1.0,1.0,5780.0,0.8386,0
126.5,4.282,0.199,15.4,12.558189,0.881,0.835,5122.0,0.509,0
79.1,4.014,0.833,15.9,13.102346,0.967,1.045,6091.0,0.5159,0
1102.0,1.835,0.26,7.6,12.085586,16.114,1.973,4770.0,0.8201,0
6945.8,1.5646,1.007,226.6,282.0146,1.64,1.398,7117.0,0.5997,0
61.1,3.835,0.724,21.5,13.067887,1.494,1.299,6413.0,-1.0,0
124930.0,2.51246,0.922,575.0,4845.5713,0.934,0.967,5853.0,-1.0,0
102990.0,8.15905,0.774,3497.6,4035.3816,1.722,0.872,5228.0,0.0324,0
79201.0,1.9948,0.772,444.4,516.60175,1.89,0.803,5421.0,0.3777,0
123.6,3.465,0.245,16.6,12.985169,0.61,0.601,4137.0,0.1094,0
15527.0,2.17596,1.257,388.6,480.00497,2.123,2.122,8982.0,-1.0,0
53.0,3.44,0.698,14.1,11.282547,2.83,1.485,6409.0,0.244,0
318400.0,4.16321,0.604,4791.0,8744.302,0.768,0.849,5310.0,-1.0,0
1035.7,9.327,0.008,17.9,7.5904665,7.417,1.347,5068.0,0.7533,0
134.5,3.428,0.651,15.4,10.2657,1.548,1.321,6821.0,0.3503,0
12946.0,2.8637,1.04,54.5,53.81772,0.799,0.892,5387.0,0.0039,0
2924.0,21.2695,1.317,643.3,115.58154,2.467,1.414,6565.0,0.9853,0
921670.0,8.42343,0.309,3934.3,14113.667,3.034,2.009,8572.0,-1.0,0
635410.0,8.4418,0.719,1572.0,1512.6267,1.636,1.364,6792.0,-1.0,0
153.5,4.079,0.405,13.3,10.801541,0.597,0.641,4519.0,0.5211,0
627630.0,5.0912,0.561,791.0,2691.6582,1.222,0.991,6332.0,-1.0,0
19941.0,5.6634,0.846,186.8,245.38676,1.192,1.179,6185.0,0.1718,0
88771.0,5.94855,1.041,7846.3,8449.908,1.286,0.894,6335.0,0.0229,0
1514.6,5.5086,1.244,150.5,141.27522,6.222,1.936,5057.0,0.9833,0
77183.0,14.9678,0.894,2502.9,1383.5038,1.03,0.879,5310.0,0.2374,0
1234.7,13.709,0.906,18.2,13.892415,0.763,0.847,5474.0,0.3545,1
338.6,15.75,0.126,11.4,7.1517906,1.442,1.139,6003.0,0.5321,0
192.2,1.875,0.196,9.8,8.373584,0.782,0.872,5715.0,0.1531,0
41.0,1.421,0.233,9.7,12.014157,59.684,0.885,3749.0,0.9157,0
330180.0,4.09296,0.587,3168.8,3682.9192,0.789,0.773,5511.0,-1.0,0
1272.7,2.9095,1.239,166.8,165.9034,5.443,1.589,4980.0,0.3746,0
287.8,2.844,0.167,21.0,12.115532,8.531,0.812,4870.0,0.2737,0
79326.0,4.00349,1.056,1040.1,1837.6675,0.871,0.746,5645.0,0.0,0
291210.0,6.5005,0.358,911.3,7600.7354,1.672,1.041,6225.0,-1.0,0
154.8,2.843,0.709,25.3,23.0751,1.668,1.311,6407.0,0.9366,0
282.5,5.868,0.029,9.4,8.324707,0.78,0.73,5222.0,0.2965,0
488040.0,10.578,0.388,354.7,762.33295,1.046,0.994,6060.0,-1.0,0
331280.0,3.7127,0.56,145.4,113.14538,1.0,1.0,5780.0,-1.0,0
253.0,3.246,0.623,9.2,8.251826,0.799,0.751,5272.0,0.1276,0
248.5,4.56,1.208,7.8,15.012003,1.075,1.124,6322.0,0.0276,0
172.8,15.26,0.057,9.9,7.961684,1.388,1.003,5786.0,0.5544,0
136.3,15.6,0.935,17.7,8.140049,3.697,2.039,7664.0,0.3435,0
1434.4,2.6431,1.247,83.5,73.669395,2.295,0.995,5178.0,0.1969,0
47.6,2.999,0.046,11.1,9.272148,3.007,1.411,5125.0,0.2213,0
1344.1,36.756,1.271,302.6,98.11433,1.468,1.23,6581.0,0.9238,0
539.2,4.954,0.98,18.2,19.09469,1.951,0.997,5361.0,0.2544,0
312970.0,5.69869,0.573,3582.5,7444.4917,0.974,0.952,6175.0,-1.0,0
2118.2,2.296,1.25,150.6,85.53409,8.747,1.522,4884.0,0.0069,0
72.1,6.45,0.711,13.4,11.846182,1.012,1.117,6063.0,0.1439,0
390.4,1.1818,0.566,48.5,34.93605,0.88,0.977,5783.0,0.906,0
349.7,16.04,0.447,13.1,10.947841,3.204,1.592,5490.0,0.6579,1
255.2,1.606,0.546,9.9,9.138469,1.058,1.108,6321.0,0.7627,0
13171.0,5.57527,1.238,900.9,504.51987,5.208,1.498,5030.0,0.6755,0
6771.6,2.89112,1.269,870.3,1521.19,1.207,0.988,5846.0,0.9992,0
389430.0,3.02633,0.28,626.9,4187.339,0.724,0.807,5264.0,-1.0,0
916.3,4.402,0.963,24.6,12.905373,15.369,2.687,5254.0,0.7921,0
454.7,2.951,0.732,13.4,12.829738,1.148,1.102,6477.0,0.572,1
57.6,14.585,0.733,23.8,9.949767,1.202,1.071,5929.0,0.0016,0
312770.0,7.449,0.62,198.8,3026.1938,2.34,1.725,7796.0,-1.0,0
1325.7,19.612,0.914,76.9,16.155275,6.055,0.932,4647.0,0.4892,0
290.8,12.235,0.61,15.2,12.50597,1.156,0.974,5903.0,0.3169,1
298.3,9.75,0.486,10.9,10.912135,1.389,0.991,5626.0,0.1592,1
158.9,2.946,0.825,14.5,16.398731,0.729,0.747,5365.0,0.6963,0
118960.0,3.2601,0.947,470.0,2077.9587,1.055,0.861,5799.0,0.1114,0
136110.0,5.41096,0.539,5696.2,12396.622,1.314,1.057,6247.0,-1.0,0
291510.0,3.556,23.127,1229.9,15073.711,0.72,0.675,5616.0,-1.0,0
6501.7,8.2678,1.266,587.2,288.81726,1.609,0.91,5953.0,0.983,0
864260.0,7.7999,0.457,1103.1,6511.655,1.719,1.327,6723.0,-1.0,0
25338.0,1.49242,1.196,260.9,102.17868,1.0,1.0,5780.0,0.4475,0
164310.0,5.07591,0.496,2841.5,4466.4634,0.658,0.663,5251.0,0.2019,0
409030.0,5.55905,0.482,4247.8,37498.117,1.501,0.984,6231.0,-1.0,0
691.3,2.453,0.021,19.9,39.459423,0.67,0.699,5101.0,0.9712,1
3372.0,20.5899,0.203,685.3,178.98315,5.026,1.8,4968.0,0.1672,0
253150.0,4.87581,0.711,4541.1,19929.857,0.966,1.043,6106.0,0.0,0
256060.0,5.6831,0.704,4311.3,11667.681,1.415,0.926,5895.0,0.0,0
431.7,1.97,0.616,11.8,9.6594305,0.883,0.875,5638.0,0.0212,1
259.2,4.637,0.817,12.2,10.171093,0.826,0.789,4963.0,0.0198,1
110.4,16.332,0.174,17.6,10.589752,0.847,0.908,5524.0,0.3558,0
130720.0,4.0336,0.249,902.8,6226.1455,1.433,1.094,6224.0,0.0134,0
18441.0,2.6,1.222,9.4,143.15234,0.531,0.535,3857.0,0.9829,0
736.6,2.587,0.101,26.8,36.053734,25.287,3.644,4754.0,1.0,0
557.8,10.977,0.142,14.0,11.206927,0.866,0.965,5692.0,0.1786,0
818.0,2.4078,0.316,36.9,28.072544,13.941,2.853,4805.0,0.9924,0
5283.2,4.1774,1.28,314.0,484.23877,1.009,1.07,6225.0,0.9503,0
4658.5,2.07578,1.042,490.6,485.10043,7.102,1.775,4846.0,1.0,0
99147.0,3.3873,0.522,1761.4,6136.673,0.788,0.882,5530.0,0.0,0
44.0,2.483,0.459,28.7,14.588038,1.463,1.107,5929.0,0.9986,0
186680.0,7.27595,0.837,2905.9,12287.393,1.554,0.966,5883.0,0.1546,0
278260.0,4.8401,0.72,631.1,3422.971,1.328,1.206,6645.0,-1.0,0
380930.0,3.3542,0.525,155.4,6787.809,1.769,0.837,5299.0,-1.0,0
69.8,2.6502,0.505,19.2,15.084797,1.065,0.933,5574.0,0.6078,1
65.1,2.657,0.083,19.5,14.8216915,1.065,0.933,5574.0,0.958,1
346.3,22.445,0.801,15.5,13.463907,0.893,0.974,5880.0,0.2491,0
22672.0,2.2075,0.924,201.6,2931.091,1.417,0.887,6052.0,0.4595,0
132620.0,3.51946,0.567,1177.8,8550.145,0.809,0.864,5561.0,0.0,0
2417.1,4.4562,1.236,301.4,341.26794,1.565,1.083,6691.0,0.8451,0
1028.7,3.4648,1.215,62.5,50.492958,0.701,0.697,4428.0,0.533,0
25342.0,2.43922,0.936,396.2,6106.5376,1.119,1.109,6316.0,0.0483,0
243700.0,10.7925,0.73,1115.3,2029.207,1.44,1.013,6211.0,0.0,0
2139.0,3.5286,1.268,91.5,107.04744,0.71,0.675,5288.0,0.6048,0
861.0,17.026,0.633,48.8,35.408863,3.006,1.519,5874.0,0.4186,1
27.0,1.342,0.638,9.8,10.415884,1.102,1.075,6339.0,0.9802,0
438.7,8.232,0.928,21.1,14.221568,0.923,0.848,5729.0,0.1055,0
43895.0,2.1054,1.13,65.6,3742.9185,2.287,1.288,5692.0,0.0,0
277250.0,5.4548,0.646,440.1,2203.144,1.629,1.358,6844.0,-1.0,0
136150.0,37.7424,0.002,1656.7,541.31177,5.145,1.232,4809.0,0.0,0
377580.0,4.27355,0.513,779.2,4604.705,2.17,1.812,7945.0,-1.0,0
29.5,1.4446,0.777,2.7,11.274928,1.506,1.123,6290.0,0.1563,0
1336.4,11.007,0.01,13.1,13.001594,0.834,0.818,5119.0,0.9993,1
192.7,15.078,0.293,13.3,10.693657,0.905,1.021,5754.0,0.2297,0
165.4,16.43,0.031,15.2,10.739621,0.886,0.933,5595.0,0.9462,0
130.2,21.841,0.689,30.0,14.575216,1.048,1.069,5968.0,0.0086,0
5257.7,117.52,1.255,302.3,11.5120945,6.816,1.023,4794.0,0.3708,0
340.1,19.859,0.384,28.2,12.56148,0.693,0.676,4873.0,0.9951,0
374.4,27.49,0.966,35.4,15.434728,0.783,0.778,5442.0,0.5343,0
144.5,18.56,0.428,24.9,13.497753,0.691,0.776,5571.0,0.5811,0
51.5,20.282,0.746,21.4,10.922205,2.657,1.313,6098.0,0.0233,0
202.6,27.29,0.979,15.5,9.377767,0.72,0.796,5279.0,0.4503,0
251840.0,4.11699,0.709,6512.7,20960.871,1.297,1.213,6621.0,-1.0,0
417.5,2.627,0.049,13.6,12.472815,0.696,0.713,4746.0,0.5138,0
277950.0,4.31675,0.661,5552.2,33027.906,1.444,0.923,6181.0,-1.0,0
175470.0,4.53365,0.616,739.8,5236.927,0.787,0.851,5512.0,0.2826,0
1240.4,1.7616,1.262,120.5,107.69464,1.46,1.43,7332.0,0.981,0
603810.0,6.5605,0.198,637.1,5944.9346,3.373,2.023,7803.0,-1.0,0
60384.0,11.3122,0.762,3602.0,3139.9814,1.006,0.924,5843.0,0.3458,0
68454.0,9.1701,0.001,693.8,1433.228,0.736,0.698,5250.0,0.0916,0
2195.5,1.7865,1.264,152.1,61.495342,1.209,0.999,5876.0,0.9831,0
332.6,2.226,0.235,28.5,19.603708,8.179,1.053,4748.0,0.42,0
180.5,25.71,0.978,24.2,13.675006,0.887,1.003,5691.0,0.8665,0
94.2,18.764,0.879,20.5,9.401906,1.092,1.18,6246.0,0.3649,0
139.0,25.24,0.976,30.7,13.390169,0.826,0.926,5514.0,0.5787,0
139.4,28.88,0.984,21.1,10.874033,0.827,0.921,5742.0,0.5607,0
115.1,30.64,0.997,36.9,13.360286,1.357,1.019,6367.0,0.9629,0
214.1,26.15,0.98,15.5,11.390727,0.791,0.881,5761.0,0.8342,0
164980.0,3.60057,0.159,1208.2,17334.152,0.936,0.833,5301.0,-1.0,0
4856.1,2.76331,0.996,555.6,976.05585,3.018,2.002,8617.0,0.4292,0
2896.6,1.6116,0.951,68.9,110.06401,0.746,0.753,5511.0,0.8682,0
88195.0,4.69505,0.505,6581.3,12647.542,2.433,1.435,6562.0,0.3287,0
364900.0,6.51381,0.549,2443.8,5464.463,1.416,1.26,6630.0,-1.0,0
13696.0,18.2848,0.813,581.0,1621.3397,0.894,0.814,5955.0,-1.0,0
11273.0,1.6706,1.251,45.7,622.50745,0.883,0.972,5955.0,0.6846,0
267.8,3.281,0.962,12.1,27.446058,1.345,1.06,6432.0,0.246,1
297.2,5.255,0.951,12.7,19.670818,1.345,1.06,6432.0,0.3274,1
4309.3,6.663,1.286,103.4,133.67902,0.788,0.874,6063.0,0.8742,0
23692.0,3.2209,0.951,570.6,6098.033,1.109,0.991,6306.0,0.4594,0
22651.0,2.85554,0.96,2246.9,3524.3567,1.549,1.432,7049.0,0.0317,0
55297.0,3.91517,0.58,1872.6,2090.239,0.907,0.848,5949.0,0.7655,0
88822.0,3.07231,1.04,2153.0,8271.682,1.529,1.301,6535.0,0.517,0
104540.0,2.8923,0.794,536.8,3156.4097,0.694,0.742,5067.0,0.002,0
1626.8,7.5491,1.256,138.8,183.55302,1.777,1.074,6070.0,0.0034,0
435360.0,7.06623,0.466,5557.4,25009.854,1.449,1.107,6064.0,-1.0,0
137.2,1.114,0.874,5.9,12.704475,0.926,0.77,5650.0,0.2081,0
52172.0,2.4698,0.914,190.1,3581.9836,0.988,0.781,5838.0,0.5616,0
6405.9,11.0301,1.291,325.8,372.06815,2.168,2.057,8675.0,0.9554,0
263860.0,3.34471,0.237,2657.6,19467.596,1.257,0.891,6184.0,-1.0,0
67.0,3.1572,0.662,52.4,8.338421,0.847,0.736,5632.0,0.9758,0
603.3,51.666,1.211,121.8,9.4000025,2.641,1.291,6313.0,0.9914,0
115740.0,6.52216,0.978,4881.9,6291.3022,2.438,1.361,6631.0,0.0,0
47.3,4.438,0.311,19.8,14.827657,2.056,1.532,7286.0,0.263,0
39929.0,1.9227,0.002,29.3,258.73877,0.668,0.659,4535.0,0.546,0
8342.2,2.3191,1.262,173.2,267.3495,0.828,0.872,5423.0,0.0103,0
90827.0,3.9058,0.552,437.8,2717.9407,0.987,0.899,5726.0,0.0007,0
14578.0,1.9477,0.923,32.9,266.28836,1.824,1.043,5182.0,-1.0,0
79078.0,2.4682,0.996,124.3,2126.3347,0.905,0.827,5457.0,0.0082,0
48488.0,2.42989,0.863,529.4,6170.1167,1.753,1.098,6502.0,0.2339,0
375940.0,6.4648,0.534,802.9,1710.2537,1.13,0.869,5988.0,-1.0,0
138.8,2.895,0.008,14.1,11.9860735,0.947,1.025,6117.0,0.8367,0
106330.0,3.84264,1.111,1571.8,2925.4907,1.105,1.145,6387.0,0.0,0
409.0,28.492,0.973,123.7,21.781315,1.423,1.055,6381.0,0.3951,0
8707.6,31.5,0.885,190.8,21.207773,6.952,2.025,4849.0,0.9519,0
1005.0,3.918,0.815,23.8,22.224302,1.651,1.352,6264.0,0.0784,1
369230.0,6.93402,0.539,5143.6,18498.5,1.091,1.149,6075.0,-1.0,0
50681.0,2.48392,0.878,394.0,3979.5732,0.894,0.972,6029.0,0.0,0
64776.0,1.9123,0.838,119.7,561.2774,0.668,0.646,5446.0,0.755,0
22720.0,14.0957,0.004,140.9,223.34209,3.619,0.905,4847.0,0.0,0
66720.0,4.32532,0.198,1561.2,5586.1865,1.01,1.067,6283.0,0.5022,0
60401.0,2.8951,0.872,275.6,3879.8943,1.012,0.981,5931.0,0.886,0
142310.0,4.77434,0.174,1517.7,15810.294,0.843,0.756,5433.0,-1.0,0
65124.0,3.2232,1.083,316.9,2525.8513,1.162,1.04,6192.0,0.0149,0
5754.6,3.9623,1.264,170.8,247.66399,0.846,0.941,5603.0,0.0,0
430420.0,8.57374,0.457,3921.8,50310.24,0.977,0.992,5841.0,-1.0,0
16112.0,2.994,1.225,33.4,334.5305,1.547,0.907,5633.0,0.9905,0
316750.0,6.90375,0.593,3217.6,18313.04,0.989,1.058,6201.0,-1.0,0
313170.0,7.40348,0.613,8577.4,47019.348,1.21,1.011,6466.0,-1.0,0
46829.0,2.9472,0.879,290.7,4135.5884,1.454,1.046,6081.0,0.8217,0
142.8,3.548,0.068,10.6,9.643873,1.021,1.055,6174.0,0.5904,0
417.6,4.751,0.832,19.7,16.050957,0.818,0.857,5723.0,0.0758,1
366900.0,3.4421,3.219,560.2,10819.678,0.912,0.865,5615.0,-1.0,0
136140.0,2.7742,0.399,204.7,4143.89,0.774,0.732,5193.0,-1.0,0
137400.0,2.4676,0.905,354.4,1101.064,0.683,0.656,5461.0,-1.0,0
3289.3,2.3512,1.269,120.4,108.528564,0.836,0.903,5772.0,0.6955,0
449.0,5.18,0.081,6.0,18.333866,1.069,1.079,5929.0,0.8077,1
4391.1,2.4329,1.298,257.5,1791.9784,2.286,2.335,9565.0,0.9844,0
5021.3,4.8045,1.265,380.5,324.9946,4.089,1.014,5051.0,0.0421,0
1325.4,2.4777,1.341,23.6,36.18742,1.796,1.634,7429.0,0.992,0
243.8,3.695,0.532,15.8,12.554839,0.87,0.971,5650.0,0.0955,1
355.7,5.487,0.733,10.5,7.907219,1.035,1.096,6197.0,0.0635,0
176.3,6.152,0.548,12.7,10.77723,0.859,0.959,5639.0,0.4782,0
365.4,3.581,0.18,6.2,9.463428,0.741,0.822,4871.0,0.5354,0
174830.0,8.6122,0.852,1863.4,3243.4172,1.29,1.078,6505.0,0.0216,0
9817.8,3.8559,1.272,397.6,584.5861,0.933,0.821,5885.0,0.8187,0
177000.0,5.08572,0.675,3373.3,6029.956,0.659,0.723,5278.0,0.0001,0
187.5,9.25,0.658,12.9,8.71064,2.597,1.631,6790.0,0.8647,0
119350.0,4.14212,0.599,1520.0,9442.416,0.962,0.927,5960.0,0.9447,0
235100.0,3.5116,1.653,386.0,9092.194,0.601,0.685,5340.0,0.8327,0
115.1,2.159,0.224,11.4,9.148967,3.293,1.682,6705.0,0.3453,0
119810.0,10.6988,0.949,508.0,348.49265,3.185,2.016,8212.0,0.1844,0
3670.4,2.2432,1.321,107.4,175.70143,7.553,2.091,5037.0,0.4234,0
1025.9,24.312,0.173,37.6,14.341499,0.694,0.682,4641.0,0.5851,0
742.4,8.99,0.025,16.2,12.034195,0.848,0.937,5818.0,0.9151,1
117980.0,3.357,0.622,3665.4,4687.2827,1.058,1.11,6304.0,0.1353,0
68.4,1.659,0.424,9.3,7.8239374,0.501,0.514,4604.0,0.8445,0
186.2,2.169,0.276,11.4,11.591718,1.058,1.11,6304.0,-1.0,0
3856.2,1.5528,1.248,126.1,80.96738,0.875,0.761,5544.0,0.4257,0
6155.3,7.6706,0.895,239.5,525.4354,2.003,1.202,5971.0,0.2878,0
12867.0,5.5479,1.243,231.4,1991.6088,1.431,1.096,6558.0,0.1234,0
41770.0,3.4546,1.124,326.1,505.18005,2.624,1.8,7279.0,0.7624,0
72584.0,2.53163,0.804,1594.1,9029.422,3.219,1.503,6651.0,0.803,0
37980.0,7.803,0.745,813.6,3967.372,2.3,1.239,5870.0,0.0,0
523.2,6.278,0.714,11.5,7.1892066,6.065,1.81,4833.0,0.3231,0
10939.0,6.8769,1.253,364.0,1239.2777,0.901,0.939,5714.0,-1.0,0
332900.0,16.1937,0.15,1767.3,3081.883,3.145,0.957,5147.0,-1.0,0
649.9,4.812,0.721,20.6,13.204513,1.485,1.098,6486.0,0.3576,1
620.4,5.953,0.007,17.9,13.629135,1.485,1.098,6486.0,0.1024,1
87426.0,4.96038,0.272,5784.8,11840.263,1.724,1.488,7201.0,0.1515,0
86.0,2.297,0.616,9.8,8.125563,1.131,1.162,6461.0,0.1063,0
121540.0,6.33505,0.366,8022.8,24308.674,3.601,2.153,7666.0,0.1506,0
275.6,1.117,0.492,10.1,36.27747,0.63,0.63,4013.0,0.9195,0
347.6,0.9938,0.806,4.0,15.929204,0.887,0.776,5491.0,0.6842,0
184070.0,6.9735,1.137,933.5,2830.888,1.057,1.028,6300.0,0.6794,0
114.3,17.302,1.193,41.7,8.539365,1.161,1.188,6769.0,0.0522,0
32609.0,6.03,0.004,674.9,1726.6969,1.781,1.0,6195.0,0.7121,0
841900.0,14.0841,0.463,710.9,1259.5651,1.785,1.36,7026.0,-1.0,0
1941.7,1.7084,1.313,45.8,50.83642,4.712,3.504,11360.0,0.674,0
13858.0,5.5924,1.247,343.5,325.32214,0.741,0.822,5510.0,0.6506,0
2533.7,3.5943,1.271,111.3,114.71242,0.88,0.977,5783.0,0.4436,0
36133.0,6.4649,0.368,310.0,1248.4381,0.867,0.83,5872.0,0.9156,0
465.3,4.4389,1.205,59.5,52.450905,0.86,0.944,5927.0,0.9764,0
69923.0,4.11466,0.019,731.2,5444.6987,1.344,1.107,6208.0,0.0648,0
530.4,22.08,0.213,25.4,15.880621,0.852,0.969,5421.0,0.4547,0
645.1,7.844,0.013,16.4,17.391762,98.38,1.688,3599.0,0.437,0
499990.0,5.45573,0.336,899.3,5719.617,1.698,1.373,7426.0,-1.0,0
286810.0,4.02594,0.639,1550.9,16794.674,0.96,0.836,5372.0,-1.0,0
96134.0,2.1988,0.608,312.3,3099.3726,0.589,0.589,5022.0,0.9658,0
29236.0,3.6347,1.008,393.9,1499.5348,0.96,0.904,5940.0,0.2745,0
25015.0,3.10316,0.95,584.8,794.98206,1.18,1.202,6617.0,0.8543,0
362330.0,4.60837,0.548,1967.2,17093.107,0.961,0.956,5721.0,-1.0,0
108890.0,5.21924,0.065,1797.6,7242.694,0.988,0.825,5516.0,0.311,0
19796.0,2.0101,0.783,166.0,891.057,0.63,0.616,4483.0,0.0,0
9876.3,5.4958,1.128,415.0,776.90173,0.885,0.802,5388.0,0.0016,0
3153.1,3.4851,1.022,427.6,386.6577,1.807,1.152,6244.0,0.1914,0
40110.0,5.1339,0.002,506.4,1638.1337,1.157,1.186,6435.0,0.8495,0
43491.0,5.06514,0.822,4638.1,5860.6807,1.538,1.294,6712.0,0.0515,0
100160.0,8.8452,0.798,616.3,847.60876,0.863,0.954,5873.0,0.0,0
31778.0,8.8577,0.928,154.7,361.84592,0.997,1.072,6108.0,0.0,0
45966.0,6.276,0.895,34.2,385.94577,1.52,1.307,6826.0,0.9644,0
1056.2,23.85,1.296,272.8,38.111343,1.436,1.049,6428.0,0.964,0
12319.0,1.7543,0.99,238.9,1992.975,1.716,1.14,6384.0,1.0,0
29862.0,2.4462,1.169,86.5,611.1291,3.226,1.98,7517.0,0.0185,0
76.4,2.371,0.439,10.4,8.748803,1.155,1.038,6188.0,0.9432,0
12978.0,2.55435,0.99,2126.1,2201.4736,1.289,1.246,6399.0,0.1391,0
173010.0,2.6002,0.426,297.2,333.75443,0.566,0.559,4601.0,0.1551,0
74177.0,4.5905,1.092,613.1,840.43097,0.774,0.865,5654.0,0.6585,0
9482.0,7.464,0.864,98.1,313.64734,0.96,0.912,5812.0,0.6989,0
94124.0,3.94804,0.258,1117.0,3800.485,0.971,1.083,5957.0,0.0,0
38832.0,3.3465,1.162,249.4,2110.4111,0.791,0.881,5761.0,0.4304,0
205700.0,4.26585,0.7,2200.0,10478.589,1.083,0.987,6103.0,0.6071,0
334.0,5.342,0.156,16.6,23.22646,1.876,1.42,6731.0,0.6201,0
2373.0,3.7294,1.243,122.3,405.81424,35.695,1.863,4289.0,0.4096,0
1337.2,2.407,0.104,16.2,18.332762,1.514,0.937,5254.0,0.399,1
1058.4,2.135,0.064,15.3,18.156115,1.514,0.937,5254.0,0.6917,1
73081.0,6.8091,0.002,350.4,1350.6888,0.798,0.812,5495.0,0.0,0
1657.8,8.419,0.642,25.9,20.487455,0.759,0.817,4895.0,0.6335,1
244.0,1.2638,0.388,29.5,20.960924,0.788,0.765,4821.0,0.4563,1
135.8,10.539,0.583,17.8,14.571878,0.918,0.974,5815.0,0.9858,0
203490.0,3.35989,0.448,1284.0,9107.342,0.624,0.614,4947.0,-1.0,0
2672.9,7.5348,0.027,70.1,456.50208,0.812,0.906,5478.0,0.0042,0
85995.0,4.89701,0.517,7878.0,11636.365,1.506,1.18,6297.0,0.2995,0
2750.0,8.098,1.264,92.8,107.227135,0.998,1.107,5763.0,0.8873,0
3026.0,1.6107,1.297,35.9,28.37828,0.594,0.592,5008.0,0.7458,0
9520.1,2.9526,1.268,168.0,255.40018,0.986,1.093,5993.0,0.9657,0
88.5,4.013,0.676,21.0,12.690968,1.07,0.979,5899.0,0.6238,0
314930.0,7.08365,0.62,3069.4,16876.35,0.965,0.992,6074.0,-1.0,0
292.2,11.94,0.885,21.1,16.111782,1.291,1.077,6115.0,0.8325,1
1917.9,3.493,0.112,22.7,16.18784,0.564,0.605,3891.0,0.098,1
34565.0,3.82224,1.077,635.5,2449.7307,1.189,1.062,6385.0,0.4728,0
80226.0,3.82353,0.431,759.1,2409.2993,0.904,0.885,5796.0,0.001,0
23269.0,3.3828,0.003,511.7,571.6555,2.492,2.444,9696.0,0.1015,0
2063.6,3.0646,1.246,163.9,63.973824,12.899,2.785,4822.0,1.0,0
966.7,9.363,1.223,92.1,10.047079,0.651,0.634,4852.0,0.7477,0
154870.0,2.771,0.739,1041.8,13815.108,1.083,0.876,5949.0,0.4091,0
59095.0,2.7233,2.195,515.5,838.71173,1.015,1.066,6372.0,0.8487,0
44315.0,8.45037,0.272,2019.7,1800.4244,0.805,0.889,5899.0,0.0098,0
5915.0,2.876,0.984,15.8,107.57253,1.717,1.384,7301.0,0.9873,0
37.1,1.206,0.267,15.9,10.398751,1.671,1.46,7193.0,0.9589,0
1661.7,4.49,0.338,18.6,12.787113,0.564,0.605,3891.0,0.788,1
503.5,3.042,1.115,10.8,8.314332,0.514,0.52,3729.0,0.5596,0
147.7,2.373,0.441,12.3,10.144701,0.82,0.931,5413.0,0.9364,1
5259.0,3.699,1.277,56.6,408.60593,1.745,0.979,5893.0,0.6223,0
14608.0,2.9845,0.861,86.7,732.3129,0.658,0.73,4608.0,0.1713,0
467860.0,21.4259,0.426,1365.9,11276.919,0.959,1.045,5999.0,-1.0,0
4325.0,6.9616,1.282,171.3,188.76498,0.94,1.032,5910.0,0.6466,0
56841.0,4.94674,0.403,4146.7,10491.035,2.071,1.537,7249.0,0.0483,0
171130.0,4.9153,0.124,338.2,3223.9841,0.989,0.912,5720.0,0.052,0
136.0,3.286,1.213,18.1,12.879899,1.606,1.14,6144.0,0.8033,0
15.0,5.281,0.511,32.9,9.994092,2.449,2.609,10346.0,0.5885,0
57.8,2.741,0.553,13.2,8.53183,1.0,1.0,5780.0,0.2254,0
24.4,1.689,0.096,9.3,10.425457,0.976,0.918,5689.0,0.9535,0
28.6,1.127,0.547,14.8,9.095842,2.022,2.213,9456.0,0.6736,0
293.9,2.513,1.238,12.3,11.441388,0.828,0.916,5797.0,0.5388,0
2388.2,3.762,1.284,32.2,46.379704,0.666,0.646,5182.0,0.4249,0
104600.0,5.8043,0.993,97.3,142.66794,1.0,1.0,5780.0,0.1075,0
498.7,11.942,0.943,24.4,18.204784,1.2,1.089,5970.0,0.4027,1
332340.0,2.28163,0.548,573.2,2483.3396,3.584,0.891,4884.0,-1.0,0
372420.0,16.1723,0.0,280.6,2454.2456,1.0,1.0,5780.0,-1.0,0
8772.9,63.196,0.472,200.6,55.1036,0.527,0.525,4040.0,0.9154,0
878.3,5.404,0.001,18.7,15.309192,0.58,0.565,4260.0,0.1432,0
270.2,9.331,0.944,12.9,11.244823,1.451,1.0,5592.0,0.73,1
94008.0,24.3711,0.227,576.6,129.59291,1.87,2.128,9341.0,0.9405,0
1112.0,1.43,1.129,9.7,34.07148,1.501,0.897,6911.0,0.7175,0
55654.0,14.48,0.001,112.3,282.77557,1.501,0.897,6911.0,0.0,0
61867.0,5.045,0.692,700.5,2587.2346,0.906,0.993,5984.0,0.611,0
223.2,9.251,1.181,63.4,9.473499,5.97,2.114,6715.0,0.8361,0
278090.0,2.58667,0.636,1228.9,16605.479,0.573,0.571,4789.0,0.0,0
48375.0,7.79748,0.218,5156.6,5343.073,2.755,1.223,6300.0,0.0052,0
121810.0,6.5974,0.945,2541.2,3781.766,0.81,0.905,5616.0,0.9018,0
174.0,3.024,0.36,7.9,7.3192124,0.875,0.787,5649.0,0.9529,0
1684.2,2.3544,0.036,112.8,358.12863,1.686,1.053,6180.0,0.0033,0
279000.0,7.06068,0.664,2389.2,5312.4517,1.0,1.037,5722.0,-1.0,0
92.2,3.9753,0.354,3.6,10.793255,1.035,1.096,6197.0,0.7611,0
253680.0,2.64151,0.531,643.6,6061.718,0.873,0.948,6205.0,-1.0,0
157750.0,2.54242,0.855,514.4,11568.972,0.715,0.686,5067.0,0.0,0
45400.0,4.73495,0.219,4313.4,6392.967,1.508,1.065,6269.0,0.7837,0
80.9,1.84,0.338,9.9,11.808661,0.853,0.742,5672.0,0.966,0
378550.0,8.73393,0.386,2624.6,20355.152,0.755,0.844,5938.0,-1.0,0
178470.0,2.08375,0.001,502.0,3452.277,0.349,0.358,3520.0,0.1948,0
121990.0,5.32062,0.93,2541.7,3967.1553,0.826,0.907,5973.0,0.0442,0
221200.0,14.0996,0.003,2648.4,16099.348,1.168,0.846,5657.0,0.0,0
155610.0,4.90392,0.725,5497.0,13901.998,1.286,1.03,6350.0,-1.0,0
48674.0,3.85011,1.135,3062.6,9399.8545,1.468,1.066,6367.0,0.0,0
65833.0,4.295,1.084,1053.1,1880.2516,0.913,1.004,5926.0,0.0425,0
10088.0,3.59854,1.261,585.4,580.1726,0.705,0.673,5185.0,0.8879,0
315130.0,5.01919,0.613,3786.7,32753.13,0.763,0.853,5623.0,-1.0,0
2707.8,2.14715,1.281,504.1,593.68713,3.514,1.53,6587.0,0.0835,0
341970.0,7.53677,0.575,2957.7,12528.959,0.802,0.745,5256.0,-1.0,0
66.1,7.638,0.385,18.2,9.527407,0.753,0.843,5525.0,0.7658,0
522880.0,11.5917,0.249,1487.2,3443.7498,3.07,1.922,8117.0,-1.0,0
70781.0,11.4071,1.081,283.7,403.76572,3.07,1.922,8117.0,0.9816,0
394230.0,11.5142,1.368,3458.3,8702.419,0.65,0.635,5191.0,0.8937,0
308500.0,1.97644,1.138,808.3,8782.887,0.463,0.48,4399.0,-1.0,0
49833.0,3.0271,0.906,351.1,7721.653,1.262,1.091,5826.0,0.0,0
20.0,6.881,0.701,24.3,10.076053,2.041,1.668,7331.0,0.9999,0
120270.0,4.34296,0.948,502.0,13952.613,1.026,0.961,6033.0,-1.0,0
190190.0,1.79962,0.779,1049.3,3594.6064,0.526,0.53,4627.0,0.9463,0
53075.0,3.87956,1.121,602.3,7656.48,1.168,1.247,6154.0,0.0,0
126980.0,4.7847,0.954,472.8,31448.91,1.921,1.707,7652.0,0.0,0
124930.0,4.32742,1.094,2025.7,5191.9297,0.908,0.996,5970.0,0.5152,0
127.3,1.17,0.025,8.3,20.868204,18.959,2.948,5283.0,0.9663,0
29839.0,2.84685,1.185,443.6,3564.7332,0.794,0.853,6018.0,0.2589,0
375340.0,3.72527,0.479,1737.7,16859.463,1.047,0.954,6065.0,-1.0,0
35756.0,2.45699,1.233,445.3,773.0808,0.795,0.885,5419.0,0.0,0
150680.0,5.7219,0.67,489.6,7268.926,0.822,0.854,5391.0,-1.0,0
76162.0,2.66475,0.718,1150.7,6111.0522,1.241,1.153,6440.0,1.0,0
352810.0,21.1764,0.0,1834.5,9825.477,0.717,0.68,5260.0,-1.0,0
92.5,1.772,0.518,14.0,9.257696,0.687,0.757,5367.0,0.9652,0
224.7,2.4864,1.174,40.2,11.749644,0.883,0.929,5977.0,0.8075,0
46.1,1.0597,0.71,15.9,9.910051,1.585,1.127,6514.0,0.213,0
399170.0,15.9897,0.51,915.3,4108.7007,1.729,1.11,6569.0,-1.0,0
96480.0,7.63621,1.009,4403.8,7443.9375,1.741,1.1,6011.0,0.0,0
69414.0,4.03833,1.069,1186.0,5342.1294,0.9,0.985,6024.0,0.0,0
62.9,5.315,0.064,16.0,10.178919,7.342,2.233,6286.0,0.8775,0
4184.6,3.2605,1.298,82.6,500.239,0.888,0.867,5929.0,0.964,0
421.3,18.534,1.209,102.3,11.520877,3.837,1.757,6564.0,0.5764,0
31.9,7.847,0.992,12.5,7.8120313,2.412,1.122,6028.0,0.9364,0
41142.0,2.6494,1.141,339.5,905.40314,1.348,0.944,5433.0,0.0,0
283.3,0.1046,0.955,4.7,7.195924,1.523,1.338,6333.0,0.9084,0
237600.0,5.3012,0.743,3164.4,25761.838,0.829,0.928,5569.0,0.0833,0
4759.6,1.8478,1.259,181.3,343.8974,0.701,0.781,4963.0,0.0,0
230740.0,3.5521,0.798,1111.9,15494.061,0.723,0.803,5622.0,0.0001,0
222360.0,5.07999,0.757,4456.6,11564.339,1.485,1.046,5993.0,0.1518,0
502.5,10.287,0.973,21.6,10.227767,4.185,1.866,6681.0,0.6686,0
236720.0,5.48853,0.739,2907.6,6626.6484,0.562,0.572,3977.0,0.0024,0
54.4,10.32,1.13,15.8,9.453849,2.106,1.511,6831.0,0.1601,0
581.4,4.19,0.019,10.9,7.1754837,6.226,1.179,4992.0,0.203,0
333640.0,3.57993,0.589,713.8,15106.515,0.961,0.825,5446.0,-1.0,0
349700.0,5.90232,0.358,8168.6,20670.848,1.216,1.24,6818.0,-1.0,0
280750.0,13.4919,0.631,2583.7,15425.731,1.347,1.284,6674.0,-1.0,0
58790.0,4.62417,1.104,1599.1,5104.599,1.039,0.981,5857.0,0.0,0
246.4,9.8,0.592,9.8,8.195831,2.049,1.237,6295.0,0.0,0
6084.6,3.9377,1.284,258.1,1225.7109,1.254,0.831,5953.0,0.0,0
140580.0,4.11779,0.886,1589.6,16096.433,1.267,0.966,6011.0,-1.0,0
139.9,1.0114,0.345,19.2,11.277555,12.487,2.731,4994.0,0.9459,0
238220.0,8.3777,0.606,156.8,5966.992,0.915,0.994,6126.0,-1.0,0
77324.0,4.05376,1.054,976.0,6199.2515,0.843,0.93,5873.0,0.0,0
217540.0,6.9719,0.206,268.7,4912.5977,0.65,0.717,5030.0,0.0386,0
115.8,48.69,1.137,36.1,14.326993,1.001,0.831,5515.0,0.1436,0
296480.0,5.59653,0.317,6979.7,14686.157,0.919,1.0,6099.0,-1.0,0
130080.0,5.94104,0.253,5131.4,14726.335,1.093,0.986,6284.0,0.9782,0
359090.0,10.0915,0.555,2415.6,12874.616,0.917,0.77,5623.0,-1.0,0
132860.0,8.0666,0.689,312.5,4202.9165,0.587,0.587,5030.0,0.5265,0
71631.0,3.16757,1.062,563.9,3174.9177,0.924,0.864,5622.0,0.0,0
461.0,2.79,0.013,23.5,15.072552,15.355,3.121,4840.0,0.8201,0
42.7,2.539,0.81,15.4,9.142647,2.176,1.415,6596.0,0.9982,0
54.9,1.2082,0.476,16.8,14.339321,0.911,0.806,5381.0,0.8686,0
4143.4,4.9442,0.895,79.8,181.69836,0.695,0.665,5220.0,0.7381,0
357470.0,9.7746,0.56,3813.5,22832.904,1.105,1.135,6522.0,-1.0,0
120210.0,7.77203,0.318,8251.5,12819.482,1.536,1.076,6109.0,0.0,0
165030.0,4.37027,0.855,1071.6,21201.256,2.094,1.687,7742.0,-1.0,0
78.9,2.655,0.021,8.5,7.4616175,0.544,0.564,3931.0,0.9514,0
97123.0,5.36124,0.776,1587.6,6211.1597,1.143,1.04,6425.0,-1.0,0
19.3,3.301,0.53,9.8,8.795994,1.196,0.975,6056.0,0.1421,0
298.8,3.654,0.793,10.7,9.662641,0.732,0.832,5602.0,0.0406,0
34957.0,1.6393,1.178,79.8,48.65337,0.647,0.632,5110.0,0.6385,0
118360.0,4.36387,0.252,4696.8,7447.298,1.63,0.775,5870.0,-1.0,0
358580.0,10.0879,0.346,3017.9,48732.562,1.391,1.427,6773.0,-1.0,0
338.1,22.106,0.982,27.0,7.791055,1.837,1.383,6917.0,0.5802,0
317670.0,7.28274,0.52,6707.7,12087.34,0.854,0.943,5644.0,-1.0,0
82601.0,5.73122,1.045,2768.6,4422.4136,1.016,0.9,6095.0,0.0317,0
2477.0,16.5797,0.958,304.0,46.47178,2.17,1.379,7094.0,0.9749,0
269850.0,3.41062,0.621,1575.9,20417.725,0.951,0.888,6116.0,-1.0,0
60.0,3.069,1.043,8.8,11.837865,1.53,1.35,6850.0,0.4436,0
104240.0,7.8377,1.0,175.7,399.30194,2.804,1.682,7216.0,0.8755,0
4946.0,4.563,0.88,34.3,32.636223,0.863,0.954,5873.0,0.4715,0
1530.0,4.013,0.913,11.6,12.845109,0.997,1.072,6108.0,-1.0,0
317.6,4.393,1.004,7.1,16.037567,35.695,1.863,4289.0,0.9502,0
76413.0,4.73492,1.061,1797.4,3704.5034,0.702,0.796,5951.0,0.0,0
59429.0,2.67349,0.867,394.4,1560.35,0.916,1.008,5896.0,0.9515,0
9662.2,5.1822,1.26,151.8,165.07071,0.54,0.548,4831.0,0.5568,0
42549.0,5.43677,1.149,942.6,1558.1451,0.876,0.903,5774.0,0.4194,0
38851.0,7.25775,0.378,2390.4,5434.5547,2.086,1.244,6100.0,0.1761,0
337540.0,3.76585,0.574,850.4,4319.8896,0.613,0.665,4867.0,-1.0,0
205870.0,11.4007,0.343,3150.9,13503.378,2.048,1.196,6468.0,-1.0,0
408770.0,2.8029,0.477,997.7,20016.305,0.454,0.466,4239.0,0.0,0
743.6,1.0713,0.976,182.9,44.47429,3.137,1.479,6429.0,0.9789,0
38.4,8.689,0.628,16.0,9.385214,2.679,2.441,9451.0,0.9653,0
293720.0,4.54864,0.641,590.7,12307.685,0.718,0.811,5519.0,-1.0,0
166.8,27.29,1.21,79.5,11.254124,2.652,1.519,6541.0,0.6346,0
70.4,1.249,0.357,11.1,8.966737,0.909,0.957,6075.0,0.5043,0
110.4,1.0,0.033,12.1,9.963305,0.741,0.715,4949.0,0.993,0
149300.0,4.9939,0.65,174.5,2790.9436,1.342,1.374,6785.0,-1.0,0
137300.0,3.85009,0.879,1666.6,7476.891,1.515,1.261,6271.0,0.0084,0
13.5,2.394,0.768,7.8,16.560652,1.685,1.643,8847.0,0.1529,0
57.7,2.2865,0.432,38.8,13.154512,2.368,1.337,6224.0,0.9996,0
23.5,0.993,0.37,9.0,7.7939034,2.449,1.366,6280.0,0.9182,0
63502.0,9.55999,0.627,4419.3,4749.86,1.832,2.144,9454.0,0.0066,0
209010.0,5.8262,0.425,2807.8,7646.191,0.868,0.822,5704.0,-1.0,0
154380.0,8.0331,0.881,583.6,1806.0754,1.775,1.461,7128.0,0.9043,0
185.7,3.251,0.196,10.9,10.04428,13.654,2.009,4820.0,0.8543,0
308870.0,8.82403,0.63,3602.0,13456.09,1.419,1.317,6894.0,-1.0,0
277000.0,3.57105,0.669,893.6,10011.819,0.756,0.812,5591.0,-1.0,0
497660.0,5.8097,0.336,711.8,890.72577,1.748,1.406,6919.0,-1.0,0
9568.3,4.4135,0.846,153.3,604.4801,0.783,0.875,5629.0,-1.0,0
399780.0,3.5342,0.496,445.6,11471.744,0.807,0.783,5284.0,-1.0,0
300510.0,5.56983,1.037,5606.7,14431.752,0.959,0.942,6089.0,-1.0,0
122.1,3.639,0.412,14.7,12.494745,0.505,0.514,3787.0,0.4083,0
48153.0,3.96227,0.908,5446.9,5528.5713,1.611,1.066,5925.0,0.0252,0
271.7,84.32,1.17,141.5,12.07556,2.73,1.733,6821.0,0.8317,0
317480.0,5.49531,0.616,1365.1,23853.852,2.406,1.43,6881.0,-1.0,0
44980.0,4.34991,1.051,2281.0,3634.8604,1.436,0.97,6175.0,0.9722,0
6547.8,3.101,1.312,284.4,912.41644,1.087,0.854,5880.0,0.0,0
340670.0,10.6304,0.677,5867.8,14270.752,0.916,0.859,5557.0,-1.0,0
17120.0,4.31197,1.226,711.4,858.71075,4.062,1.73,5260.0,0.4446,0
231170.0,3.7184,0.73,2046.8,13937.326,1.663,1.023,6297.0,0.7864,0
11657.0,1.9216,1.172,43.3,392.86017,0.753,0.725,4961.0,0.0078,0
87205.0,2.23102,1.021,740.2,4893.0938,0.7,0.776,5427.0,-1.0,0
29265.0,5.0698,0.928,284.7,1316.6489,1.023,1.018,6065.0,0.0,0
185510.0,4.22504,0.089,3641.6,31861.896,0.708,0.673,5359.0,-1.0,0
393410.0,19.4093,1.883,4414.3,4479.3794,1.406,0.922,5618.0,-1.0,0
104560.0,2.2396,0.579,303.0,3349.8833,0.784,0.726,5426.0,0.0,0
383430.0,5.14771,0.285,1070.6,33388.266,0.99,0.926,5843.0,-1.0,0
105260.0,6.384,0.8,476.7,4536.029,0.719,0.803,5335.0,0.0275,0
78.7,5.241,0.778,51.1,9.85308,2.211,1.641,7117.0,0.1526,0
23842.0,1.871,1.192,262.6,1033.5088,0.811,0.772,5258.0,0.8717,0
286.8,17.26,0.034,20.0,13.118262,1.198,1.045,5866.0,0.15,0
6683.5,1.64247,1.274,279.1,789.7803,1.369,1.18,6437.0,-1.0,0
288.1,16.791,1.004,79.9,9.873019,2.724,1.834,7046.0,0.8134,0
16.6,1.119,0.345,12.0,9.048398,1.726,1.263,6218.0,0.9284,0
366580.0,6.10362,0.394,3809.8,24137.738,0.808,0.813,5610.0,-1.0,0
6223.0,22.25,0.997,74.6,14.600416,1.781,1.558,7239.0,0.0065,0
3590.8,1.5908,1.239,100.1,322.26666,1.669,1.063,5496.0,0.7004,0
19681.0,5.0308,2.095,118.1,870.9407,2.703,1.055,5638.0,0.0059,0
75927.0,4.26661,1.087,1691.5,6209.734,1.083,1.034,6098.0,0.3053,0
126.0,2.974,0.359,9.0,7.215924,0.854,0.968,5561.0,0.3097,0
91307.0,6.78534,1.025,4262.1,11115.283,1.528,0.955,6248.0,-1.0,0
1321.6,4.2703,1.214,147.7,778.3558,162.725,1.075,3198.0,0.0,0
9880.5,2.8712,1.273,299.2,592.5316,0.83,0.824,5967.0,0.0,0
20.4,7.5902,0.104,4.5,7.5939636,1.052,1.06,6305.0,-1.0,0
73961.0,5.17846,0.971,3830.9,4368.355,0.945,1.019,6079.0,0.1947,0
37583.0,7.72717,1.025,1504.9,1550.1805,1.101,0.942,6015.0,0.0974,0
384.7,2.218,0.017,37.2,22.437555,9.476,2.653,5029.0,0.9488,0
302580.0,5.53385,0.629,3990.5,12060.722,0.756,0.846,5293.0,-1.0,0
20.1,2.33,0.603,7.4,7.6880116,1.631,1.409,6527.0,0.8431,0
74653.0,5.8919,1.062,2882.0,13887.202,2.439,1.558,7617.0,-1.0,0
228680.0,8.31171,0.763,3245.9,5374.158,0.829,0.906,5633.0,0.0018,0
662680.0,13.8913,3.4,1602.7,5770.4634,0.752,0.7,5375.0,-1.0,0
206810.0,5.51934,0.788,4284.2,19405.742,1.045,1.047,6200.0,0.0002,0
399530.0,3.98088,0.498,1093.2,11023.33,0.76,0.735,5176.0,-1.0,0
268.5,7.2871,1.247,256.3,24.489475,2.896,2.984,11076.0,0.2294,0
256090.0,9.88456,0.71,5260.3,31312.152,2.59,1.723,6807.0,-1.0,0
261730.0,15.5723,0.298,4263.6,26927.043,0.979,0.959,6085.0,-1.0,0
43.7,1.7606,0.489,23.8,9.619407,0.96,1.047,5982.0,0.9961,0
55165.0,7.80412,0.455,2046.2,2386.545,1.035,1.096,6197.0,0.9052,0
2019.5,1.27896,1.294,457.8,168.30475,4.167,1.298,5022.0,0.9846,0
181.9,2.117,0.353,9.6,8.608186,0.842,0.839,5659.0,0.7556,0
136.0,3.349,0.766,9.9,7.609726,0.819,0.814,5392.0,0.849,0
289820.0,2.4577,0.553,542.2,6546.4233,0.702,0.69,4765.0,0.3621,0
153900.0,6.99715,0.88,3033.4,12056.819,2.072,1.173,6263.0,0.0,0
7342.5,3.30141,1.247,1159.9,895.15826,9.356,2.434,4927.0,0.0,0
157610.0,2.04757,0.821,431.3,1527.7057,0.627,0.619,5182.0,0.8836,0
361620.0,10.4634,0.526,3044.1,37991.027,1.158,0.94,6267.0,-1.0,0
34470.0,4.21133,0.81,3642.0,7082.3174,3.009,1.808,7259.0,-1.0,0
168780.0,5.50884,0.835,1753.5,6964.22,1.631,1.484,7162.0,0.9043,0
55374.0,4.82208,0.891,2884.0,6259.572,1.141,0.941,6356.0,0.0003,0
50.0,0.627,0.26,12.7,9.073817,1.055,1.065,5812.0,0.5419,0
97564.0,5.64674,0.269,8326.3,10078.414,1.554,1.267,6295.0,0.0036,0
134180.0,13.8604,0.388,8616.1,15279.348,1.692,1.051,6322.0,0.0989,0
214600.0,5.98531,0.772,1408.6,19375.854,1.414,1.005,5864.0,-1.0,0
346180.0,4.34882,0.559,644.7,7223.803,0.989,0.94,5753.0,-1.0,0
59.6,2.521,0.093,10.0,7.42086,1.284,0.955,5403.0,0.4162,0
213840.0,6.88069,1.623,4407.8,16704.756,2.884,1.418,6461.0,0.7879,0
58975.0,11.5759,0.328,1797.6,3216.8652,0.855,0.776,5330.0,0.0,0
125480.0,5.19791,0.203,2964.7,3512.5398,0.996,1.07,6122.0,0.0011,0
66.0,2.971,0.133,8.9,8.219778,0.869,0.973,5436.0,0.2893,0
144.9,5.015,0.793,16.0,11.577681,0.852,0.798,5390.0,0.7109,0
351.4,3.892,0.565,27.1,10.125289,5.344,1.072,5016.0,0.5512,0
156160.0,21.6014,0.499,2927.4,6381.008,1.044,0.894,5463.0,0.0,0
630520.0,20.7947,0.252,2055.9,3228.0088,0.719,0.676,5538.0,-1.0,0
410080.0,19.1378,0.496,2126.1,25656.36,0.964,1.041,6122.0,-1.0,0
37663.0,3.77887,1.175,658.2,2836.99,2.385,1.352,6351.0,0.9616,0
185860.0,4.05563,0.825,1542.6,4963.4756,0.87,0.837,5387.0,0.4742,0
84.8,3.643,0.41,11.8,10.076007,1.013,0.988,6047.0,0.234,0
247180.0,6.02685,0.277,5758.7,17241.697,1.44,1.135,6664.0,-1.0,0
47337.0,1.5795,0.262,476.0,1942.0485,0.683,0.668,4664.0,0.0002,0
37721.0,4.1603,1.167,164.2,2384.6194,0.867,0.84,5858.0,0.0,0
702440.0,6.26327,0.597,2651.1,18140.393,1.863,1.396,6230.0,-1.0,0
341790.0,11.4277,0.564,3691.9,12864.678,1.217,0.907,5912.0,-1.0,0
300710.0,8.11952,0.12,2082.6,8039.8467,3.211,1.52,5788.0,-1.0,0
164850.0,7.0245,0.548,671.3,2266.0671,0.798,0.868,5653.0,0.0,0
551.5,3.685,0.035,18.3,13.35582,16.755,2.185,4475.0,0.9366,0
37338.0,4.1847,1.164,229.7,494.1162,1.0,1.0,5780.0,0.0,0
76.7,2.1931,1.045,31.4,28.616533,2.108,2.284,9609.0,0.1115,0
690240.0,29.059,0.0,655.2,2327.0876,1.875,1.322,6915.0,-1.0,0
117110.0,6.32492,0.969,2951.2,5625.374,2.06,1.242,5923.0,0.0728,0
3348.7,16.467,1.288,131.0,27.067478,0.674,0.743,5226.0,0.9907,0
316.0,2.79,0.019,9.8,7.2436705,13.874,1.845,4597.0,0.8502,0
68184.0,3.72007,0.985,3442.2,10441.636,1.785,0.798,5537.0,0.0,0
124830.0,4.24721,0.952,2671.7,8921.615,1.17,1.041,6492.0,0.2335,0
14.2,3.496,0.678,12.8,9.067134,1.455,1.144,6609.0,0.1449,0
202.4,16.261,1.153,87.1,11.341519,1.036,1.012,6300.0,0.8271,0
532.9,16.1346,0.947,210.1,10.471365,1.264,1.173,6612.0,0.9861,0
42519.0,5.71731,1.15,1537.8,1765.5177,0.967,0.936,5838.0,0.0956,0
450.7,0.6624,0.327,20.2,19.136074,1.122,0.998,6312.0,0.0289,0
280070.0,5.4458,0.647,419.9,1836.5867,1.488,1.261,7002.0,-1.0,0
13438.0,2.42645,1.247,733.6,2563.2917,0.764,0.855,5508.0,0.4843,0
80671.0,13.4849,0.788,604.3,1858.3221,1.892,1.365,6703.0,0.0373,0
1118.1,5.6357,1.237,145.3,129.5754,0.962,0.869,5951.0,0.8308,0
340910.0,5.36467,0.553,1379.1,13211.092,1.046,0.921,5780.0,-1.0,0
114.6,2.309,0.291,13.8,10.975639,0.797,0.885,5855.0,0.9979,0
161930.0,2.91005,1.003,1899.1,4803.0005,0.766,0.854,5452.0,0.6318,0
68002.0,5.2235,1.031,374.8,2959.7893,0.804,0.716,5655.0,-1.0,0
342090.0,5.47901,0.579,3314.7,17013.705,0.829,0.915,5973.0,-1.0,0
140030.0,4.73293,0.89,1329.6,6210.0146,1.174,1.197,6467.0,0.0,0
57316.0,3.46341,0.909,1048.1,8218.204,1.463,1.073,6215.0,-1.0,0
278040.0,8.275,0.351,4680.2,15276.729,1.387,1.109,6271.0,-1.0,0
116050.0,6.4205,0.944,759.7,1928.346,0.755,0.845,5458.0,0.2803,0
290.2,1.368,0.199,8.5,9.748285,0.668,0.659,4535.0,0.9793,0
44576.0,2.46338,0.899,907.2,2562.812,0.634,0.699,5085.0,0.0101,0
48.6,3.653,1.079,12.1,8.710615,0.991,1.06,6185.0,0.9572,0
378390.0,3.8102,0.84,671.9,5892.1704,0.991,0.983,5951.0,-1.0,0
144600.0,4.92516,0.901,1662.0,9310.233,2.314,1.94,8027.0,0.0891,0
391260.0,11.6768,0.519,2164.4,40551.402,1.117,1.128,6618.0,-1.0,0
74.5,6.6038,1.013,3.5,11.119111,1.684,1.419,7138.0,0.4301,0
45979.0,7.39097,0.86,2393.2,4153.327,0.697,0.772,5315.0,0.712,0
28977.0,4.81451,1.2,1262.3,1860.0121,2.415,1.284,6422.0,0.9611,0
53.9,1.032,0.469,7.0,7.777736,1.258,1.15,6302.0,0.5426,0
311050.0,3.6713,0.619,537.4,19132.963,1.064,1.029,6100.0,-1.0,0
45.8,8.529,0.146,13.4,7.6422644,1.109,0.873,5831.0,0.5975,0
105.4,2.887,0.042,10.6,11.85715,0.898,0.994,5822.0,0.6396,0
400010.0,3.20209,0.388,1095.9,4264.69,0.717,0.68,5260.0,0.9777,0
43087.0,7.90317,0.749,3799.5,6275.6,2.214,1.389,6770.0,-1.0,0
408.4,4.657,0.734,9.4,11.82582,1.242,1.148,6474.0,0.9157,1
131940.0,3.1925,0.905,1149.3,6334.498,1.078,1.126,5962.0,-1.0,0
172.1,6.168,1.167,25.5,10.400062,5.272,1.386,4909.0,0.9307,0
114.9,3.491,0.712,18.9,10.098068,0.866,0.895,5766.0,0.5803,0
12.9,3.151,0.121,11.2,8.7347975,1.025,0.942,6300.0,0.4543,0
414350.0,14.242,0.489,1337.0,14578.166,1.08,0.972,5731.0,-1.0,0
66012.0,4.9641,1.123,204.0,1330.6115,1.051,0.962,6134.0,-1.0,0
393900.0,5.8903,0.506,2540.6,10816.09,1.066,1.122,6247.0,-1.0,0
46565.0,5.23771,1.126,785.0,2542.8926,0.9,0.847,5754.0,0.1524,0
92672.0,4.4621,0.777,1620.8,2878.115,0.963,1.038,5941.0,0.2485,0
84.1,1.395,0.284,14.8,11.508818,0.86,0.955,5799.0,0.77,0
26.1,1.3693,0.134,2.3,12.947563,0.828,0.817,5367.0,1.0,0
15298.0,4.0656,1.242,85.5,104.93398,1.0,1.0,5780.0,0.0,0
185.6,3.152,0.688,11.4,9.878232,0.875,0.835,5385.0,0.9705,0
219220.0,7.41807,0.753,1566.8,3280.7974,0.542,0.546,3892.0,0.3452,0
34770.0,2.82428,1.172,477.0,3760.1272,1.524,1.117,6531.0,0.5227,0
448.9,7.6066,1.195,40.3,26.635138,1.955,1.571,7514.0,0.9255,0
176.6,3.2604,0.205,49.6,10.505587,0.625,0.611,4447.0,0.7333,0
436510.0,6.29783,0.353,3167.9,23640.102,0.694,0.665,5282.0,-1.0,0
60.6,2.924,0.445,10.5,9.086045,1.508,1.032,5691.0,0.3729,0
313.8,1.549,0.529,12.4,10.339706,0.749,0.707,5210.0,0.1374,0
8245.0,5.3934,0.861,105.8,327.72806,1.413,0.95,5583.0,-1.0,0
72.0,1.216,0.516,4.9,9.881925,2.199,1.819,8098.0,0.9175,0
328.2,20.143,1.187,99.5,8.387549,2.254,1.386,6440.0,0.9712,0
412.0,7.22,0.922,40.9,9.576893,1.0,1.0,5780.0,0.5036,0
2434.0,15.43,0.919,3.1,10.772918,1.534,1.535,6881.0,0.0,0
70.0,4.329,0.64,1.7,7.913667,2.211,2.095,8497.0,0.0123,0
41160.0,2.31285,1.214,641.4,1854.5978,0.989,0.869,5899.0,0.6665,0
106840.0,10.1279,0.603,1856.9,1043.3983,1.89,1.5,7138.0,0.2024,0
1530.6,1.7626,1.242,181.9,92.82493,1.004,0.983,6031.0,0.9737,0
347520.0,5.78491,0.567,2450.1,35910.473,0.732,0.741,5079.0,-1.0,0
71766.0,4.17961,1.076,1986.1,5153.021,0.742,0.69,5503.0,0.0011,0
499.2,6.562,0.988,12.2,10.746073,0.923,1.005,6072.0,0.7641,0
426550.0,2.40541,0.442,541.4,7103.9355,0.737,0.729,4446.0,1.0,0
18837.0,3.1718,1.211,616.9,4094.099,1.271,1.012,6174.0,0.0,0
42.3,3.473,0.268,10.5,9.055794,1.028,1.055,6045.0,0.3802,0
98872.0,7.48973,1.003,1203.4,4677.569,0.758,0.734,5787.0,0.0,0
241360.0,4.43017,0.71,881.5,7542.876,1.136,1.047,6300.0,0.0,0
64.2,1.82,0.292,16.9,12.523453,0.933,0.986,5989.0,0.993,0
29.7,3.631,0.586,17.1,14.286963,1.211,0.888,5921.0,0.0019,0
140160.0,6.8524,0.887,379.7,1593.5996,2.553,1.35,5587.0,-1.0,0
7984.0,1.35349,1.275,1219.8,1078.5906,1.548,0.986,6370.0,1.0,0
94675.0,5.23595,0.83,1071.9,4732.754,1.885,1.137,5947.0,-1.0,0
682180.0,23.0124,1.233,3076.6,952.0325,1.36,1.064,6270.0,-1.0,0
75054.0,13.2105,1.35,1554.1,3506.5667,3.462,2.039,7854.0,0.0005,0
313090.0,13.7687,13.715,1614.7,4617.4,1.984,1.581,7355.0,-1.0,0
24616.0,3.50007,1.199,928.2,1055.2822,0.725,0.686,5232.0,0.7607,0
347010.0,4.75315,0.245,7428.7,27916.77,1.291,0.943,6225.0,-1.0,0
20729.0,1.95901,1.212,726.2,2811.7288,1.847,1.101,6465.0,0.679,0
60118.0,4.4698,0.939,712.6,2283.5522,0.908,0.916,5812.0,0.4391,0
327660.0,2.7481,0.641,541.2,5435.022,1.782,0.898,5096.0,1.0,0
127.7,1.988,0.012,11.2,10.4126625,0.84,0.824,5101.0,0.0605,0
140920.0,4.24033,0.799,3250.1,3235.7192,2.274,1.735,7498.0,-1.0,0
2236.6,1.69478,1.267,298.0,212.96266,1.02,0.969,6183.0,0.973,0
45265.0,3.04508,1.117,918.0,1828.5056,1.0,1.0,5780.0,0.1681,0
414950.0,4.15602,0.479,1809.8,10896.543,0.882,0.98,5750.0,-1.0,0
103140.0,8.96181,0.973,1435.1,3230.6797,1.012,1.043,6137.0,0.4414,0
6571.5,1.3875,1.26,100.1,52.619453,1.676,0.91,5164.0,0.6977,0
67.7,3.441,0.015,13.3,11.170518,1.032,1.04,6170.0,0.7979,0
36.0,3.939,0.791,11.4,7.833779,1.358,1.101,6356.0,0.6848,0
108960.0,4.6688,0.99,902.5,2020.3435,1.834,1.584,7247.0,0.0654,0
247740.0,2.33166,0.385,706.1,6960.519,1.475,0.931,5321.0,-1.0,0
212.7,1.879,0.022,7.6,7.364884,0.8,0.896,5497.0,0.7756,0
153410.0,12.2384,0.885,1146.6,1227.1696,1.04,1.059,6201.0,0.5119,0
190570.0,3.94095,0.421,833.4,5297.631,0.865,0.947,6071.0,0.0,0
182.8,41.04,1.132,18.9,11.006483,0.731,0.809,5289.0,0.002,0
124.5,40.02,1.157,26.6,13.029428,0.951,1.065,5900.0,0.0,0
33.8,5.677,0.373,15.1,12.21854,0.733,0.709,4986.0,0.0512,0
31.0,5.08,0.734,19.4,13.832259,1.977,0.749,5850.0,0.9073,0
339060.0,12.8138,0.585,1974.6,20777.648,1.642,0.951,5784.0,-1.0,0
271860.0,7.42888,0.672,2278.9,8439.168,0.917,0.907,5496.0,-1.0,0
2374.1,2.3496,1.275,296.0,362.73096,1.365,0.954,6032.0,1.0,0
143680.0,8.79024,0.902,4421.6,7545.498,2.07,1.38,6078.0,0.0085,0
641910.0,8.24958,0.183,4211.8,23752.709,4.662,3.471,11287.0,-1.0,0
49.9,8.724,1.088,16.7,12.005167,0.627,0.622,4267.0,0.1094,0
233260.0,12.1777,0.741,880.3,3383.6199,0.889,0.98,5912.0,0.0,0
267050.0,3.74512,0.686,1063.2,16342.825,1.048,0.983,6240.0,-1.0,0
434330.0,7.08223,0.464,2890.7,39571.637,1.115,1.036,6280.0,-1.0,0
839.5,0.9698,0.98,30.9,22.96634,0.976,0.85,5628.0,1.0,0
99376.0,2.235,0.985,86.8,366.59155,1.0,1.0,5780.0,0.0,0
17481.0,2.2974,1.242,267.3,1223.7506,0.903,0.857,5697.0,0.0,0
233.6,1.9188,0.318,46.5,12.262509,4.527,0.848,4936.0,0.9739,0
39.4,2.532,0.23,12.1,8.403945,1.184,0.802,6082.0,0.338,0
11.5,2.9283,0.907,15.4,10.159832,3.385,2.086,8107.0,0.827,0
118320.0,3.38646,1.323,1268.7,5276.976,1.022,1.013,6188.0,0.9718,0
80571.0,21.7174,0.257,852.2,1441.8278,3.484,0.883,4905.0,-1.0,0
123.5,1.1836,0.386,24.0,14.126729,4.529,1.106,4891.0,0.9829,0
8150.9,4.4649,1.364,471.2,429.70676,17.032,1.691,4697.0,0.1177,0
145040.0,6.32201,0.899,3016.9,7536.0137,0.897,0.881,5691.0,0.5762,0
57.7,3.952,0.738,18.1,7.1598363,3.067,1.589,6661.0,0.9809,0
28999.0,2.75173,0.967,2184.7,2583.0154,2.133,1.03,6148.0,0.0533,0
107590.0,14.3309,0.626,864.9,2794.6814,2.592,1.166,5425.0,-1.0,0
234090.0,4.40308,0.728,1178.5,4796.0713,1.476,1.414,6967.0,0.9094,0
334.5,1.3741,0.039,40.3,13.060915,0.726,0.815,4842.0,0.9999,0
87881.0,8.88876,0.222,6113.7,9778.412,1.862,1.677,7605.0,0.8546,0
14.8,2.18,0.227,13.1,10.3276825,0.908,0.988,5680.0,0.7286,0
34.9,3.662,0.25,21.9,10.803962,0.889,0.856,5548.0,0.6133,0
27.6,3.257,0.492,13.5,9.278763,0.911,0.97,5674.0,-1.0,0
104.0,3.315,0.751,18.1,9.742745,0.526,0.531,3844.0,0.9385,0
101.1,3.814,0.18,22.1,10.175743,0.853,0.947,5812.0,0.9973,0
69.5,3.156,0.484,21.0,12.433122,0.654,0.637,4987.0,0.9998,0
69.4,4.109,0.119,18.8,9.402396,0.784,0.727,5313.0,1.0,0
12367.0,2.83787,1.269,632.4,2497.3538,2.058,1.444,6792.0,0.8643,0
14160.0,1.92467,1.244,669.1,1379.998,0.587,0.585,4937.0,0.0,0
59618.0,4.01883,1.101,2049.1,5815.3506,1.132,1.045,6480.0,0.8814,0
17749.0,6.0662,1.204,117.0,715.11835,6.784,1.628,4830.0,0.0,0
321240.0,4.2269,0.611,86.4,173.55508,1.0,1.0,5780.0,-1.0,0
244950.0,4.49213,0.724,3356.8,15643.117,0.843,0.844,5926.0,-1.0,0
6177.1,18.812,1.285,351.1,987.9984,1.11,1.009,6057.0,0.8177,0
324550.0,8.80873,0.622,1151.6,5592.0337,0.992,1.063,6170.0,-1.0,0
238520.0,5.16326,1.183,2168.4,15644.75,1.187,0.983,5837.0,-1.0,0
245220.0,5.26926,0.216,5461.0,14594.91,1.33,1.236,6610.0,-1.0,0
386980.0,12.8464,0.328,3590.2,7491.814,1.567,0.817,6198.0,-1.0,0
106.1,1.94,0.382,12.3,9.608114,0.852,0.826,5906.0,0.7334,0
68.0,6.691,0.262,10.0,8.476594,0.633,0.621,4964.0,0.9285,0
46.1,4.72,0.344,7.8,8.064324,0.818,0.734,5475.0,0.2027,0
35477.0,35.6374,2.959,291.7,46.709198,1.589,1.162,6793.0,0.8052,0
212830.0,5.98883,0.511,1819.1,42422.914,1.225,1.157,6550.0,-1.0,0
344200.0,3.50695,0.395,2051.3,18805.271,1.213,0.872,6322.0,-1.0,0
220420.0,5.33373,0.761,2041.6,9906.112,1.196,0.99,5897.0,-1.0,0
225250.0,6.30646,0.762,5915.4,26073.732,1.925,1.4,6613.0,-1.0,0
59134.0,3.4913,1.103,554.4,3952.0674,1.174,1.018,6478.0,-1.0,0
62.2,3.356,0.848,9.2,8.618405,0.42,0.445,3615.0,0.5973,0
37638.0,2.84811,1.145,454.6,8572.063,1.13,0.962,6075.0,-1.0,0
101480.0,6.4006,0.647,756.4,1408.2031,2.015,1.665,7675.0,0.0,0
229.8,8.03,1.105,145.3,10.657019,2.856,1.868,6875.0,-1.0,0
153230.0,4.37878,0.978,3170.1,7700.6265,0.944,0.852,5855.0,0.4408,0
481.1,74.26,1.204,72.3,10.531839,0.796,0.791,5667.0,0.58,0
81103.0,3.12422,1.033,664.1,1841.8331,0.846,0.858,5461.0,0.0,0
373660.0,5.47323,0.399,2842.2,9152.434,0.948,0.996,5704.0,-1.0,0
50793.0,1.585,0.759,137.3,248.5699,0.741,0.734,4627.0,-1.0,0
176.2,6.986,1.207,17.4,8.071873,6.86,0.784,5086.0,0.9778,0
11969.0,7.892,1.272,72.6,57.660034,1.078,1.114,6483.0,0.6577,0
3367.1,2.424,1.298,292.0,529.47314,1.371,1.147,6491.0,0.0,0
64776.0,5.02692,0.537,1227.3,1867.3774,1.506,1.092,6701.0,0.898,0
310680.0,4.6414,0.616,1907.8,8292.623,0.785,0.878,5564.0,-1.0,0
10579.0,37.2,0.875,35.1,211.52629,0.727,0.737,4907.0,0.0,0
127790.0,2.27811,0.793,578.2,6615.4873,0.639,0.627,5233.0,0.0,0
32.7,3.3374,0.447,3.8,11.343463,0.938,0.824,5709.0,0.6453,0
560310.0,3.073,0.305,1236.1,9099.94,1.784,0.921,5023.0,-1.0,0
3001.0,5.768,1.246,13.5,28.17266,0.406,0.425,3624.0,0.9192,0
728.8,5.678,0.008,41.0,186.12543,20.888,0.972,4029.0,0.7566,0
6907.1,29.254,0.653,91.3,62.217365,6.883,1.035,4764.0,0.8945,0
481370.0,5.14519,0.352,2019.4,11229.342,1.124,0.796,6600.0,-1.0,0
41596.0,2.81832,1.216,845.0,3385.6416,1.417,1.157,6343.0,0.9993,0
7473.8,4.3876,1.307,416.1,272.91116,7.023,2.233,5096.0,0.998,0
136390.0,7.3736,0.726,180.9,2291.9294,0.543,0.552,4869.0,0.431,0
563290.0,23.7545,0.095,1331.5,3825.1863,0.987,0.859,5661.0,-1.0,0
232350.0,2.74361,0.533,1191.2,7401.102,0.892,0.773,5530.0,-1.0,0
32.3,3.637,0.219,20.3,12.269742,3.871,1.058,5216.0,0.9735,0
82364.0,5.21948,1.07,943.7,16217.379,1.923,1.518,6873.0,0.0,0
36700.0,3.60482,0.953,1508.7,2145.6328,0.913,0.806,6063.0,0.6306,0
199900.0,2.46345,0.766,545.0,3538.811,0.722,0.746,5297.0,-1.0,0
93.5,10.1,0.82,13.1,9.159836,0.956,1.005,6029.0,0.5418,0
93.5,10.53,0.66,10.4,8.911058,0.862,0.932,6212.0,0.0558,0
128.6,8.235,0.228,11.3,9.498561,0.689,0.685,4634.0,0.4803,0
99.5,4.933,0.004,11.8,9.579306,0.806,0.897,5376.0,0.6198,0
266550.0,9.65516,0.702,2132.0,19598.863,1.273,0.899,6438.0,-1.0,0
72976.0,8.14155,1.069,2173.1,4569.121,1.286,0.888,5957.0,0.8346,0
123360.0,6.7598,0.634,951.4,4234.7983,1.514,0.911,6256.0,-1.0,0
110950.0,3.52048,0.883,3769.0,12031.498,0.919,0.946,6267.0,0.0,0
236250.0,6.56935,0.231,9054.7,29184.463,1.076,1.051,6387.0,-1.0,0
71071.0,3.37392,1.065,1812.6,4450.9976,0.997,0.981,6067.0,0.1531,0
372.0,6.159,1.22,59.5,11.384615,1.012,1.117,6063.0,0.9569,0
62962.0,2.91121,1.074,469.2,5744.826,1.358,0.922,6163.0,0.0423,0
77832.0,4.24308,1.047,1947.8,3017.7617,1.423,0.86,5575.0,0.0036,0
415020.0,7.70289,0.489,1375.1,20393.861,1.292,1.3,6860.0,-1.0,0
294550.0,6.55436,1.165,2074.5,32003.787,1.235,1.002,6292.0,-1.0,0
488410.0,8.1018,0.357,3788.7,20726.29,1.71,1.356,6794.0,-1.0,0
173950.0,6.83787,0.83,1975.1,12051.091,4.293,1.505,5017.0,0.0,0
364350.0,4.85013,0.51,675.7,21998.168,0.781,0.808,5810.0,-1.0,0
28618.0,8.9943,1.197,485.8,742.5148,0.917,0.817,5941.0,0.4282,0
19.7,21.335,0.995,23.6,8.157245,1.594,1.22,6313.0,0.4241,0
70873.0,3.02199,0.877,1397.7,3518.5803,0.931,0.946,6109.0,0.6497,0
11852.0,6.8899,0.956,268.1,247.0394,0.949,1.025,6053.0,0.3346,0
136.0,2.321,0.78,13.8,12.735517,0.949,1.025,6053.0,0.6647,0
304070.0,3.8834,0.63,476.6,23205.584,1.176,0.972,6126.0,-1.0,0
37.4,1.637,0.185,9.2,8.224546,0.737,0.758,5096.0,0.9442,0
594.0,1.561,0.243,20.2,8.522534,0.666,0.675,4331.0,0.9522,0
1943.6,4.6979,1.254,189.9,16.149845,0.797,0.893,5459.0,1.0,0
25.2,3.917,0.494,14.2,8.409726,1.631,1.487,7257.0,0.2781,0
37224.0,2.0171,1.145,174.0,174.58801,0.721,0.688,5134.0,-1.0,0
245990.0,5.39585,0.324,2717.0,26728.982,1.579,1.093,6472.0,-1.0,0
79330.0,6.52705,1.046,1779.1,3414.6118,1.031,0.875,5691.0,0.0402,0
45.1,0.953,0.719,12.7,10.149691,1.651,1.333,6781.0,1.0,0
56616.0,5.62354,1.467,5402.0,10837.834,1.45,1.107,6328.0,-1.0,0
7339.5,1.40211,1.257,563.0,1141.6361,0.74,0.698,5237.0,0.7276,0
433.6,10.69,0.327,6.9,7.8885713,0.96,1.034,6168.0,0.474,0
226980.0,4.95211,0.375,1315.5,5707.508,2.624,1.8,7279.0,-1.0,0
109.1,2.43,0.768,10.1,8.472225,0.578,0.567,4205.0,0.153,0
43.1,2.822,0.534,15.9,12.09475,1.368,1.294,6720.0,0.9452,0
10308.0,2.44433,1.25,773.4,723.0637,3.54,1.201,5092.0,0.924,0
103970.0,4.52648,0.986,2047.9,13958.094,1.947,1.134,6389.0,-1.0,0
633.0,8.5,0.004,27.9,15.686422,4.696,1.095,4850.0,0.0041,0
47751.0,11.3096,0.531,814.1,2495.9023,2.634,1.695,7079.0,0.7182,0
101310.0,6.606,0.705,1026.0,6797.841,0.967,0.822,5566.0,0.0,0
227140.0,6.15281,0.753,4355.5,15525.91,1.333,1.102,6316.0,-1.0,0
85952.0,7.71925,0.356,2526.2,6793.911,2.474,1.368,6590.0,0.0063,0
326630.0,10.2264,0.6,1347.9,18311.057,1.073,0.867,5527.0,-1.0,0
103790.0,23.92,1.149,864.5,657.6279,0.745,0.834,5432.0,0.0001,0
179040.0,4.58598,0.775,2141.3,3120.1123,0.73,0.698,5068.0,0.8441,0
213900.0,9.48995,0.27,3902.3,3758.235,0.841,0.759,5442.0,0.582,0
247560.0,5.5728,0.719,792.9,43282.883,1.563,1.442,7141.0,-1.0,0
2363.8,3.3781,1.276,251.4,403.21106,1.326,0.898,6331.0,0.0,0
512470.0,5.00366,0.372,1758.7,8454.857,0.719,0.711,4464.0,-1.0,0
30746.0,5.9942,1.189,1378.9,6016.9214,0.976,1.029,5930.0,0.9777,0
93.8,1.239,0.596,8.8,8.346061,1.046,1.143,6142.0,0.655,0
262980.0,5.3022,0.5,4761.5,31373.201,1.914,1.841,8144.0,-1.0,0
38119.0,4.35014,1.153,2271.0,11932.856,1.193,1.26,6469.0,-1.0,0
2749.5,3.2922,1.277,103.1,95.97969,0.786,0.741,5152.0,0.2408,0
315520.0,5.24058,0.317,6009.0,40941.543,1.482,1.223,6526.0,-1.0,0
617990.0,17.4877,0.993,1587.7,4352.5903,4.055,1.62,5467.0,-1.0,0
162.4,16.01,0.007,12.8,9.14662,0.698,0.677,4995.0,0.7057,0
465920.0,2.69771,0.404,1012.9,13127.424,0.625,0.612,4794.0,-1.0,0
44.7,3.828,0.469,14.8,12.076575,0.942,1.054,5869.0,0.5806,0
121320.0,5.9968,0.636,680.4,2577.3557,1.177,0.818,5757.0,-1.0,0
119.4,18.47,1.016,10.7,10.103962,0.766,0.802,5047.0,0.2313,0
143.8,9.82,0.223,14.2,8.5237255,0.691,0.768,4920.0,0.8347,0
90.1,9.69,0.557,10.5,9.560071,0.925,1.008,6060.0,0.7644,0
29.9,11.268,0.775,13.5,10.936631,0.971,1.057,5952.0,0.3465,0
118860.0,6.47393,0.989,1216.8,4660.4795,0.902,0.988,6011.0,0.0202,0
16.2,2.352,0.615,13.8,9.085316,1.349,1.014,5966.0,0.7727,0
68.9,4.399,0.974,21.7,7.8475046,1.049,1.094,6395.0,0.9986,0
73.9,3.487,0.648,23.3,11.458723,0.969,1.048,6075.0,0.8612,0
125.7,2.77,0.982,14.1,13.419197,0.97,1.087,5836.0,0.9565,0
64.0,3.641,0.393,22.6,10.264639,1.093,0.993,6100.0,0.859,0
46.7,4.097,0.33,12.5,11.464546,1.132,0.928,5576.0,0.9958,0
92.1,4.176,0.77,26.4,12.875926,1.021,1.077,6273.0,0.9226,0
77410.0,5.13753,0.57,2822.1,3942.5735,1.022,1.051,6214.0,0.0,0
173170.0,5.10744,0.458,3487.8,4760.222,0.79,0.733,5294.0,0.0,0
316.3,88.1118,1.179,153.7,10.391341,1.473,0.96,5930.0,0.1798,0
246570.0,7.7489,0.259,996.8,10472.216,0.821,0.908,5863.0,-1.0,0
47.0,10.16,0.72,42.0,8.347826,2.09,1.548,7117.0,0.2672,0
82.6,19.27,0.707,23.7,9.87049,1.269,1.178,6602.0,0.0887,0
417900.0,5.51392,0.455,2309.2,19628.61,1.62,1.352,6962.0,0.0003,0
227.2,12.079,1.215,21.1,8.52728,0.84,0.937,5662.0,0.9842,0
87567.0,3.90851,1.003,3979.1,12755.756,1.755,1.292,6980.0,-1.0,0
61.3,2.616,0.352,23.6,13.4554205,0.615,0.669,4556.0,0.9789,0
164610.0,11.8874,0.315,1255.2,5305.2124,3.075,1.315,5934.0,0.0001,0
314680.0,4.72808,0.093,920.8,39165.887,2.077,1.125,5977.0,-1.0,0
842.0,5.42,0.485,7.9,8.185003,0.885,0.975,5941.0,0.5743,0
131000.0,5.94523,0.931,3290.5,23911.836,1.497,0.993,6499.0,-1.0,0
99.0,0.3969,0.021,7.8,8.125923,0.929,1.0,6240.0,0.3014,0
416030.0,5.96595,0.458,2341.5,11420.147,0.648,0.723,5290.0,-1.0,0
123180.0,7.60143,0.957,2674.6,4593.534,1.278,1.041,6039.0,0.0233,0
131660.0,3.64361,0.917,598.4,14669.238,1.326,1.246,6679.0,-1.0,0
263640.0,6.84312,0.661,1488.6,5851.445,2.135,1.479,7128.0,-1.0,0
57.0,11.29,0.728,38.1,8.757065,2.595,1.489,6628.0,0.926,0
58.3,0.4199,0.317,28.4,11.157958,1.607,0.914,5927.0,0.899,0
78.9,3.7,0.051,17.6,13.790248,0.631,0.62,4237.0,0.3518,0
13.9,2.669,0.161,8.5,7.5792,2.23,1.408,6619.0,0.7367,0
51.3,3.338,0.412,10.8,7.714208,1.118,0.951,5600.0,0.5796,0
42.9,8.52,0.34,9.2,7.7449193,1.323,0.942,5846.0,0.3242,0
41580.0,4.87531,1.006,827.0,5257.548,1.95,1.571,7199.0,0.0,0
36.5,2.69,0.463,5.9,9.299339,1.874,0.862,6306.0,0.061,0
36484.0,4.17722,1.167,1098.3,3020.4734,1.071,0.841,5594.0,0.2758,0
99056.0,2.7415,0.971,429.7,2211.5642,0.997,1.072,6108.0,0.9991,0
94.1,1.569,0.039,10.4,8.0354805,1.005,1.057,6406.0,0.9103,0
248940.0,8.27762,0.718,1524.1,13155.155,0.668,0.653,5246.0,0.0,0
66.8,5.14,0.404,10.7,8.967308,0.884,0.781,5741.0,0.5566,0
25208.0,3.37146,1.19,568.7,2201.347,1.396,1.306,6309.0,0.0,0
150460.0,5.67553,0.667,5640.0,19184.824,1.423,1.09,5865.0,0.0,0
54518.0,7.60963,1.116,1513.2,5531.697,1.718,1.179,6425.0,0.0,0
27.8,2.097,0.129,11.2,9.137777,1.078,0.994,6028.0,0.9663,0
282.5,1.434,0.272,9.8,9.417973,0.911,1.001,5941.0,0.2546,0
69626.0,3.16223,1.077,548.5,6146.4287,2.321,1.845,8162.0,0.3484,0
325530.0,4.64294,0.579,1703.0,4828.945,1.404,1.106,6300.0,-1.0,0
341720.0,12.6047,0.583,963.5,9944.694,1.054,0.986,5979.0,-1.0,0
115170.0,8.42272,0.791,1876.9,18902.256,4.24,2.018,7221.0,0.1639,0
406770.0,4.62051,0.427,2165.3,13455.348,1.183,1.194,6440.0,-1.0,0
61.1,2.437,0.565,22.3,11.674036,1.872,1.162,5712.0,0.7265,0
149.8,2.965,0.893,10.2,9.475645,0.635,0.686,4186.0,0.6225,0
143630.0,4.09326,1.013,2096.8,6885.695,0.9,0.985,6024.0,0.0273,0
52609.0,2.6923,1.165,324.4,2079.1316,0.692,0.664,5229.0,0.0,0
44998.0,4.48448,0.434,987.8,3670.6821,1.99,1.431,6348.0,0.3243,0
2797.5,36.048,0.719,306.7,18.77201,3.956,1.098,5043.0,0.0,0
255950.0,14.7088,0.686,772.7,2593.268,2.263,1.279,6562.0,-1.0,0
200400.0,3.7278,0.306,1234.3,22089.055,0.854,0.788,5655.0,0.0,0
29989.0,6.5468,1.179,687.5,661.25793,0.971,0.912,5712.0,0.4891,0
119630.0,6.82752,0.798,2595.9,10096.773,2.275,1.226,5605.0,0.0,0
88.3,11.39,0.436,14.5,9.098638,1.145,1.166,6598.0,0.507,0
249670.0,19.45,1.182,401.5,229.20734,0.716,0.695,5328.0,-1.0,0
128.2,2.651,0.01,8.1,7.8697085,0.93,0.906,5525.0,0.7429,0
18.0,3.58,0.564,14.2,10.36154,1.69,1.207,6773.0,0.0306,0
26.6,1.031,0.249,5.7,7.3137946,1.096,1.031,6224.0,0.7636,0
45700.0,5.15682,0.572,2171.4,2927.8442,1.134,0.986,5963.0,0.0007,0
100.3,4.929,0.985,18.3,11.146606,0.828,0.864,5707.0,0.7191,0
98.8,2.708,0.575,12.3,10.666842,1.007,1.111,6046.0,0.2452,0
44116.0,3.20763,1.148,717.5,2687.6384,1.025,1.095,6117.0,-1.0,0
252700.0,7.61037,0.157,7795.3,15465.727,0.931,0.988,6343.0,-1.0,0
195090.0,3.47128,0.798,1680.0,6639.07,0.563,0.558,4448.0,0.2539,0
107660.0,4.11282,0.983,1483.2,4479.9624,0.754,0.843,5578.0,0.0,0
71.8,1.7556,0.77,6.3,7.4198027,229.908,3.426,3681.0,0.8784,0
163090.0,3.17788,0.756,1305.8,10680.992,1.077,0.98,6318.0,0.7724,0
372130.0,1.75182,0.393,1066.7,4041.614,0.736,0.733,4429.0,0.987,0
188.2,37.68,1.187,25.4,13.839084,0.914,1.0,5896.0,0.9791,0
151000.0,6.6666,0.633,622.8,6156.7637,0.959,0.807,5539.0,-1.0,0
361390.0,5.61993,0.549,6104.8,39759.39,1.037,1.077,6502.0,-1.0,0
418.1,2.902,1.189,27.3,11.447451,0.706,0.79,5488.0,0.5816,0
39.0,5.583,0.769,29.9,13.188535,2.088,1.368,6854.0,0.998,0
477100.0,5.02151,0.401,3289.1,5266.8877,2.352,2.14,8751.0,-1.0,0
101790.0,7.34648,0.97,1884.3,4314.3325,0.554,0.561,4462.0,-1.0,0
261350.0,7.6494,0.521,2851.3,21785.168,1.984,1.195,6350.0,-1.0,0
30099.0,1.93637,1.185,642.2,4087.1533,1.654,0.798,5658.0,0.9113,0
618.6,1.383,0.03,10.0,39.183315,41.424,1.796,4148.0,0.9975,0
203.6,18.99,0.98,25.9,15.499315,0.764,0.855,5531.0,0.2772,0
187.1,2.62,0.934,10.1,9.422949,0.696,0.78,4867.0,0.8625,0
117460.0,3.54486,0.84,1676.8,9521.749,0.777,0.722,5624.0,0.0395,0
266180.0,7.04412,0.694,7232.1,10815.986,2.916,2.165,7703.0,-1.0,0
13054.0,2.05573,0.986,443.9,1668.0709,1.598,1.09,6195.0,0.1136,0
26190.0,3.8281,1.216,486.3,2205.003,1.921,1.234,6531.0,-1.0,0
404840.0,9.8341,0.499,1763.5,14502.88,1.153,1.178,6484.0,-1.0,0
124.6,7.083,0.984,63.3,19.184177,1.797,2.012,8709.0,0.9271,0
200860.0,4.99923,0.356,3260.0,23904.42,2.361,1.854,8143.0,-1.0,0
45.1,3.203,0.182,12.7,8.535784,3.293,1.257,5088.0,0.5714,0
142060.0,6.09676,0.905,2506.6,2538.9429,0.799,0.711,5702.0,0.2681,0
198.9,5.974,1.063,35.9,8.976294,1.024,1.084,6224.0,0.8739,0
103470.0,3.11152,0.963,1065.9,1997.5936,0.56,0.556,4623.0,0.5978,0
145.9,3.444,0.217,17.0,10.635635,7.7,2.167,4929.0,0.9628,0
188920.0,5.28519,0.547,6016.2,39875.934,3.065,2.017,8529.0,-1.0,0
51.6,2.397,0.115,9.6,7.730833,0.812,0.902,5696.0,0.0894,0
188220.0,4.7781,0.824,541.9,21226.611,1.465,0.935,5726.0,-1.0,0
222170.0,9.01353,0.768,3733.6,11930.486,2.379,2.069,7967.0,0.9353,0
349630.0,19.092,0.002,1021.3,47208.527,1.935,1.105,5383.0,-1.0,0
315890.0,14.2561,0.596,1215.8,1302.7651,0.977,0.946,5995.0,-1.0,0
504410.0,3.3039,0.223,1288.0,18911.455,0.648,0.695,5325.0,0.1942,0
98.5,1.663,0.307,8.9,8.841096,0.864,0.961,5749.0,0.7438,0
496.4,5.806,1.158,11.6,7.605683,0.826,0.926,5514.0,0.9561,0
182170.0,7.645,0.72,836.0,4110.014,0.962,0.898,6071.0,0.03,0
129700.0,5.7545,0.922,224.9,2238.2502,1.508,1.346,6793.0,-1.0,0
508770.0,7.44219,0.379,1618.4,12515.727,0.899,0.826,5427.0,-1.0,0
145.6,11.243,1.114,58.1,8.90709,4.845,2.02,6720.0,0.4635,0
31526.0,10.0159,0.817,1566.6,1024.2103,18.328,2.09,4588.0,0.0,0
27.1,5.49,0.669,16.7,10.201152,0.769,0.766,5433.0,0.1473,0
198.6,10.05,0.542,10.5,8.9485,0.868,0.961,5853.0,0.6235,0
464960.0,10.969,0.43,2008.1,35714.492,0.903,0.936,5642.0,-1.0,0
149520.0,4.88748,0.89,1398.8,14410.808,1.087,1.131,6367.0,0.0,0
33.9,13.55,0.566,6.7,8.814673,1.414,1.397,7225.0,0.661,0
92.2,29.09,0.98,39.0,10.666088,1.432,0.957,5948.0,0.633,0
54.8,1.322,0.176,10.8,8.410327,1.221,1.021,5869.0,0.9921,0
93038.0,8.1633,0.996,217.0,1346.4364,1.946,0.829,5210.0,0.1233,0
43.2,9.06,0.077,15.5,7.456211,0.761,0.725,5074.0,0.0842,0
22.7,3.054,0.229,9.3,7.8936915,1.405,0.92,6195.0,0.8073,0
21245.0,1.95401,1.222,1582.9,4295.017,1.042,1.046,5999.0,-1.0,0
182830.0,5.74622,0.82,904.8,5622.3394,1.662,1.328,6951.0,-1.0,0
62755.0,4.65638,1.091,1951.8,8574.474,2.249,1.134,5684.0,0.9117,0
47188.0,2.99104,1.135,560.0,2369.1526,1.594,1.264,6226.0,0.9998,0
198.0,5.543,0.851,54.0,12.937914,0.789,0.877,5488.0,0.9965,0
18.9,2.79,0.653,12.4,8.498971,1.393,1.003,6130.0,0.3247,0
336980.0,3.65814,0.576,1143.6,9375.488,1.002,0.855,5385.0,-1.0,0
60.9,4.937,0.005,18.7,9.262784,0.962,1.05,5949.0,-1.0,0
330910.0,4.5963,0.3,2025.2,9167.076,0.897,0.992,5838.0,-1.0,0
61542.0,3.34624,0.643,2493.3,10464.102,1.219,1.131,6586.0,0.0071,0
205260.0,7.07032,0.309,3250.0,14268.942,1.333,0.953,5945.0,-1.0,0
219100.0,19.9499,0.432,3272.4,11994.642,2.943,1.013,5261.0,0.0,0
20527.0,2.73115,1.199,1412.4,4705.1978,2.615,1.734,6757.0,0.1684,0
71589.0,4.45731,0.768,982.3,2901.104,1.006,1.018,6008.0,0.0452,0
534620.0,3.54768,0.315,742.8,20769.879,1.073,0.986,5960.0,-1.0,0
27.8,2.622,0.677,14.4,9.512498,2.02,1.497,6839.0,0.4912,0
141390.0,4.14104,1.079,6579.3,17207.559,2.111,1.237,6258.0,0.6302,0
40248.0,2.7986,1.161,308.5,5044.028,0.969,0.764,5815.0,0.0,0
177070.0,4.4854,0.781,368.8,10896.961,0.953,0.984,5846.0,-1.0,0
456350.0,3.94306,0.428,3072.5,15275.126,0.68,0.675,4268.0,-1.0,0
136660.0,5.3181,0.771,520.3,2191.3906,2.121,1.489,7053.0,0.0,0
337.0,6.157,0.33,14.5,10.790104,0.998,1.074,6092.0,0.2152,0
259760.0,4.48893,0.416,5742.0,24443.072,1.181,0.95,6253.0,-1.0,0
730500.0,4.38191,0.161,3732.8,15415.899,2.927,1.855,8011.0,-1.0,0
167700.0,2.974,0.843,240.1,904.5378,1.0,1.0,5780.0,0.6903,0
464520.0,5.27765,0.424,1496.8,24390.424,0.778,0.862,5622.0,-1.0,0
202680.0,5.83451,0.162,2368.6,15515.924,0.992,0.873,5655.0,-1.0,0
2122.3,4.0869,1.248,390.8,140.8643,0.863,0.909,5662.0,-1.0,0
4879.8,3.5323,1.266,337.2,290.11032,6.619,2.055,5149.0,0.0,0
69814.0,2.46683,1.071,1243.7,5666.6855,1.161,1.183,6525.0,0.0,0
25302.0,2.2821,1.214,511.4,5275.132,1.456,1.156,6486.0,0.0,0
1003.0,42.737,1.252,154.4,19.447906,2.888,1.664,6956.0,0.9979,0
418380.0,4.24027,0.231,1495.4,35453.266,0.854,0.816,5605.0,-1.0,0
127.3,2.249,0.298,8.9,7.8041596,0.81,0.907,5546.0,0.2767,0
345940.0,7.29811,0.561,6499.9,26640.668,1.643,1.129,6060.0,-1.0,0
60039.0,3.36034,1.142,964.8,2268.2866,0.861,0.858,5819.0,0.0071,0
967.3,22.86,1.222,15.3,10.978225,1.004,0.865,5334.0,0.9996,0
82.9,2.501,0.707,5.3,10.042057,0.724,0.783,4914.0,0.2626,0
415160.0,7.2877,0.492,1351.5,44989.64,2.638,1.938,7563.0,-1.0,0
158.2,10.994,0.984,33.6,13.197882,1.124,0.959,5910.0,0.6768,0
24989.0,3.31024,1.192,757.0,5466.532,1.247,1.021,6338.0,0.0,0
72.2,4.124,0.363,17.8,11.146896,6.669,2.334,5321.0,0.6505,0
105.9,4.513,0.117,9.1,7.4813848,0.835,0.821,5481.0,0.0237,0
129640.0,3.03316,1.141,3361.5,9141.622,1.626,0.934,5146.0,0.0,0
182720.0,5.62797,0.421,2003.1,5111.854,1.024,1.086,6208.0,0.0001,0
75.3,1.271,0.563,23.3,12.861093,2.117,0.977,5445.0,0.9878,0
276140.0,5.84235,0.668,732.5,26435.945,1.226,1.034,6228.0,-1.0,0
104690.0,3.7232,0.992,454.1,9342.362,2.033,1.103,5908.0,0.0,0
53046.0,3.82433,1.038,696.5,3631.662,0.989,0.99,6322.0,0.0,0
340410.0,15.4308,0.58,4578.3,42138.434,0.926,0.828,5291.0,-1.0,0
193830.0,7.8391,0.804,967.7,7336.0117,2.675,2.002,7823.0,-1.0,0
64.6,4.713,0.678,13.0,10.267005,1.076,1.13,6249.0,0.2938,0
42.8,5.44,0.716,12.0,9.1849785,0.997,0.99,5930.0,0.799,0
134.1,2.643,0.322,10.8,8.249648,18.374,3.369,4981.0,0.1106,0
13138.0,5.0042,1.004,796.5,859.69916,1.047,1.094,6373.0,0.3863,0
205220.0,4.35647,0.786,3617.5,12182.578,1.349,1.042,5931.0,0.5545,0
25.1,1.892,0.944,9.6,7.1957045,0.793,0.731,5339.0,0.2117,0
393270.0,5.72501,0.545,1728.1,10308.177,1.909,1.13,5807.0,-1.0,0
143750.0,5.32432,0.908,2642.2,5924.18,0.933,0.973,6136.0,0.8432,0
293640.0,2.7822,0.428,553.0,3169.214,0.678,0.669,4348.0,0.0,0
261.5,17.67,0.245,23.6,12.322731,0.809,0.907,5497.0,0.1802,0
147.9,50.68,0.973,35.7,8.208407,1.031,1.091,6225.0,0.6217,0
48943.0,7.06797,0.309,3181.5,5703.485,2.097,1.162,6020.0,0.4403,0
71.0,5.762,0.994,10.1,8.280344,2.162,1.065,5473.0,0.0379,0
526950.0,8.52557,0.215,3487.5,22029.355,0.918,0.862,5547.0,-1.0,0
40368.0,2.56725,1.166,679.8,5203.446,0.933,0.821,5885.0,-1.0,0
305450.0,2.80468,0.405,1509.3,4442.473,0.695,0.665,5220.0,-1.0,0
412550.0,3.40234,0.479,1054.4,20847.062,0.608,0.603,5058.0,0.0,0
78714.0,4.4215,1.287,1307.0,6998.6523,1.211,0.943,6047.0,0.0822,0
252.2,5.628,1.274,19.1,10.819631,1.351,1.34,6881.0,0.9115,0
49.3,2.2,0.679,15.6,11.938858,0.887,1.003,5691.0,0.1018,0
483490.0,8.61629,0.397,2121.8,9708.388,1.312,1.217,6508.0,-1.0,0
48.2,3.88,0.596,13.6,11.723129,1.026,1.092,6158.0,0.3305,0
89.7,1.626,0.155,27.0,21.414711,0.583,0.57,4208.0,0.8733,0
251480.0,4.03025,0.7,2338.3,15679.817,0.795,0.882,5932.0,-1.0,0
200.0,6.19,0.982,45.9,11.801067,0.752,0.791,5593.0,0.9989,0
129.1,3.752,1.196,17.0,8.335669,1.03,1.132,6108.0,-1.0,0
49618.0,13.953,0.559,1292.0,3179.7195,3.981,1.672,5154.0,0.0633,0
16876.0,2.45449,1.224,939.5,1543.4167,0.69,0.666,5009.0,0.0,0
41109.0,4.1768,1.147,285.4,436.86713,1.28,1.015,6287.0,0.0223,0
50.8,1.301,0.288,11.0,10.3683195,0.568,0.574,5037.0,0.9905,0
254.7,2.952,0.659,20.5,8.5434475,0.681,0.657,5176.0,0.9852,0
161390.0,7.59461,0.878,2274.7,16765.291,1.159,1.097,6234.0,0.0,0
40.8,5.771,0.864,12.4,9.124913,1.353,0.988,6276.0,0.9776,0
29.2,15.18,1.04,27.9,8.996354,3.138,1.752,6742.0,0.274,0
121560.0,5.00309,0.871,1545.8,15222.97,1.025,0.99,6105.0,-1.0,0
59.5,3.743,0.402,13.0,9.4107895,0.828,0.796,4895.0,0.6014,0
31.0,3.4844,0.413,5.0,10.710653,1.681,1.148,6600.0,0.4332,0
278.2,3.997,0.582,31.4,12.361612,16.486,2.7,5154.0,0.9795,0
174.9,3.088,0.137,11.9,12.394887,12.581,1.209,4601.0,0.7783,0
78.4,3.987,0.223,16.1,14.2724905,0.763,0.843,5309.0,0.9493,0
60.9,4.081,0.746,16.4,13.244247,0.997,1.072,6108.0,0.2251,0
454.5,61.23,1.208,109.9,19.733057,1.159,1.181,6543.0,0.9945,0
50163.0,4.0537,0.715,239.2,2719.1772,1.219,0.796,5888.0,0.0494,0
1431.0,3.866,0.957,15.6,12.053264,0.628,0.632,4406.0,0.6681,1
54.0,2.57,0.566,5.1,7.8874955,1.864,1.374,6328.0,0.9175,0
192280.0,7.1617,0.814,5083.9,9553.544,0.983,1.048,6151.0,0.3428,0
83468.0,13.3991,0.237,1595.1,2418.022,0.838,0.926,5845.0,0.2131,0
5675.1,3.4079,1.248,197.5,572.669,0.874,0.968,5845.0,0.0,0
901660.0,18.4531,0.642,4885.3,8050.697,2.692,1.945,7598.0,-1.0,0
17703.0,8.0461,0.907,1364.9,1717.3049,2.734,1.346,5524.0,0.268,0
320.4,4.291,1.194,94.0,23.61648,0.816,0.911,5693.0,0.0029,0
516930.0,13.6817,0.285,1694.6,9994.969,1.108,0.875,6315.0,-1.0,0
202490.0,15.0402,0.399,4750.2,9013.35,0.932,1.019,6003.0,0.7091,0
76.7,7.89,0.008,68.2,11.96055,2.037,1.66,6823.0,0.5846,0
114620.0,6.9796,0.965,724.0,2549.221,1.558,1.572,8529.0,0.1418,0
38007.0,2.2828,0.911,87.9,1307.7428,0.794,0.721,5448.0,0.4435,0
68.4,5.891,0.739,10.3,8.937359,1.105,1.145,6387.0,0.6639,0
662830.0,9.43866,0.829,3316.5,14795.117,3.369,1.957,8104.0,-1.0,0
70.8,7.275,0.697,37.9,8.494896,0.996,1.07,6122.0,0.6372,0
91.6,2.732,0.004,12.6,7.6691084,0.882,0.887,5495.0,0.7088,0
121.0,3.053,0.242,10.0,8.241066,0.922,1.036,5807.0,0.0086,0
36.0,1.221,0.097,11.9,9.2776575,3.605,1.621,5176.0,0.9045,0
410720.0,2.74503,0.467,524.8,9404.604,0.737,0.727,4524.0,-1.0,0
240160.0,3.4248,0.712,459.9,17090.652,0.749,0.724,4926.0,-1.0,0
118440.0,3.01179,0.957,2594.9,8053.333,1.345,0.898,5757.0,0.26,0
497.0,1.091,0.369,14.7,11.460257,0.84,0.869,5301.0,0.8639,0
206.8,1.273,0.701,8.9,8.439913,0.55,0.559,3929.0,0.4516,0
936.0,29.122,0.963,49.6,19.788036,2.193,2.069,8691.0,0.4059,0
378.9,24.98,0.938,36.0,14.412345,0.895,0.99,5853.0,0.2632,0
123880.0,7.5583,0.496,1280.3,9217.836,1.094,1.098,6596.0,-1.0,0
125420.0,7.3232,0.935,877.8,3531.5542,1.012,1.065,6363.0,0.0989,0
76.7,3.371,0.523,13.4,9.460423,0.207,0.184,3256.0,0.8368,0
125.9,3.489,0.738,14.2,13.0653105,0.844,0.932,5952.0,0.6418,0
55.5,3.0255,0.728,3.4,9.829932,0.99,0.827,5779.0,0.0667,0
164.9,2.355,0.187,10.9,10.421445,0.847,0.946,5631.0,0.2734,0
376200.0,4.66961,0.518,2731.0,37195.07,1.0,0.927,6153.0,-1.0,0
86.5,1.873,0.717,10.7,9.108955,0.783,0.896,5252.0,0.9732,0
334160.0,6.08966,0.588,4093.9,35257.8,0.945,0.984,5759.0,-1.0,0
21567.0,8.90236,0.004,4262.9,3336.719,2.379,1.041,5750.0,0.0,0
20506.0,1.69459,1.223,997.0,1043.6171,0.816,0.903,5813.0,-1.0,0
141.6,3.399,0.123,23.4,12.698673,0.544,0.569,4373.0,0.8847,0
145.1,4.71,0.188,28.9,11.9268465,0.645,0.712,5092.0,0.9322,0
81.8,3.404,0.591,14.0,8.664175,0.846,0.941,5603.0,0.7428,0
72.6,4.503,0.176,14.0,8.948728,0.777,0.873,5230.0,0.8914,0
49.2,1.861,0.628,14.4,11.583959,1.748,1.343,6487.0,0.8741,0
287600.0,4.50984,0.645,2177.0,4610.6934,0.696,0.668,5081.0,-1.0,0
232470.0,4.61248,0.49,2607.6,5698.0557,1.46,1.257,6728.0,0.0026,0
60334.0,2.6423,1.091,385.4,2844.7083,1.213,0.864,6038.0,-1.0,0
129240.0,4.29947,0.923,3152.6,14969.1,1.94,1.436,7343.0,0.0,0
65411.0,6.6324,0.605,912.0,3401.5417,1.153,0.901,5619.0,-1.0,0
252720.0,8.43812,0.705,1938.7,5939.2256,0.683,0.659,5079.0,0.0363,0
112260.0,3.855,0.957,252.0,4648.02,0.78,0.872,5356.0,0.882,0
151430.0,3.82527,0.856,1752.6,19901.574,1.894,1.499,7207.0,-1.0,0
45.5,2.595,0.28,7.2,7.9788203,0.996,1.07,6122.0,0.4531,0
120250.0,2.90121,0.777,1607.2,1828.4366,0.81,0.907,5546.0,0.3624,0
233340.0,4.16343,0.619,2387.8,23061.596,1.083,0.876,5593.0,-1.0,0
88625.0,8.2852,1.049,977.2,24773.266,3.682,2.068,7624.0,-1.0,0
133320.0,3.9741,0.686,645.9,6088.897,0.7,0.767,4817.0,0.085,0
127970.0,4.14334,0.213,2098.9,4269.7866,0.573,0.561,4340.0,0.0,0
173840.0,4.5776,0.841,422.1,5474.818,1.526,1.283,6604.0,0.0,0
73.5,1.296,0.386,12.3,9.755557,0.975,1.058,6018.0,0.9146,0
439210.0,6.07183,0.459,969.3,44979.66,1.234,1.248,6599.0,-1.0,0
116720.0,47.2475,0.386,3568.1,5202.703,0.737,0.748,5288.0,0.0,0
106530.0,4.16284,0.433,742.1,7120.9536,0.933,1.005,6214.0,0.8839,0
38.8,1.712,0.463,13.4,11.056647,0.761,0.874,5151.0,0.6778,0
459880.0,13.2895,0.003,2599.0,17068.826,0.668,0.659,5229.0,-1.0,0
76826.0,5.49699,1.054,822.9,5828.961,0.971,1.021,6244.0,-1.0,0
224330.0,6.03491,0.756,2941.0,8313.724,1.215,1.055,6085.0,0.1111,0
83412.0,6.83577,0.275,4542.8,5243.204,0.988,0.829,6161.0,0.1823,0
61032.0,10.4532,1.146,370.6,1626.8871,3.461,1.95,8026.0,0.9936,0
119590.0,4.45367,0.954,673.3,2824.9478,1.029,1.099,6109.0,0.0,0
222230.0,10.5972,0.763,1157.6,13889.975,0.758,0.846,5985.0,0.0099,0
58144.0,2.70314,0.879,1144.8,1289.0034,0.519,0.536,4717.0,0.0893,0
28.4,2.263,0.501,16.3,10.786979,2.053,1.129,5800.0,0.9963,0
1520.3,1.67598,1.312,237.7,169.76242,3.928,1.782,6450.0,0.2805,0
323030.0,4.6617,0.596,596.0,1472.2588,1.716,1.343,6987.0,-1.0,0
75590.0,2.24307,1.079,398.1,1812.5457,0.855,0.866,5561.0,0.1725,0
92285.0,5.07707,1.014,3230.4,16176.761,1.689,1.315,6026.0,0.0,0
70355.0,5.2003,0.984,187.0,2460.9387,0.708,0.799,5462.0,0.4898,0
850.5,3.5426,1.247,130.5,27.271313,0.724,0.818,4975.0,0.7286,0
55.9,1.0727,0.524,4.8,8.718766,13.499,1.935,4897.0,0.815,0
86749.0,8.27486,1.04,1451.7,4129.7866,2.747,1.54,6675.0,0.9962,0
116630.0,6.7828,0.982,217.7,225.69688,1.722,1.587,7323.0,0.6884,0
37964.0,3.62479,1.159,386.1,1957.8331,0.743,0.825,5496.0,0.0,0
1840.6,3.1088,1.269,181.4,176.00334,2.389,1.301,6071.0,0.7469,0
181820.0,4.39793,0.651,1564.3,2797.7131,0.863,0.954,5873.0,0.0198,0
67299.0,3.1273,1.076,849.3,2281.505,0.747,0.849,5679.0,0.0,0
13.7,2.95,0.599,9.6,8.268402,1.307,1.105,6168.0,0.8348,0
70.0,2.734,0.455,15.9,12.889453,1.071,1.173,6090.0,0.364,0
276280.0,5.04732,0.269,5286.2,20876.672,1.145,1.049,6507.0,-1.0,0
27.0,1.996,0.651,10.9,10.434645,1.712,1.395,6862.0,0.954,0
152680.0,3.71841,0.88,1120.8,2188.515,1.883,1.424,6700.0,-1.0,0
105350.0,6.23451,0.987,1754.8,2895.6172,0.91,0.999,5955.0,0.0002,0
447720.0,14.8694,0.445,3469.5,21190.113,1.027,0.95,5539.0,-1.0,0
513810.0,6.17216,0.327,1153.4,11945.657,1.0,1.0,5780.0,-1.0,0
251880.0,6.43532,0.465,1496.5,29097.979,0.861,0.771,5807.0,-1.0,0
107380.0,12.5252,0.001,2085.7,2952.7942,1.643,0.921,5226.0,0.0,0
45.9,2.208,0.257,21.4,9.220894,1.405,0.904,6175.0,1.0,0
386680.0,4.77204,0.513,3095.0,16250.8955,0.791,0.884,5618.0,-1.0,0
76231.0,5.88678,0.171,5547.2,7206.972,2.321,1.219,6154.0,0.8749,0
85532.0,6.84353,0.825,1767.8,3651.523,0.932,0.821,5761.0,0.0006,0
2265.0,0.8161,0.442,15.0,22.398544,0.193,0.169,3236.0,0.0224,1
82.6,4.181,0.681,22.5,11.398376,0.942,0.965,6165.0,1.0,0
124880.0,3.71613,0.934,1003.0,4980.3623,1.233,1.211,6826.0,-1.0,0
29.5,1.738,0.369,19.2,11.650965,1.111,1.023,6398.0,1.0,0
91.1,4.161,0.734,15.0,10.898611,0.717,0.731,5402.0,0.0002,0
32096.0,3.18229,1.189,593.6,4060.7317,1.056,1.095,6469.0,0.0,0
13941.0,2.22271,1.237,531.5,1592.999,0.673,0.651,5112.0,0.0,0
113970.0,8.12253,0.294,2152.8,8886.378,1.528,1.252,6327.0,-1.0,0
87537.0,7.8216,1.033,404.8,2523.8948,2.652,1.906,7970.0,0.0468,0
419440.0,4.7565,0.494,1194.9,794.8993,1.299,1.065,6338.0,-1.0,0
93.7,3.829,0.689,45.0,11.029754,2.803,1.385,6240.0,0.7835,0
152.1,4.479,0.519,16.8,10.075876,0.795,0.828,5222.0,0.5774,0
13.4,5.721,0.569,16.0,11.297451,1.984,1.737,7693.0,0.2039,0
66328.0,4.14769,0.381,1107.7,3501.177,0.801,0.786,6081.0,0.0048,0
311860.0,3.9122,0.61,2981.6,30114.742,0.888,0.802,5306.0,-1.0,0
77.5,8.64,1.137,12.5,10.1937,0.911,1.001,5941.0,0.4241,0
232680.0,3.69044,0.778,1959.2,9368.571,0.778,0.871,5481.0,0.038,0
20524.0,2.4602,1.255,347.5,2799.471,1.472,0.89,5791.0,-1.0,0
54.9,3.433,0.779,29.1,12.54859,1.56,1.558,7141.0,0.9814,0
41865.0,9.3564,0.767,1304.8,2060.8857,1.207,1.112,5911.0,0.82,0
497.6,2.283,0.752,7.7,7.4219,0.868,0.963,5668.0,0.9721,0
81901.0,3.515,1.012,395.3,2057.406,0.523,0.553,3887.0,-1.0,0
16676.0,3.82706,1.255,1845.6,3051.2244,1.485,1.312,6496.0,0.9024,0
5880.0,1.9378,1.286,133.4,119.209984,2.178,2.106,8851.0,0.9557,0
8846.9,2.69834,1.252,801.7,1136.3066,15.004,3.512,5210.0,0.8337,0
455660.0,5.9056,0.415,2246.9,12773.515,0.887,0.978,5492.0,-1.0,0
37454.0,2.31547,1.17,873.6,5119.3984,0.901,0.932,6134.0,0.0,0
388000.0,4.43906,0.167,820.9,6237.347,0.739,0.747,5541.0,-1.0,0
15911.0,1.7433,1.213,60.8,22.675352,3.15,1.511,5273.0,0.9026,0
2486.5,2.2613,1.258,200.9,136.53409,0.87,0.806,5157.0,0.9016,0
36784.0,4.65505,1.141,1157.5,2277.6797,4.063,1.795,5146.0,0.2801,0
216.0,0.606,0.318,12.4,7.9397616,0.678,0.759,5414.0,0.9539,0
72609.0,5.2403,1.041,180.0,2093.8186,0.861,0.851,5461.0,0.7282,0
370600.0,2.77023,0.527,1289.0,17552.738,0.511,0.523,4675.0,-1.0,0
70.8,5.187,0.634,16.0,12.093395,1.289,0.963,5576.0,0.135,0
610.2,13.416,1.202,100.8,18.994589,8.586,1.969,4850.0,0.0688,0
217.5,1.102,0.536,10.4,9.119333,0.699,0.696,4606.0,0.1882,0
106050.0,6.2852,0.988,893.0,3890.0283,1.626,1.028,5751.0,0.0,0
40509.0,7.289,0.788,140.4,1501.9526,2.183,0.806,5269.0,-1.0,0
422.9,1.2174,1.171,104.1,24.274488,2.313,1.302,5869.0,0.8203,0
66994.0,2.2033,1.062,152.9,56.17832,0.861,0.842,5551.0,-1.0,0
13859.0,4.367,1.242,331.7,892.98584,1.153,1.178,6484.0,-1.0,0
208730.0,5.06776,0.781,5148.8,10362.109,1.862,1.214,6300.0,0.0,0
129900.0,4.46886,0.815,2435.4,14441.138,1.457,1.242,6225.0,-1.0,0
17369.0,1.30166,0.917,961.9,1180.8059,0.671,0.649,5370.0,0.9862,0
260.1,2.203,0.268,7.8,8.873278,12.787,1.467,4507.0,0.6454,0
108820.0,4.34648,0.961,6873.9,9970.42,0.776,0.796,5143.0,0.1641,0
156250.0,12.4949,0.877,440.0,4181.029,1.636,1.084,6567.0,0.0,0
358890.0,5.00453,0.54,2584.7,10690.468,3.003,2.002,8615.0,-1.0,0
39.1,2.134,0.069,8.2,8.921289,1.797,1.395,6534.0,0.9253,0
174010.0,6.01687,0.612,7486.2,10354.355,1.508,1.156,6237.0,0.9943,0
429760.0,12.8097,0.439,2585.5,39695.543,2.3,1.021,6047.0,-1.0,0
437140.0,5.50262,0.275,5258.2,20156.541,0.991,0.961,5955.0,-1.0,0
195750.0,3.21178,0.359,665.5,7732.065,1.076,0.958,6038.0,0.0,0
3063.0,1.70116,1.308,445.3,934.83826,7.385,2.172,5838.0,-1.0,0
153.0,1.129,0.035,9.8,16.753216,15.63,1.974,4555.0,0.9985,0
32548.0,17.1759,0.375,1708.1,1211.8698,4.33,1.669,4938.0,0.0,0
325700.0,10.5199,0.606,5027.8,32845.676,1.448,1.118,6143.0,-1.0,0
114930.0,6.8413,0.968,861.6,4048.6965,2.347,1.856,8051.0,0.794,0
305230.0,6.98414,0.634,5776.1,19001.207,0.932,1.0,6156.0,-1.0,0
33.6,3.347,0.404,13.0,10.0529375,1.193,1.036,6025.0,0.7511,0
150.9,1.676,0.691,13.8,10.48579,0.852,0.953,5576.0,0.9316,0
125.1,3.52,0.109,12.4,10.601633,0.82,0.92,5438.0,0.9973,0
174200.0,5.09197,0.836,823.8,3106.0845,2.171,1.247,6725.0,0.2316,0
32091.0,3.19585,1.026,2857.7,8612.662,1.232,1.248,6656.0,0.0,0
105.9,1.646,0.378,7.7,8.421863,0.728,0.793,4856.0,0.4155,0
152120.0,4.39594,0.882,1096.1,9171.004,2.779,1.93,7832.0,0.931,0
231000.0,8.853,0.742,2895.8,12854.877,3.478,1.536,5786.0,0.361,0
487820.0,11.0593,0.295,3684.9,9604.212,3.163,2.039,8199.0,-1.0,0
215960.0,4.05643,0.694,2947.8,17189.713,1.91,1.453,6413.0,0.0,0
85309.0,12.2001,0.658,2499.7,3130.3047,1.646,1.08,6225.0,0.0,0
158910.0,5.9498,0.523,840.7,6943.262,0.975,0.923,5806.0,0.0,0
791.6,44.463,1.206,256.3,38.8334,2.191,1.355,6407.0,0.9409,0
199160.0,4.28582,0.804,936.1,11209.847,2.057,0.993,5768.0,0.8515,0
64104.0,4.8798,1.093,669.6,4497.0063,1.924,1.436,6706.0,0.0003,0
69.5,3.076,0.531,13.1,10.544072,0.955,1.038,6045.0,0.871,0
152670.0,4.23892,0.35,1837.9,7390.869,0.867,0.846,5636.0,0.0002,0
885.0,1.00718,1.263,172.7,19.428377,0.942,0.91,6429.0,1.0,0
16188.0,5.71941,1.241,1148.3,2859.2012,1.25,1.261,6640.0,0.5636,0
279650.0,6.00488,0.671,5246.5,12314.379,1.485,1.197,6698.0,-1.0,0
299740.0,4.6373,0.441,2456.3,8823.995,1.014,0.849,6028.0,-1.0,0
224010.0,4.76885,0.75,741.5,4280.2217,2.024,1.521,7360.0,-1.0,0
5663.8,2.558,1.277,178.3,349.87384,0.893,0.929,5615.0,0.0,0
391300.0,4.23835,0.596,1748.3,10346.397,0.621,0.61,4859.0,-1.0,0
327.6,1.602,0.262,20.3,14.081818,0.56,0.59,4551.0,0.1066,0
46802.0,2.36464,0.898,582.0,1693.6122,0.552,0.552,4705.0,0.0,0
137.5,6.19,0.144,9.2,7.6943254,0.715,0.723,4808.0,0.4745,0
120.5,3.839,1.123,19.4,10.345437,0.867,0.958,5904.0,0.3148,0
6782.2,11.0494,0.946,252.3,183.02061,0.804,0.737,5354.0,0.9826,0
7583.4,2.4774,1.276,249.5,414.0475,0.974,1.073,6609.0,0.7493,0
66877.0,5.39796,0.998,1133.5,2873.105,1.178,1.077,6410.0,-1.0,0
28290.0,2.2534,0.917,173.2,1277.6678,0.881,0.97,5968.0,0.4255,0
82.3,5.748,0.563,10.9,7.5739937,0.885,0.974,5584.0,0.8318,0
596.8,3.0999,1.211,57.4,10.321272,0.799,0.786,5210.0,0.9381,0
29.4,4.686,0.991,11.2,11.588787,2.5,1.255,6234.0,0.3258,0
93327.0,12.8716,1.013,201.9,3021.7864,2.345,1.332,6050.0,0.6418,0
57.2,6.209,0.99,13.8,9.947273,0.999,0.896,6057.0,0.4975,0
2671.5,1.02608,1.261,295.6,82.748825,1.036,0.807,5681.0,0.9478,0
72895.0,17.7344,0.248,4563.5,2963.028,2.057,1.24,5653.0,0.3294,0
187430.0,7.1803,0.81,873.7,5937.5747,1.752,1.155,6782.0,0.9418,0
5948.7,40.963,0.626,182.5,23.622097,10.709,1.791,4797.0,0.0,0
1643.5,2.6358,1.264,202.0,352.9586,2.361,1.467,6712.0,0.058,0
266300.0,16.0851,0.653,942.6,2533.9915,0.929,0.797,5956.0,-1.0,0
93.0,0.781,0.612,13.2,10.060088,0.935,1.024,5973.0,0.85,0
237120.0,6.86103,1.494,4484.5,19899.49,3.279,1.45,5160.0,-1.0,0
172130.0,8.3059,0.644,1446.7,5985.5723,0.537,0.574,4969.0,0.0598,0
420.1,0.6743,0.971,44.1,16.333935,0.933,0.868,5638.0,0.9756,0
26068.0,2.09643,1.225,683.7,5735.352,0.622,0.616,5242.0,0.0,0
108500.0,3.6017,0.534,185.1,983.47864,1.233,1.085,6487.0,-1.0,0
520070.0,5.98633,0.364,2039.1,14178.571,0.9,0.782,5497.0,-1.0,0
349110.0,5.64264,0.371,2680.5,42297.773,1.526,1.283,6604.0,-1.0,0
95344.0,3.94526,0.888,1174.5,16412.3,2.059,1.156,6078.0,0.0,0
128.6,3.146,0.124,9.6,8.638941,0.851,0.952,5587.0,0.2469,0
189.9,9.969,0.059,12.3,7.6023917,0.798,0.892,5579.0,0.4409,1
2337.1,5.4932,1.264,215.6,163.33897,1.028,0.925,6181.0,0.2008,0
611520.0,4.89465,0.229,1037.2,1867.5491,1.637,1.449,7358.0,-1.0,0
561690.0,8.17997,0.308,4129.6,18744.709,1.649,1.448,6988.0,-1.0,0
118530.0,2.70353,0.94,548.3,2801.3472,0.655,0.638,5033.0,0.002,0
245320.0,4.80903,0.451,2434.8,4624.558,1.309,1.275,6735.0,-1.0,0
41685.0,8.33598,0.98,2186.0,4029.8372,2.736,1.283,5757.0,0.1215,0
57386.0,5.07753,1.07,1253.6,5357.774,0.709,0.701,4504.0,0.4767,0
324570.0,8.18777,0.614,3481.8,9252.22,1.131,1.162,6461.0,-1.0,0
55965.0,7.8219,1.117,529.0,2159.8782,0.669,0.749,5382.0,0.9979,0
198770.0,4.45367,0.806,2409.8,16558.959,1.254,1.014,6140.0,-1.0,0
179.3,6.975,0.791,9.8,8.96796,0.817,0.913,5602.0,0.7946,0
269520.0,9.49469,0.686,5324.6,1585.6364,2.194,1.142,6331.0,-1.0,0
155120.0,4.37759,0.864,1440.7,9405.26,2.242,1.723,7652.0,-1.0,0
154280.0,2.36064,0.58,781.2,6441.7886,0.715,0.701,5388.0,0.0273,0
60.2,4.219,0.477,15.5,8.133816,0.754,0.786,5413.0,0.4567,0
139.2,0.655,0.242,10.9,8.4888525,0.796,0.89,5595.0,0.9896,0
92511.0,3.2593,1.033,485.0,4630.5156,0.905,0.885,5883.0,0.0,0
1582.2,26.752,0.968,55.2,22.979578,2.299,2.164,8912.0,0.7345,0
170.9,1.11,1.207,25.2,13.334711,0.929,0.0,6032.0,0.9711,0
52760.0,3.76683,0.759,439.3,1355.6526,0.546,0.549,3849.0,-1.0,0
54.8,14.0075,0.981,41.5,11.668316,2.266,1.263,6438.0,0.5175,0
64325.0,2.6005,1.113,252.8,3704.027,0.764,0.702,5631.0,0.0228,0
55123.0,2.8044,1.093,340.4,704.6299,1.0,1.0,5780.0,0.6064,0
70615.0,2.80168,1.072,997.9,7840.81,2.283,1.502,7394.0,0.636,0
110.8,0.4495,0.104,8.6,8.760416,2.095,1.095,5313.0,0.9187,0
58.7,2.399,0.276,13.0,9.039548,1.193,1.26,6469.0,0.9959,0
112150.0,3.86492,0.309,1829.3,7169.2666,1.225,1.151,6368.0,0.0064,0
152.0,15.42,0.296,10.4,7.9458246,1.046,1.102,6258.0,0.0848,0
18.6,3.435,0.057,14.3,10.910735,0.815,0.831,6302.0,0.3229,0
55.4,4.036,0.714,16.5,10.687607,0.787,0.764,5611.0,0.9037,0
147.6,4.296,0.009,13.4,10.339386,0.717,0.72,4753.0,0.9769,0
81.4,4.444,0.57,10.8,8.41551,0.838,0.927,5619.0,0.9933,0
64.6,3.446,0.385,9.5,8.739529,0.741,0.841,5649.0,0.3882,0
148.7,12.0,0.008,9.3,11.53765,2.531,1.806,7064.0,0.8314,0
73.5,7.18,0.27,6.9,8.32201,1.031,1.084,6297.0,0.5737,0
31.1,8.6711,0.649,24.5,11.125593,1.21,1.064,6017.0,0.9222,0
136.3,23.7,1.159,36.9,10.51384,2.407,1.378,5947.0,0.8357,0
29.5,1.679,0.037,13.2,11.369061,1.014,1.067,6210.0,0.9356,0
58.6,2.314,0.025,14.2,10.725665,0.893,1.01,5713.0,0.0121,1
58.7,3.303,0.041,9.7,8.886183,1.326,0.948,5534.0,0.7072,0
198400.0,10.4891,0.313,1942.5,12535.334,3.371,1.112,5180.0,-1.0,0
427950.0,11.8851,0.473,2637.0,15089.309,1.058,1.105,6360.0,-1.0,0
575.9,1.9618,1.196,36.1,14.443006,17.032,1.691,4697.0,1.0,0
774.1,1.4959,1.247,26.1,12.203586,0.956,1.035,5761.0,0.9476,0
55.0,10.052,1.01,25.2,8.80291,5.294,1.932,6431.0,0.7707,0
110.6,0.8927,1.007,1.4,10.0181265,10.105,2.936,6244.0,0.3038,0
15380.0,40.787,0.306,519.2,205.55244,6.447,0.871,4774.0,0.0,0
85.0,2.4428,0.71,43.8,7.790252,2.975,1.504,6228.0,0.826,0
149.0,5.55,1.133,19.6,9.831114,0.966,1.043,6106.0,0.6954,0
57.3,5.189,0.29,26.1,13.6367035,1.967,2.017,8784.0,0.5596,0
74.1,1.955,0.208,11.9,8.32597,10.533,2.615,5000.0,0.6303,0
19268.0,18.8,0.706,13.7,17.860266,1.352,1.003,5845.0,0.8933,0
31.1,2.614,0.368,15.0,8.239934,4.708,1.306,4973.0,1.0,0
51.5,4.808,0.773,17.3,11.689283,7.781,2.703,6691.0,0.6143,0
91.4,0.811,0.083,14.9,10.950261,0.887,0.978,5926.0,0.988,0
50.9,3.231,0.618,27.9,9.753922,1.613,1.108,6266.0,0.6074,0
31.7,3.545,0.128,14.3,8.546892,1.961,0.86,5102.0,0.5889,0
114.8,5.194,0.981,33.3,10.296306,1.032,1.084,6319.0,0.8584,0
63.8,2.893,0.588,16.5,11.893497,1.012,1.117,6063.0,0.906,0
23.0,2.846,0.467,14.3,10.835607,1.603,0.977,6432.0,0.8296,0
93.2,3.813,0.593,18.3,9.035715,0.872,0.968,6215.0,0.9954,0
59.9,2.777,0.01,12.8,8.358847,0.887,0.783,5490.0,1.0,0
64.5,1.73,0.158,2.4,7.335228,0.94,0.874,5766.0,0.8342,0
84633.0,38.8558,0.467,3567.5,356.78256,0.635,0.621,4374.0,-1.0,0
144.1,1.362,0.367,18.1,12.062356,0.908,0.96,5730.0,0.8966,0
31.5,2.16,0.155,12.3,9.9529705,1.734,0.985,5018.0,0.9741,0
26.1,5.148,0.985,28.8,12.163339,1.547,0.958,5616.0,0.9995,0
148.0,28.4832,1.151,31.0,8.938494,2.073,1.268,6183.0,0.7964,0
40.5,16.79,0.988,22.6,12.390906,1.076,0.96,6137.0,0.1141,0
420330.0,15.5056,0.483,1969.5,19001.273,1.13,0.992,5915.0,-1.0,0
417340.0,6.28773,0.479,2236.7,9272.036,0.974,0.797,5620.0,-1.0,0
461960.0,4.16665,0.426,1126.4,63391.19,1.365,1.233,6457.0,-1.0,0
196280.0,8.9592,0.805,6395.7,13999.103,1.464,0.882,6217.0,0.5026,0
37750.0,3.19576,0.952,912.7,1278.7318,0.761,0.734,4936.0,0.8536,0
539180.0,7.70352,0.273,1886.6,7238.858,0.771,0.864,5420.0,-1.0,0
192890.0,73.8068,0.797,8248.4,623.455,14.219,1.95,4857.0,0.0003,0
398.0,13.75,0.329,6.9,7.2276206,1.1,1.188,6268.0,0.2644,0
58.5,2.366,0.449,7.7,7.5917745,0.833,0.925,5813.0,0.1686,0
212530.0,4.18831,0.764,1751.1,7178.434,1.455,1.147,6576.0,-1.0,0
235.9,4.868,0.443,9.3,8.140951,4.298,2.806,9492.0,0.1247,0
56.8,2.285,0.189,9.5,8.332356,0.994,0.837,5470.0,0.0155,0
161.4,0.7656,0.042,77.8,9.054461,1.34,1.205,6045.0,0.9301,0
1944.0,13.486,0.934,15.9,8.60779,0.8,0.841,5606.0,0.148,0
1658.0,2.901,0.329,9.6,8.223518,0.908,0.981,6112.0,0.3676,0
205.1,2.012,0.332,6.8,7.1336327,0.848,0.937,5818.0,0.3091,0
125.2,3.232,0.768,8.2,7.1929727,1.771,1.124,5786.0,0.6108,0
235.1,17.0849,0.64,8.4,8.667117,2.909,1.363,5382.0,0.375,0
714.4,4.564,0.717,13.6,12.511366,0.707,0.698,4450.0,0.2314,1
182.5,6.69,0.052,10.6,7.4145985,0.75,0.72,5010.0,0.7304,0
164.1,0.8358,0.46,20.6,9.583482,2.948,1.515,6240.0,1.0,0
2236.4,4.9,0.935,44.8,29.183687,1.01,1.066,6340.0,0.9929,0
134.4,1.193,0.342,9.2,8.674343,0.935,0.781,5892.0,0.4712,0
19.9,2.145,0.558,8.9,9.152053,4.032,1.774,6894.0,0.9557,0
39.3,0.841,0.664,7.4,9.043147,1.236,1.251,6636.0,1.0,0
1046.2,13.088,0.956,15.7,7.5808687,11.963,1.934,4959.0,0.7698,0
151.2,1.8383,0.626,4.7,9.210644,0.884,0.984,5717.0,0.9186,0
175.1,19.87,0.646,17.0,7.660612,1.73,1.3,6664.0,0.8386,0
243.5,7.627,0.029,5.0,9.309969,1.076,1.126,6306.0,0.0989,0
1257.9,22.414,0.777,21.3,8.71937,0.918,0.838,5845.0,0.2041,0
440.6,7.627,0.088,16.6,9.729291,59.437,1.467,3974.0,0.3685,0
566.9,7.111,1.098,77.7,8.870523,1.215,1.279,6520.0,-1.0,0
385.6,13.999,0.017,17.0,7.406564,8.038,2.394,5096.0,0.6554,0
28.6,2.063,0.054,9.7,7.883851,1.851,1.261,6511.0,0.8377,0
100.1,12.55,0.016,8.7,7.1536813,1.628,0.921,5884.0,0.539,0
77349.0,5.2727,1.036,384.6,63.58368,0.924,0.962,5941.0,0.0348,0
420.2,4.8236,0.093,3.1,7.5186343,1.719,0.975,6045.0,0.4062,0
349.5,20.688,0.912,13.7,9.132104,0.933,0.926,5708.0,0.0068,0
382.7,16.78,0.246,10.3,7.3172426,1.116,0.821,5846.0,0.7532,0
731.0,2.438,0.387,9.8,7.859926,12.048,2.632,4932.0,-1.0,0
4928.8,6.613,1.274,251.4,41.60894,0.882,0.873,5568.0,0.9302,0
212.7,15.38,0.391,12.3,10.301572,1.702,1.115,5845.0,0.1903,0
1363.8,16.97,0.01,16.4,8.45378,0.69,0.768,5188.0,0.8903,0
1966.0,5.702,1.394,8.5,7.448296,0.841,0.939,5648.0,0.1071,0
1298.0,18.494,0.629,13.4,7.134018,0.841,0.939,5648.0,0.05,0
162.0,12.167,0.444,10.8,7.6664257,1.316,1.185,6732.0,0.5814,0
1415.0,3.726,0.324,7.0,7.9720397,21.291,2.075,4742.0,0.0882,0
592.9,7.51,0.295,8.5,7.4592237,0.81,0.743,5334.0,0.8303,0
31.7,3.596,0.627,20.3,11.828938,1.987,1.319,6532.0,0.5079,0
419.1,12.446,0.663,9.1,7.171099,1.087,1.005,6136.0,0.4938,0
226.2,4.637,0.457,9.3,8.501308,0.116,0.094,2661.0,0.163,0
58.6,2.207,0.747,25.1,11.86967,1.007,1.111,6046.0,0.7924,0
719.0,7.28,0.405,8.4,9.949626,0.82,0.916,5665.0,0.0633,0
866.0,10.85,0.189,10.0,7.3089366,0.576,0.606,4403.0,0.0466,0
289.1,9.312,0.11,10.2,8.586791,1.427,1.156,6228.0,0.0998,0
260.2,11.9,0.732,16.4,8.2426,3.308,1.493,6565.0,0.2003,0
1230.0,20.52,0.405,13.7,7.54234,1.024,1.125,6089.0,0.7013,0
387.8,35.42,1.165,19.1,8.831488,2.348,1.299,6122.0,0.9957,0
1272.6,31.46,1.239,20.5,7.294347,0.966,1.03,6296.0,0.2935,0
94.0,2.707,0.382,8.9,27.426477,84.461,1.498,3940.0,0.4015,0
242.5,9.197,0.717,10.8,7.4252834,0.575,0.56,4326.0,0.4202,0
11296.0,15.0,0.966,16.5,11.256061,4.461,0.874,4878.0,-1.0,0
431.8,42.77,1.247,28.2,7.2580624,1.461,1.235,6564.0,0.996,0
87.3,11.438,0.529,15.3,9.834385,4.528,3.472,11357.0,0.0134,0
61.7,1.645,0.533,10.4,8.4102,0.958,1.043,6014.0,0.2361,0
72.7,3.706,0.251,9.2,8.307386,0.753,0.836,4938.0,0.9253,0
39.6,4.156,0.259,10.5,7.742544,1.006,1.063,6223.0,0.9981,0
18.9,2.582,0.29,8.4,8.6427,1.087,1.131,6367.0,0.9344,0
696.9,15.396,0.214,12.9,7.8583794,0.752,0.744,4594.0,0.0401,0
432.6,2.285,0.558,7.7,7.51491,7.068,0.882,4763.0,0.2432,0
367.6,4.52,1.204,8.6,7.113357,2.29,1.252,6056.0,0.6343,0
81.0,12.62,0.449,9.2,10.831279,0.515,0.533,3778.0,0.0053,0
299.3,8.93,0.005,9.2,7.1159897,1.255,1.009,5533.0,0.6288,0
415.1,11.39,0.39,9.5,10.039756,1.0,1.0,5780.0,0.206,0
834.9,19.4,0.37,12.1,7.6106863,0.853,0.949,5743.0,0.1286,0
631.0,10.53,0.537,8.5,7.4638596,0.872,0.833,5511.0,0.9691,0
719.9,19.95,0.357,12.9,7.446954,0.94,1.013,6106.0,0.3607,0
1385.0,4.069,0.088,9.5,8.991948,19.813,3.549,5013.0,-1.0,0
98.1,3.842,0.084,12.6,9.449483,0.808,0.903,5628.0,0.4808,0
31.3,3.385,0.277,9.9,8.961337,1.131,1.17,6363.0,0.9967,0
34.3,3.074,0.096,7.3,7.839946,1.094,0.976,5593.0,0.9715,0
49.9,3.629,0.167,11.6,10.029812,0.887,0.968,6102.0,0.9448,0
61.3,4.344,0.401,10.3,8.372116,0.883,0.982,5734.0,0.4476,0
2060.7,12.009,0.842,25.7,11.023978,0.608,0.65,5250.0,0.1015,0
360.7,7.99,1.194,6.3,11.249644,1.433,1.043,6743.0,0.0,0
2568.0,10.869,0.654,11.9,12.306401,12.868,3.083,5083.0,0.696,0
389.3,5.503,1.141,22.1,10.73477,1.96,1.181,6793.0,0.9969,0
403.9,11.24,0.006,11.1,8.058489,0.945,1.0,5947.0,0.9083,0
1370.0,14.197,0.039,15.9,8.669573,0.581,0.582,3749.0,0.2782,0
519.1,25.36,0.922,14.4,7.6460996,1.045,1.109,6164.0,0.1113,0
151.6,17.03,0.626,10.1,8.54988,1.471,1.155,6740.0,0.0,0
1330.0,4.76,0.947,10.1,8.253642,3.0,0.989,5078.0,0.2426,0
232.8,11.683,0.013,9.0,7.4239483,0.973,1.055,6032.0,0.4043,0
5058.0,20.18,1.26,15.9,8.720685,0.655,0.641,4559.0,0.3217,0
184.8,9.98,0.288,7.2,8.059101,1.191,0.794,6070.0,0.1864,0
55.6,3.747,0.312,10.5,8.714329,0.82,0.916,5665.0,0.6766,0
30.0,2.544,0.004,8.4,7.283076,0.796,0.89,5595.0,0.9978,0
56.5,3.182,0.297,9.5,7.4996095,0.54,0.545,3885.0,0.795,0
17.0,2.591,0.413,7.9,7.328449,0.983,0.995,6221.0,0.9747,0
35.1,4.517,0.21,10.8,7.846678,0.95,0.969,6028.0,0.6658,0
57.8,3.504,0.505,8.4,8.053959,0.846,0.932,5978.0,0.97,0
31.2,3.052,0.534,8.2,7.943396,1.017,0.991,5984.0,0.6172,0
438.7,14.85,0.601,11.9,10.018782,0.925,1.039,5818.0,0.596,0
1001.4,18.11,0.025,12.2,7.777109,0.877,0.891,5587.0,0.1979,0
184.4,13.39,0.671,12.4,7.215234,1.812,1.174,6486.0,0.0968,0
226.2,18.71,1.277,15.1,8.287655,2.677,2.873,10974.0,0.0054,0
22.9,4.572,0.193,9.1,7.3753715,1.13,0.987,5860.0,0.6031,0
231.2,1.5368,0.042,33.7,9.24758,1.075,1.124,6322.0,0.912,0
227.4,9.33,0.04,8.6,8.275805,1.616,0.889,5548.0,0.3933,0
115.4,5.12,0.398,9.4,7.164427,0.782,0.872,5715.0,0.2231,0
845.6,8.489,0.749,17.4,7.2638607,11.839,3.083,5386.0,0.8247,0
417.0,21.09,0.341,13.2,7.30823,0.969,1.048,6075.0,0.0471,0
84.9,15.97,0.164,10.6,7.808413,1.288,0.865,5618.0,0.5299,0
1033.4,13.553,0.338,15.1,7.3431087,8.522,1.129,4787.0,0.9388,0
268.2,20.05,0.141,11.5,7.5713367,0.941,1.001,6420.0,0.122,0
48.3,2.196,0.13,8.5,9.232281,0.571,0.572,4891.0,-1.0,0
96883.0,4.50475,1.009,949.0,4700.6523,1.523,1.415,7031.0,0.0385,0
19.7,4.866,0.033,8.1,7.188303,2.682,1.38,5657.0,0.7689,0
127.7,2.7993,0.212,2.6,7.592254,0.807,0.856,5796.0,0.3089,0
66.7,3.001,0.685,20.7,9.741476,0.959,1.005,5883.0,0.8633,0
362.9,16.121,0.024,16.0,7.1882377,4.486,1.049,4959.0,0.035,0
341.1,5.1149,0.802,11.6,7.693774,2.623,1.542,6785.0,0.7944,0
195.8,3.703,0.036,9.2,7.255176,1.976,1.526,7021.0,0.6252,0
231.2,19.722,0.8,13.1,13.65705,14.706,3.02,4769.0,0.6624,0
556.4,5.393,0.258,10.2,7.2885313,6.775,2.063,5128.0,0.0495,0
780.6,5.156,0.281,9.5,8.864173,0.889,0.977,6251.0,0.0438,0
1017.7,26.96,1.297,13.0,7.384065,0.951,1.065,5900.0,0.1019,0
1024.3,5.007,0.386,13.2,7.406854,2.799,0.834,5059.0,0.9088,0
100890.0,2.8424,0.987,317.3,729.6484,0.978,0.772,5826.0,1.0,0
228.4,7.003,0.019,11.4,7.193638,6.443,1.546,4785.0,0.034,0
342.0,4.411,0.765,13.1,9.175908,1.161,1.183,6525.0,0.9814,0
268.8,5.422,0.742,14.9,12.122539,0.919,1.014,5849.0,0.6514,0
233.3,7.035,1.139,104.2,13.167665,1.282,1.083,6315.0,0.6681,0
35.8,2.592,0.649,8.3,8.695949,2.297,1.511,6947.0,0.3964,0
192.9,4.303,0.022,16.8,11.747954,89.878,0.833,3674.0,-1.0,0
381.1,7.394,0.498,7.9,7.1369853,0.919,1.014,5849.0,0.2237,0
788.8,18.5,0.555,13.2,8.53636,0.818,0.905,5477.0,0.2988,0
730.5,12.351,0.519,15.0,7.3138347,0.822,0.733,5518.0,0.3786,0
622.3,28.37,0.834,16.2,8.279686,0.945,1.023,6131.0,0.2019,0
541.6,23.66,0.094,11.6,8.383834,0.81,0.781,4875.0,0.0002,0
207.8,3.94,0.662,7.2,7.23092,1.125,1.207,6321.0,0.9605,0
602.0,4.817,0.011,6.8,7.751527,0.824,0.919,5657.0,0.1292,0
695.0,4.124,0.016,7.7,7.796777,0.926,0.828,5291.0,0.8441,0
408.5,3.631,0.526,6.6,7.1909003,2.578,1.717,6832.0,0.322,0
264.9,12.3,0.128,8.6,7.358495,0.754,0.845,5162.0,0.4077,0
29.4,2.4,0.223,6.2,7.425287,1.076,1.13,6249.0,0.948,0
74936.0,8.7303,0.954,808.9,807.6118,1.195,1.034,6167.0,-1.0,0
992.8,3.8022,1.243,178.0,14.251412,3.512,2.011,7030.0,0.7284,0
47.0,6.656,0.322,10.4,8.593861,0.98,1.042,6181.0,0.6728,0
70.1,6.5,0.025,7.4,8.862663,1.213,1.045,6293.0,0.8868,0
627.7,2.884,0.011,10.8,7.117375,3.207,1.27,5216.0,0.6953,0
50.3,1.2517,0.389,4.4,7.5358043,4.717,1.673,5180.0,0.8632,0
49.7,2.738,0.597,10.5,8.130128,3.41,1.67,6619.0,0.1013,0
408.3,12.822,0.483,7.1,7.7770205,1.125,1.207,6321.0,0.2942,0
72.6,10.14,0.037,8.1,7.248563,1.187,0.993,6137.0,0.009,0
896.0,4.911,0.29,10.7,7.385894,7.619,2.124,4994.0,0.3976,0
479.5,15.37,0.504,12.4,9.752224,0.887,0.936,5412.0,0.0012,0
293.9,4.458,0.14,9.7,7.534902,1.794,1.104,5335.0,0.3612,0
213.5,19.53,0.259,12.0,8.271926,1.5,1.068,6382.0,0.5085,0
5332.7,16.42,0.718,206.2,121.43252,1.312,1.24,6221.0,0.0803,0
141450.0,5.1609,1.757,206.3,479.74585,1.18,1.242,6424.0,-1.0,0
300.6,3.464,0.001,7.8,7.2982697,1.171,1.143,6469.0,0.218,0
179.6,18.94,0.433,8.4,7.629894,1.326,1.017,5770.0,0.0001,0
307.6,3.554,0.099,7.7,7.2117453,0.827,0.777,5119.0,0.2436,0
642.0,6.989,0.297,6.8,7.2962074,0.679,0.755,5205.0,0.0182,0
115.7,2.952,0.18,6.7,7.5677705,0.848,0.896,5299.0,0.6105,0
248.1,7.976,0.004,8.2,7.152329,0.833,0.923,5882.0,0.3547,0
99.4,1.998,0.078,9.3,8.51923,0.909,0.795,5455.0,0.5374,0
172.7,0.906,0.468,16.1,11.694519,0.898,0.99,6290.0,0.8312,0
236.7,3.84,0.797,10.3,8.236689,0.949,0.948,6032.0,0.907,0
383.9,3.276,0.726,7.9,7.1291428,1.131,1.219,6218.0,0.8461,0
817.0,3.892,0.037,8.3,7.5647364,0.526,0.522,4393.0,0.0725,0
7676.4,3.9174,1.269,73.3,70.42667,0.958,1.043,6014.0,-1.0,0
277.2,12.37,0.508,10.3,7.7990594,0.977,0.998,6428.0,0.0831,0
898.9,15.3614,0.331,7.5,7.19511,0.81,0.907,5546.0,-1.0,0
1361.0,3.539,0.017,18.5,9.369595,10.788,1.66,4575.0,0.3262,0
1064.0,1.919,0.042,8.0,7.4072905,0.452,0.467,3710.0,0.165,0
1071.3,16.64,1.294,14.6,11.052058,0.776,0.85,5755.0,0.5786,0
162.6,1.107,0.386,6.6,7.20112,1.197,0.917,5860.0,0.3195,0
2498.0,38.14,1.276,28.5,8.149576,1.002,1.081,6047.0,0.3787,0
65.9,10.534,0.062,16.1,9.966466,1.996,2.332,9935.0,0.0,0
515.7,4.891,0.679,7.9,7.1663666,1.055,1.06,6129.0,0.6972,0
230.5,1.51,0.554,7.5,7.2153487,1.172,1.253,6311.0,0.3826,0
2359.0,1.049,0.631,12.4,9.131409,1.0,1.0,5780.0,0.9981,0
41.0,2.783,0.62,21.8,12.920246,1.001,0.965,5887.0,0.9494,0
130.7,2.262,0.31,9.9,7.968883,0.614,0.6,4327.0,0.902,0
287.6,2.836,0.135,15.7,10.088734,0.815,0.911,5296.0,0.998,0
132.3,6.862,0.846,11.8,8.287662,0.427,0.438,3745.0,0.585,0
28.3,1.631,0.216,13.5,11.366292,2.637,1.386,6762.0,0.938,0
337.1,3.401,0.643,8.5,7.284795,8.243,2.118,5282.0,0.0353,0
21.6,2.72,0.801,20.6,9.865548,1.315,0.991,6124.0,0.8717,0
99.3,13.395,0.647,18.0,9.6876745,0.99,0.968,5953.0,0.8903,0
2494.0,3.686,1.266,18.0,19.863651,1.093,1.121,6289.0,0.9125,0
2124.0,6.013,1.259,19.4,18.454401,1.093,1.121,6289.0,0.0036,0
309.3,10.959,0.506,11.9,8.579157,1.155,1.183,6450.0,0.5758,0
324.4,15.925,0.175,11.4,8.040042,1.076,1.169,6214.0,0.3069,0
186.2,23.94,0.006,13.9,7.351427,1.555,1.199,6179.0,0.0243,0
357.7,11.48,0.008,10.4,9.013233,0.897,0.97,6008.0,0.0346,0
500.8,15.05,0.279,8.9,9.482456,0.975,1.058,6018.0,-1.0,0
1330.2,36.29,1.22,22.7,8.04232,0.941,0.959,6063.0,0.9269,0
456.6,10.0734,0.037,10.8,7.334533,1.033,1.035,6388.0,0.8313,0
427.1,1.764,0.896,7.5,7.473953,0.648,0.707,4559.0,0.5225,0
743.7,15.51,0.479,10.3,7.8896194,0.847,0.796,5425.0,0.0809,0
1193.1,17.227,0.69,28.4,7.9441648,15.075,2.683,5323.0,0.4831,0
43.6,1.515,0.563,6.9,7.3827376,0.836,0.767,5349.0,0.6121,0
158.0,1.5337,0.29,5.3,8.062453,0.224,0.202,3274.0,0.9887,0
31355.0,4.846,1.198,137.3,72.1689,2.859,1.834,8059.0,-1.0,0
32.2,2.628,0.275,6.5,10.834569,0.993,1.101,6014.0,-1.0,0
39.1,2.032,0.375,9.7,8.163362,1.112,1.157,6325.0,0.4311,0
68633.0,1.7939,1.052,122.3,11.684912,1.0,1.0,5780.0,0.9938,0
400.2,2.601,0.571,8.6,7.147773,12.39,2.844,5008.0,0.0209,0
87321.0,4.6545,1.032,190.6,1129.1145,1.704,1.343,6929.0,0.3468,0
809.0,10.84,0.026,8.7,8.06383,0.798,0.888,5652.0,0.0036,0
1435.0,21.92,0.954,17.0,8.002524,1.068,1.061,6060.0,0.3295,0
1116.0,16.102,0.935,12.3,8.063917,1.068,1.061,6060.0,0.0104,0
307.7,24.04,0.512,14.2,7.501077,0.744,0.833,5374.0,0.0,0
167.5,3.341,0.192,8.7,7.268483,0.877,0.973,5815.0,0.723,0
512.7,10.857,0.021,9.2,7.3495703,0.887,0.972,5911.0,0.0242,0
144.4,10.691,0.539,11.4,9.725974,1.234,0.909,5804.0,-1.0,0
313.8,12.24,0.602,10.2,7.578199,0.869,0.95,5659.0,0.4846,0
587.0,3.59,0.003,6.4,7.105086,0.736,0.821,5094.0,0.5866,0
82.9,2.099,0.428,9.5,8.174699,0.686,0.762,5044.0,0.9592,0
47.4,1.021,0.361,7.6,7.363682,0.925,0.954,5793.0,0.8979,0
129.6,9.594,0.705,10.9,7.5143948,1.177,1.051,6165.0,0.1122,0
1780.0,19.4,1.254,14.4,7.7905183,0.85,0.951,5189.0,0.9951,0
753.1,14.78,0.518,13.4,8.521171,1.076,1.126,6306.0,0.4133,0
81.6,2.853,0.098,8.7,8.076329,1.022,1.133,5977.0,0.3477,0
115.8,4.68,0.699,8.1,7.5304723,1.712,1.386,6654.0,0.3169,0
3090.0,2.9,0.017,8.6,10.949616,1.004,1.033,5979.0,0.9687,0
281.8,2.784,0.863,7.3,7.235026,0.712,0.674,5412.0,0.4797,0
721.0,8.603,0.36,9.6,7.211609,0.73,0.816,5254.0,0.8292,0
432.6,8.73,0.174,8.1,7.900147,0.94,1.032,5910.0,0.8116,0
145.9,4.739,1.158,8.9,8.071877,0.52,0.548,3932.0,0.1314,0
172.8,4.511,0.014,10.3,7.2582016,6.891,2.282,5166.0,0.1263,0
30.4,10.4,0.787,10.0,7.2271476,1.03,1.132,6108.0,0.8956,0
672.0,12.15,0.476,7.7,7.3023725,0.863,0.959,5764.0,0.7902,0
263.0,30.94,0.962,17.0,8.732698,1.089,1.025,6227.0,0.5535,0
1178.0,20.37,0.031,9.1,7.6799603,0.466,0.476,3737.0,0.3257,0
738.6,15.48,0.633,11.2,8.487341,0.863,0.953,5931.0,-1.0,0
508.3,13.608,0.4,18.1,7.883763,0.95,0.832,5359.0,0.0553,0
74.9,7.35,0.383,8.6,7.550752,0.78,0.875,5390.0,0.9168,0
116.2,4.435,0.673,7.3,7.491992,1.298,0.891,5678.0,0.3678,0
477.3,2.97,0.157,10.2,7.2122207,6.69,1.587,5125.0,0.2133,0
412.0,2.749,0.02,6.8,7.122034,1.187,1.182,6477.0,0.2082,0
262.8,7.159,0.548,8.8,7.912527,0.943,1.02,6146.0,0.1175,0
760.5,19.76,0.151,15.9,7.710121,0.826,0.918,5482.0,0.1379,0
134.0,2.81,0.025,23.3,8.6288805,1.134,1.174,6353.0,0.7055,0
1706.0,5.7,0.006,8.0,7.267168,0.174,0.155,3358.0,0.8517,0
28078.0,1.36737,1.184,665.5,564.1005,1.843,0.821,5398.0,0.999,0
50.5,1.683,0.27,10.0,9.037796,1.676,1.325,6325.0,0.192,0
27.1,5.158,0.326,15.5,9.596163,0.837,0.928,5852.0,0.2896,0
162.2,3.122,0.021,18.1,9.435042,0.734,0.686,5460.0,0.4632,0
5132.1,9.666,0.819,60.2,64.76954,1.017,1.069,6339.0,0.5377,0
212.2,11.838,1.169,94.0,11.88649,2.646,1.179,6184.0,0.4806,0
117.5,0.879,0.11,10.8,8.69944,1.044,1.096,6309.0,0.988,0
1812.6,0.677,1.264,130.7,8.991725,0.774,0.724,5240.0,-1.0,0
11.4,1.803,0.636,10.1,7.748066,1.197,1.064,6306.0,0.972,0
17283.0,35.35,0.779,14.4,9.145119,0.646,0.645,4070.0,-1.0,0
151.2,10.613,0.478,15.1,8.683567,1.825,1.173,6164.0,0.0979,0
16650.0,20.17,1.217,17.5,9.209935,0.663,0.65,4538.0,0.0235,0
150.4,8.74,0.034,8.6,7.1909966,1.007,0.934,5786.0,0.989,0
126.2,4.76,0.119,14.3,7.412799,0.696,0.69,4604.0,0.316,0
408.2,12.91,0.003,7.4,7.479051,0.636,0.678,4988.0,0.8617,0
27.3,3.027,0.035,9.7,8.412942,1.078,1.129,6292.0,0.911,0
428.0,4.891,0.025,9.8,7.289354,9.888,2.814,5348.0,0.2078,0
247.8,11.3,0.243,6.8,7.1533694,0.97,0.996,6000.0,0.0239,0
715.7,3.872,0.848,13.2,11.127462,0.994,1.005,5903.0,0.0794,0
69.5,2.538,0.023,10.9,8.62329,0.833,0.925,5813.0,0.8901,0
11.9,3.962,0.454,7.4,11.273222,1.935,1.91,8133.0,0.0879,0
35.8,3.16,0.815,12.1,11.446167,0.887,0.93,6071.0,0.7025,0
66.6,3.63,0.462,10.1,8.624144,1.095,1.143,6310.0,0.6767,0
105.5,4.947,0.711,13.6,9.7367115,1.038,1.1,6184.0,0.0141,0
876.0,3.9,0.741,6.8,7.122703,0.727,0.81,4987.0,0.7369,0
206.6,17.54,0.787,13.6,7.386037,1.333,0.779,6050.0,0.9129,0
92.9,5.92,0.012,6.0,10.837857,1.401,1.172,6335.0,0.564,0
10579.0,10.716,0.916,675.9,28.303905,2.404,2.995,15896.0,0.955,0
708.7,3.689,0.023,9.5,8.03421,0.813,0.924,5380.0,0.0886,0
893.9,21.6,1.219,13.7,11.356028,0.771,0.861,5303.0,0.0485,0
659.0,12.77,0.313,9.7,10.646816,1.088,0.829,5790.0,-1.0,0
239.6,14.102,0.431,11.2,8.385358,0.668,0.704,5061.0,0.0175,0
423.7,13.53,0.039,12.0,7.774663,2.816,1.168,5103.0,0.0082,0
327.4,5.087,0.158,8.7,8.150614,2.937,1.657,7056.0,0.0058,0
2319.8,6.0828,1.268,301.7,62.592686,0.958,1.043,6014.0,0.8215,0
132.3,21.69,0.587,10.9,8.142348,1.336,0.974,5676.0,0.8828,0
807.2,3.0246,0.287,5.7,7.5996466,0.828,0.92,5677.0,0.7944,0
279440.0,7.27446,0.681,6351.7,10989.512,1.365,0.908,5959.0,-1.0,0
30.2,1.295,0.157,8.0,12.291766,38.446,1.874,4067.0,0.5724,0
48.7,4.74,0.397,8.7,7.661505,0.892,0.821,5161.0,0.5664,0
27.4,4.143,0.295,11.6,8.361933,1.157,1.133,6600.0,0.49,0
523.4,18.34,0.519,9.0,7.62965,0.925,1.008,6060.0,0.964,0
4691.5,2.162,0.833,83.9,154.03111,1.125,1.207,6321.0,0.9786,0
750.9,2.93,0.165,12.1,8.187306,6.877,1.996,4915.0,0.6762,0
521.0,11.02,0.102,7.7,7.3351774,0.887,0.968,6102.0,0.8533,0
225.6,5.692,0.446,7.9,8.607452,1.895,0.989,5271.0,0.4119,0
184.1,4.984,0.093,8.5,7.1529336,0.717,0.754,5053.0,0.4913,0
371.7,5.398,0.476,9.9,8.32845,0.965,1.08,5672.0,0.0025,0
176.1,7.165,0.73,8.3,8.167797,1.262,1.236,6299.0,0.0076,0
389.6,8.59,0.895,16.0,7.806453,3.41,1.67,6619.0,0.2231,0
168.4,3.3549,0.085,5.3,9.076957,2.054,1.382,6645.0,0.2133,0
274.8,21.669,0.92,24.4,7.966567,1.066,0.998,6158.0,-1.0,0
648.1,17.77,0.007,10.5,9.760221,0.318,0.32,3439.0,0.0003,0
120.3,11.055,0.01,10.0,7.5818043,1.44,0.895,6596.0,-1.0,0
730.0,27.66,0.963,18.5,8.046221,0.699,0.668,5263.0,0.2691,0
87.7,4.806,0.765,8.4,7.634808,1.088,0.856,5638.0,0.9073,0
1579.2,3.2221,1.252,453.3,223.1414,0.903,1.005,5638.0,-1.0,0
103.6,0.865,0.147,12.3,9.653322,1.041,1.104,6173.0,0.9995,0
76.7,3.078,0.134,8.2,7.16794,1.193,1.26,6469.0,0.1174,0
